cliente_id;nombre_cliente;edad;ingreso_estimado;ciudad;segmento_cliente;total_saldo;total_cupo;cantidad_productos;Education;Entertainment;Food;Fuel;Health;No Aplica;Others;Streaming;Supermarket;Technology;Travel;consumo_total;segmento_conductual
C000001;Cliente 0001;37,0;5885,36;Guayaquil;Affluent;16316,25;6200,0;2;0,0;449,07;281,67;0,0;55,6;0,0;217,78;757,75;390,75;1231,5;0,0;3384,12;General Shopper
C000002;Cliente 0002;55,0;651,61;Loja;Pyme;73539,54;800,0;2;0,0;0,0;0,0;74,31;0,0;0,0;67,63;27,66;41,73;0,0;0,0;211,32999999999998;General Shopper
C000003;Cliente 0003;31,0;2471,02;Manta;Affluent;2135,69;6600,0;1;0,0;306,26;456,69;0,0;0,0;0,0;130,06;0,0;0,0;0,0;147,89;1040,9;General Shopper
C000004;Cliente 0004;53,0;2186,7;Guayaquil;Mass;3016,39;0,0;1;0,0;0,0;0,0;0,0;0,0;0,0;0,0;0,0;0,0;0,0;0,0;0,0;Sin Consumo
C000005;Cliente 0005;45,0;3223,56;Manta;Premium;28997,68;0,0;2;0,0;0,0;0,0;0,0;0,0;0,0;0,0;0,0;0,0;0,0;0,0;0,0;Sin Consumo
C000006;Cliente 0006;38,0;898,59;Manta;Affluent;21375,74;1400,0;3;0,0;0,0;48,3;0,0;29,73;0,0;0,0;0,0;0,0;73,84;56,68;208,55;General Shopper
C000007;Cliente 0007;49,0;2302,95;Quito;Affluent;1600,2;6400,0;1;0,0;0,0;222,89;0,0;67,76;0,0;0,0;0,0;32,58;0,0;521,4100000000001;844,6400000000001;Travel Lover
C000008;Cliente 0008;44,0;3050,52;Ambato;Pyme;70180,93;6200,0;4;0,0;0,0;1108,78;0,0;437,34;0,0;106,31;319,45;146,44;0,0;540,66;2658,9799999999996;General Shopper
C000009;Cliente 0009;36,0;350,0;Quito;Joven;6183,17;500,0;4;31,52;95,67;39,94;0,0;0,0;0,0;0,0;36,99;0,0;0,0;0,0;204,12;General Shopper
C000010;Cliente 0010;45,0;695,13;Quito;Mass;4878,84;2000,0;2;81,11;104,1;0,0;61,269999999999996;217,17000000000002;0,0;19,31;40,66;64,09;9,59;43,65;640,95;General Shopper
C000011;Cliente 0011;36,0;964,58;Guayaquil;Mass;4164,41;0,0;1;0,0;0,0;0,0;0,0;0,0;0,0;0,0;0,0;0,0;0,0;0,0;0,0;Sin Consumo
C000012;Cliente 0012;33,0;929,56;Cuenca;Mass;45251,35;1400,0;2;0,0;0,0;87,45;0,0;0,0;0,0;0,0;121,72;0,0;90,49000000000001;0,0;299,66;General Shopper
C000013;Cliente 0013;47,0;720,55;Quito;Mass;77635,05;1500,0;3;0,0;102,03;12,59;0,0;41,7;0,0;0,0;0,0;69,57;0,0;0,0;225,89;General Shopper
C000014;Cliente 0014;18,0;731,54;Quito;Mass;70699,41;1500,0;3;0,0;0,0;34,61;0,0;0,0;0,0;0,0;0,0;0,0;174,47;0,0;209,07999999999998;Tech Lover
C000015;Cliente 0015;61,0;474,67;Ambato;Mass;28404,99;800,0;2;19,97;126,77000000000001;0,0;0,0;0,0;0,0;0,0;0,0;50,51;96,42999999999999;43,17;336,85;General Shopper
C000016;Cliente 0016;47,0;622,99;Guayaquil;Mass;5388,6900000000005;800,0;2;0,0;166,88;0,0;233,16;42,91;0,0;42,02;0,0;4,65;0,0;25,16;514,78;General Shopper
C000017;Cliente 0017;46,0;612,39;Loja;Mass;11701,54;1400,0;2;0,0;0,0;23,23;0,0;164,02999999999997;0,0;0,0;13,94;0,0;0,0;141,10999999999999;342,30999999999995;General Shopper
C000018;Cliente 0018;42,0;505,61;Manta;Mass;1595,3500000000001;600,0;2;0,0;175,66000000000003;0,0;0,0;0,0;0,0;0,0;240,71;0,0;40,92;0,0;457,29;Streaming Lover
C000019;Cliente 0019;41,0;1682,29;Guayaquil;Premium;6599,08;2200,0;2;0,0;56,55;71,77;0,0;0,0;0,0;0,0;0,0;170,52;260,63;510,37;1069,8400000000001;General Shopper
C000020;Cliente 0020;48,0;600,42;Guayaquil;Mass;73749,25000000001;1000,0;3;59,050000000000004;0,0;0,0;0,0;0,0;0,0;0,0;96,87;88,33000000000001;0,0;0,0;244,25000000000003;General Shopper
C000021;Cliente 0021;31,0;997,11;Quito;Mass;670,79;2200,0;1;0,0;189,76;0,0;61,24;134,9;0,0;69,18;0,0;46,49;0,0;0,0;501,57000000000005;General Shopper
C000022;Cliente 0022;49,0;855,9;Manta;Mass;5571,35;0,0;2;0,0;0,0;0,0;0,0;0,0;0,0;0,0;0,0;0,0;0,0;0,0;0,0;Sin Consumo
C000023;Cliente 0023;41,0;3313,83;Quito;Affluent;85891,68;0,0;3;0,0;0,0;0,0;0,0;0,0;0,0;0,0;0,0;0,0;0,0;0,0;0,0;Sin Consumo
C000024;Cliente 0024;53,0;599,45;Guayaquil;Mass;1707,5300000000002;1300,0;2;0,0;16,79;88,77;90,89999999999999;0,0;0,0;0,0;55,87;83,19;7,64;28,73;371,89;General Shopper
C000025;Cliente 0025;26,0;350,0;Manta;Joven;3577,25;500,0;3;0,0;63,21;26,72;121,9;13,45;0,0;0,0;2,46;0,0;24,759999999999998;112,21000000000001;364,71000000000004;General Shopper
C000026;Cliente 0026;18,0;784,0;Quito;Mass;1029,3;1700,0;1;0,0;0,0;0,0;0,0;0,0;0,0;11,24;105,97;0,0;48,63;16,51;182,35;Streaming Lover
C000027;Cliente 0027;18,0;1471,27;Guayaquil;Mass;6734,65;4000,0;2;0,0;0,0;38,39;0,0;0,0;0,0;0,0;44,9;79,49000000000001;59,35;82,73;304,86;General Shopper
C000028;Cliente 0028;18,0;781,82;Loja;Mass;12079,640000000001;1700,0;2;0,0;57,16;0,0;0,0;0,0;0,0;64,83;0,0;154,0;27,28;0,0;303,27;General Shopper
C000029;Cliente 0029;28,0;632,38;Guayaquil;Joven;2460,23;1300,0;2;0,0;0,0;210,29;0,0;0,0;0,0;48,94;37,21;32,27;0,0;75,31;404,02;Food Lover
C000030;Cliente 0030;37,0;1002,91;Quito;Joven;1549,1;2400,0;2;135,35;27,66;48,79;40,2;105,86;0,0;192,82;43,63;386,17999999999995;0,0;0,0;980,49;General Shopper
C000031;Cliente 0031;48,0;1683,31;Quito;Joven;35564,69;2300,0;2;79,71;294,01;357,46;0,0;86,12;0,0;145,41;0,0;0,0;123,48;0,0;1086,1899999999998;General Shopper
C000032;Cliente 0032;19,0;2495,57;Quito;Affluent;23967,69;0,0;1;0,0;0,0;0,0;0,0;0,0;0,0;0,0;0,0;0,0;0,0;0,0;0,0;Sin Consumo
C000033;Cliente 0033;45,0;2874,75;Ambato;Pyme;20099,62;0,0;3;0,0;0,0;0,0;0,0;0,0;0,0;0,0;0,0;0,0;0,0;0,0;0,0;Sin Consumo
C000034;Cliente 0034;39,0;4102,36;Quito;Premium;18395,55;0,0;1;0,0;0,0;0,0;0,0;0,0;0,0;0,0;0,0;0,0;0,0;0,0;0,0;Sin Consumo
C000035;Cliente 0035;36,0;2601,37;Guayaquil;Pyme;73945,79;7500,0;4;0,0;906,79;136,7;0,0;0,0;0,0;175,9;500,81;0,0;0,0;0,0;1720,2;General Shopper
C000036;Cliente 0036;18,0;1709,76;Cuenca;Mass;80073,69;4800,0;4;0,0;135,89;508,25;0,0;0,0;0,0;547,13;0,0;168,75;122,9;0,0;1482,92;General Shopper
C000037;Cliente 0037;46,0;2294,24;Guayaquil;Pyme;40324,0;0,0;2;0,0;0,0;0,0;0,0;0,0;0,0;0,0;0,0;0,0;0,0;0,0;0,0;Sin Consumo
C000038;Cliente 0038;44,0;713,9;Guayaquil;Mass;6644,45;1300,0;2;0,0;62,5;0,0;75,33;39,07;0,0;18,98;0,0;0,0;0,0;22,32;218,2;General Shopper
C000039;Cliente 0039;37,0;3507,57;Cuenca;Pyme;2538,48;0,0;1;0,0;0,0;0,0;0,0;0,0;0,0;0,0;0,0;0,0;0,0;0,0;0,0;Sin Consumo
C000040;Cliente 0040;56,0;656,11;Guayaquil;Mass;1972,09;0,0;1;0,0;0,0;0,0;0,0;0,0;0,0;0,0;0,0;0,0;0,0;0,0;0,0;Sin Consumo
C000041;Cliente 0041;42,0;591,95;Quito;Joven;63907,82;1200,0;3;54,0;17,25;0,0;0,0;127,84;0,0;125,92;16,14;109,21000000000001;0,0;0,0;450,36;General Shopper
C000042;Cliente 0042;43,0;7961,83;Quito;Premium;157761,35;0,0;3;0,0;0,0;0,0;0,0;0,0;0,0;0,0;0,0;0,0;0,0;0,0;0,0;Sin Consumo
C000043;Cliente 0043;36,0;1339,41;Quito;Affluent;1270,45;2900,0;2;0,0;0,0;57,08;0,0;0,0;0,0;64,76;41,69;62,45;74,5;52,59;353,07000000000005;General Shopper
C000044;Cliente 0044;33,0;717,9;Guayaquil;Mass;63563,6;0,0;1;0,0;0,0;0,0;0,0;0,0;0,0;0,0;0,0;0,0;0,0;0,0;0,0;Sin Consumo
C000045;Cliente 0045;18,0;806,19;Cuenca;Mass;655,79;1800,0;1;134,26;36,75;103,91;0,0;0,0;0,0;40,91;29,07;85,2;0,0;0,0;430,09999999999997;General Shopper
C000046;Cliente 0046;40,0;1222,9;Cuenca;Mass;8878,220000000001;2700,0;3;0,0;158,05;138,95999999999998;0,0;176,57;0,0;0,0;16,47;372,27;0,0;923,75;1786,07;Travel Lover
C000047;Cliente 0047;44,0;610,24;Quito;Mass;66325,59;800,0;2;0,0;0,0;12,9;0,0;97,3;0,0;0,0;38,13;0,0;45,56;0,0;193,89000000000001;General Shopper
C000048;Cliente 0048;56,0;1735,56;Guayaquil;Mass;9567,71;3800,0;2;631,38;173,8;103,98;0,0;112,9;0,0;210,75;0,0;13,75;108,47;73,62;1428,65;General Shopper
C000049;Cliente 0049;27,0;1168,89;Guayaquil;Mass;75545,87;0,0;1;0,0;0,0;0,0;0,0;0,0;0,0;0,0;0,0;0,0;0,0;0,0;0,0;Sin Consumo
C000050;Cliente 0050;34,0;760,94;Cuenca;Mass;2016,29;900,0;2;0,0;0,0;38,53;0,0;0,0;0,0;222,47;70,22;15,11;310,18;93,02;749,53;General Shopper
C000051;Cliente 0051;48,0;621,93;Guayaquil;Joven;246,4;900,0;1;0,0;0,0;0,0;36,5;0,0;0,0;0,0;0,0;12,86;0,0;75,52;124,88;Travel Lover
C000052;Cliente 0052;47,0;492,23;Cuenca;Mass;46357,68;700,0;4;16,1;0,0;30,57;23,85;0,0;0,0;0,0;74,93;0,0;20,42;44,53;210,4;General Shopper
C000053;Cliente 0053;31,0;1802,1;Quito;Affluent;69139,17;0,0;2;0,0;0,0;0,0;0,0;0,0;0,0;0,0;0,0;0,0;0,0;0,0;0,0;Sin Consumo
C000054;Cliente 0054;27,0;2185,19;Quito;Affluent;114779,51;6200,0;3;0,0;115,65;0,0;0,0;0,0;0,0;300,63;172,25;78,46;181,42;647,63;1496,04;General Shopper
C000055;Cliente 0055;30,0;1880,45;Quito;Mass;550,76;4500,0;1;0,0;0,0;0,0;0,0;0,0;0,0;0,0;0,0;412,75;0,0;229,84;642,59;General Shopper
C000056;Cliente 0056;56,0;2546,17;Ambato;Affluent;27915,730000000003;0,0;2;0,0;0,0;0,0;0,0;0,0;0,0;0,0;0,0;0,0;0,0;0,0;0,0;Sin Consumo
C000057;Cliente 0057;25,0;1511,91;Quito;Mass;94337,39;2600,0;3;0,0;97,2;0,0;0,0;0,0;0,0;0,0;10,3;0,0;59,44;119,23;286,17;General Shopper
C000058;Cliente 0058;34,0;2848,8;Ambato;Affluent;22437,5;6000,0;4;202,89;0,0;103,2;517,78;59,31;0,0;534,1;177,31;0,0;0,0;316,94;1911,5300000000002;General Shopper
C000059;Cliente 0059;31,0;2880,75;Guayaquil;Affluent;6476,67;7600,0;2;0,0;111,03;661,5699999999999;337,76;613,97;0,0;0,0;148,61;155,29;941,27;0,0;2969,5;General Shopper
C000060;Cliente 0060;18,0;8409,75;Cuenca;Premium;7732,95;0,0;1;0,0;0,0;0,0;0,0;0,0;0,0;0,0;0,0;0,0;0,0;0,0;0,0;Sin Consumo
C000061;Cliente 0061;49,0;2806,06;Quito;Pyme;1023,8;7700,0;1;0,0;0,0;340,29;0,0;41,69;0,0;0,0;388,33;374,96999999999997;0,0;0,0;1145,28;General Shopper
C000062;Cliente 0062;47,0;3540,36;Quito;Premium;138077,58;4500,0;3;486,64;0,0;195,01999999999998;0,0;1161,34;0,0;0,0;743,42;690,8100000000001;387,48;175,9;3840,6099999999997;General Shopper
C000063;Cliente 0063;21,0;1134,37;Quito;Mass;4299,66;3000,0;2;0,0;164,51;0,0;0,0;72,66;0,0;0,0;172,47;0,0;18,0;240,66;668,3;General Shopper
C000064;Cliente 0064;55,0;3066,82;Quito;Affluent;53405,159999999996;8100,0;2;192,55;0,0;95,4;0,0;0,0;0,0;0,0;0,0;0,0;2216,5699999999997;267,85;2772,3699999999994;Tech Lover
C000065;Cliente 0065;24,0;6186,59;Cuenca;Premium;41088,64;6800,0;3;568,35;0,0;76,66;0,0;113,19;0,0;751,92;473,02;0,0;0,0;147,7;2130,8399999999997;General Shopper
C000066;Cliente 0066;18,0;1104,18;Cuenca;Mass;4201,56;2100,0;3;49,16;89,79;0,0;43,82;0,0;0,0;79,84;97,0;134,13;161,20999999999998;122,64;777,59;General Shopper
C000067;Cliente 0067;20,0;844,75;Manta;Joven;6267,36;2400,0;2;0,0;0,0;0,0;0,0;0,0;0,0;0,0;0,0;0,0;0,0;260,37;260,37;Travel Lover
C000068;Cliente 0068;33,0;2180,77;Quito;Affluent;10015,92;4700,0;2;60,62;0,0;71,49;257,91;105,26;0,0;76,14;0,0;0,0;174,0;0,0;745,4200000000001;General Shopper
C000069;Cliente 0069;30,0;658,85;Loja;Mass;484,71;1100,0;2;0,0;25,33;143,19;18,42;0,0;0,0;57,29;102,58;0,0;162,62;0,0;509,43;General Shopper
C000070;Cliente 0070;18,0;7092,08;Guayaquil;Premium;49991,7;0,0;1;0,0;0,0;0,0;0,0;0,0;0,0;0,0;0,0;0,0;0,0;0,0;0,0;Sin Consumo
C000071;Cliente 0071;37,0;3031,86;Ambato;Pyme;12333,97;0,0;1;0,0;0,0;0,0;0,0;0,0;0,0;0,0;0,0;0,0;0,0;0,0;0,0;Sin Consumo
C000072;Cliente 0072;47,0;2316,76;Guayaquil;Premium;16844,55;4900,0;2;0,0;484,03;697,64;0,0;0,0;0,0;0,0;0,0;303,47;122,21;0,0;1607,3500000000001;General Shopper
C000073;Cliente 0073;39,0;7344,02;Quito;Premium;96161,82999999999;12300,0;3;1394,41;0,0;752,05;0,0;355,16;0,0;784,84;0,0;3898,8900000000003;1351,5900000000001;0,0;8536,94;General Shopper
C000074;Cliente 0074;49,0;1221,2;Ambato;Mass;19292,25;1500,0;2;0,0;123,43;91,99;286,78;0,0;0,0;39,4;371,90999999999997;92,5;37,31;31,63;1074,95;General Shopper
C000075;Cliente 0075;57,0;3180,02;Quito;Pyme;13693,1;4600,0;3;0,0;369,51;406,09000000000003;0,0;0,0;0,0;171,65;239,94;0,0;0,0;1143,78;2330,9700000000003;General Shopper
C000076;Cliente 0076;47,0;3283,02;Quito;Premium;15941,24;0,0;1;0,0;0,0;0,0;0,0;0,0;0,0;0,0;0,0;0,0;0,0;0,0;0,0;Sin Consumo
C000077;Cliente 0077;29,0;1140,64;Quito;Mass;2212,63;2800,0;2;0,0;81,46;0,0;32,75;0,0;0,0;44,91;56,27;0,0;143,54;85,71;444,63999999999993;General Shopper
C000078;Cliente 0078;55,0;680,08;Quito;Mass;510,37;1200,0;1;0,0;19,24;33,99;0,0;0,0;0,0;0,0;0,0;0,0;78,78;66,08;198,08999999999997;General Shopper
C000079;Cliente 0079;38,0;1077,3;Ambato;Mass;70506,28;1700,0;2;0,0;0,0;0,0;0,0;0,0;0,0;0,0;55,73;128,4;27,78;73,08;284,99;General Shopper
C000080;Cliente 0080;18,0;891,27;Ambato;Mass;61245,08;2200,0;3;0,0;0,0;0,0;0,0;0,0;0,0;47,02;0,0;489,94;61,54;0,0;598,5;General Shopper
C000081;Cliente 0081;24,0;956,2;Desconocida;Mass;108752,32;1400,0;3;0,0;0,0;0,0;0,0;0,0;0,0;112,34;0,0;0,0;0,0;53,72;166,06;General Shopper
C000082;Cliente 0082;35,0;1462,58;Guayaquil;Affluent;94367,65999999999;2100,0;4;0,0;36,86;0,0;0,0;356,58;0,0;22,87;98,64;469,96999999999997;330,08000000000004;150,75;1465,75;General Shopper
C000083;Cliente 0083;36,0;555,3;Cuenca;Mass;69605,23;1300,0;2;19,46;0,0;0,0;0,0;0,0;0,0;0,0;0,0;161,85999999999999;0,0;0,0;181,32;General Shopper
C000084;Cliente 0084;50,0;4630,39;Guayaquil;Premium;13894,16;13000,0;2;0,0;852,75;501,83000000000004;0,0;0,0;0,0;180,15;0,0;596,5699999999999;683,4000000000001;0,0;2814,7;General Shopper
C000085;Cliente 0085;51,0;2098,71;Guayaquil;Mass;81879,93;4300,0;4;0,0;29,6;257,8;359,86;131,26;0,0;0,0;105,05;236,68;0,0;0,0;1120,25;General Shopper
C000086;Cliente 0086;36,0;969,86;Quito;Mass;7315,49;2900,0;3;0,0;0,0;15,75;66,21;0,0;0,0;0,0;250,51;178,32999999999998;67,84;68,02;646,66;General Shopper
C000087;Cliente 0087;47,0;797,22;Guayaquil;Mass;12030,710000000001;1300,0;3;0,0;99,86;35,62;36,83;0,0;0,0;0,0;192,34;203,89000000000001;97,64;0,0;666,18;General Shopper
C000088;Cliente 0088;49,0;2038,02;Guayaquil;Affluent;58388,329999999994;0,0;2;0,0;0,0;0,0;0,0;0,0;0,0;0,0;0,0;0,0;0,0;0,0;0,0;Sin Consumo
C000089;Cliente 0089;39,0;9401,64;Quito;Premium;101330,13;18400,0;2;3171,59;231,57;0,0;222,88;429,15;0,0;629,64;1995,01;173,74;372,72;3007,63;10233,93;General Shopper
C000090;Cliente 0090;30,0;883,43;Quito;Mass;753,36;1200,0;1;21,39;0,0;0,0;60,23;0,0;0,0;0,0;0,0;22,96;24,75;0,0;129,33;General Shopper
C000091;Cliente 0091;38,0;2527,2;Quito;Affluent;16459,79;0,0;1;0,0;0,0;0,0;0,0;0,0;0,0;0,0;0,0;0,0;0,0;0,0;0,0;Sin Consumo
C000092;Cliente 0092;48,0;1339,39;Quito;Mass;2638,7;0,0;1;0,0;0,0;0,0;0,0;0,0;0,0;0,0;0,0;0,0;0,0;0,0;0,0;Sin Consumo
C000093;Cliente 0093;38,0;1229,98;Ambato;Mass;2816,65;1900,0;2;330,5;81,36000000000001;124,28999999999999;111,04;111,06;0,0;0,0;0,0;105,22;47,58;178,18;1089,23;General Shopper
C000094;Cliente 0094;38,0;467,24;Cuenca;Mass;27356,37;0,0;3;0,0;0,0;0,0;0,0;0,0;0,0;0,0;0,0;0,0;0,0;0,0;0,0;Sin Consumo
C000095;Cliente 0095;48,0;750,36;Quito;Mass;17876,36;0,0;1;0,0;0,0;0,0;0,0;0,0;0,0;0,0;0,0;0,0;0,0;0,0;0,0;Sin Consumo
C000096;Cliente 0096;52,0;3886,76;Cuenca;Premium;55653,740000000005;11600,0;3;321,51;317,81;950,06;0,0;0,0;0,0;71,17;104,98;2030,86;157,36;159,67;4113,419999999999;General Shopper
C000097;Cliente 0097;46,0;952,91;Guayaquil;Mass;67469,71;0,0;3;0,0;0,0;0,0;0,0;0,0;0,0;0,0;0,0;0,0;0,0;0,0;0,0;Sin Consumo
C000098;Cliente 0098;49,0;636,04;Guayaquil;Mass;5101,54;0,0;2;0,0;0,0;0,0;0,0;0,0;0,0;0,0;0,0;0,0;0,0;0,0;0,0;Sin Consumo
C000099;Cliente 0099;18,0;1703,63;Guayaquil;Mass;122051,04;0,0;2;0,0;0,0;0,0;0,0;0,0;0,0;0,0;0,0;0,0;0,0;0,0;0,0;Sin Consumo
C000100;Cliente 0100;46,0;870,1;Cuenca;Mass;110731,42;2000,0;4;0,0;43,95;73,46000000000001;111,23;14,16;0,0;21,27;38,74;0,0;0,0;0,0;302,81;General Shopper
C000101;Cliente 0101;34,0;2125,11;Quito;Mass;16333,42;3300,0;3;328,23;179,41;492,26;0,0;0,0;0,0;170,78;65,46;470,61;286,57;0,0;1993,32;General Shopper
C000102;Cliente 0102;34,0;518,55;Quito;Mass;661,03;1300,0;1;118,1;37,99;0,0;0,0;0,0;0,0;0,0;31,13;9,34;10,18;0,0;206,74;General Shopper
C000103;Cliente 0103;42,0;4597,87;Guayaquil;Premium;7994,75;6400,0;2;183,8;112,36;0,0;0,0;413,03;0,0;0,0;0,0;0,0;0,0;1496,98;2206,17;Travel Lover
C000104;Cliente 0104;49,0;1507,45;Quito;Mass;2038,06;0,0;1;0,0;0,0;0,0;0,0;0,0;0,0;0,0;0,0;0,0;0,0;0,0;0,0;Sin Consumo
C000105;Cliente 0105;40,0;5297,82;Guayaquil;Premium;60323,76;0,0;1;0,0;0,0;0,0;0,0;0,0;0,0;0,0;0,0;0,0;0,0;0,0;0,0;Sin Consumo
C000106;Cliente 0106;40,0;2414,5;Guayaquil;Affluent;6952,610000000001;2700,0;2;388,28;0,0;459,96000000000004;173,59;314,94;0,0;0,0;65,68;0,0;0,0;296,32;1698,77;General Shopper
C000107;Cliente 0107;61,0;670,08;Guayaquil;Mass;2312,98;0,0;1;0,0;0,0;0,0;0,0;0,0;0,0;0,0;0,0;0,0;0,0;0,0;0,0;Sin Consumo
C000108;Cliente 0108;27,0;2121,18;Guayaquil;Pyme;-100,0;0,0;1;0,0;0,0;0,0;0,0;0,0;0,0;0,0;0,0;0,0;0,0;0,0;0,0;Sin Consumo
C000109;Cliente 0109;48,0;2444,48;Quito;Affluent;38286,79;7000,0;3;0,0;314,49;263,13;0,0;0,0;0,0;0,0;2124,85;0,0;0,0;0,0;2702,47;Streaming Lover
C000110;Cliente 0110;35,0;6842,24;Quito;Premium;47179,43;0,0;2;0,0;0,0;0,0;0,0;0,0;0,0;0,0;0,0;0,0;0,0;0,0;0,0;Sin Consumo
C000111;Cliente 0111;46,0;2412,35;Quito;Pyme;25238,95;0,0;2;0,0;0,0;0,0;0,0;0,0;0,0;0,0;0,0;0,0;0,0;0,0;0,0;Sin Consumo
C000112;Cliente 0112;38,0;1584,01;Quito;Pyme;109125,06;3500,0;3;0,0;0,0;0,0;0,0;0,0;0,0;69,68;0,0;362,13;0,0;178,99;610,8;General Shopper
C000113;Cliente 0113;65,0;741,54;Guayaquil;Mass;59518,67;1400,0;4;0,0;0,0;0,0;51,62;0,0;0,0;0,0;29,55;73,06;70,08;329,85;554,1600000000001;Travel Lover
C000114;Cliente 0114;57,0;2243,46;Guayaquil;Premium;16891,5;4500,0;3;207,81;0,0;72,37;0,0;0,0;0,0;385,43;0,0;337,44000000000005;745,42;0,0;1748,4700000000003;General Shopper
C000115;Cliente 0115;34,0;1717,11;Manta;Mass;7221,82;4500,0;2;151,26;0,0;128,76;425,25;554,59;0,0;169,5;274,3;0,0;0,0;47,46;1751,1200000000001;General Shopper
C000116;Cliente 0116;31,0;2641,54;Loja;Affluent;21334,23;5600,0;3;63,02;0,0;270,69;253,01;0,0;0,0;0,0;0,0;652,34;0,0;200,54;1439,6;General Shopper
C000117;Cliente 0117;47,0;2881,36;Manta;Affluent;9430,59;0,0;1;0,0;0,0;0,0;0,0;0,0;0,0;0,0;0,0;0,0;0,0;0,0;0,0;Sin Consumo
C000118;Cliente 0118;32,0;1531,34;Guayaquil;Affluent;70767,39;3800,0;4;136,37;0,0;0,0;95,57;0,0;0,0;136,44;0,0;176,07;0,0;0,0;544,45;General Shopper
C000119;Cliente 0119;42,0;1054,25;Guayaquil;Mass;3762,11;2000,0;2;72,6;0,0;19,17;50,25;83,35;0,0;0,0;98,29;0,0;0,0;80,92;404,58;General Shopper
C000120;Cliente 0120;18,0;2728,3;Quito;Affluent;19980,47;2800,0;3;172,22;151,53;47,92;884,05;105,39;0,0;0,0;0,0;459,56;0,0;0,0;1820,6699999999998;General Shopper
C000121;Cliente 0121;25,0;2508,43;Quito;Pyme;19407,97;3300,0;2;824,43;76,02;0,0;498,98;0,0;0,0;472,11;401,85;290,15999999999997;0,0;235,53;2799,08;General Shopper
C000122;Cliente 0122;24,0;1393,52;Guayaquil;Affluent;10587,09;2900,0;3;41,37;100,46;0,0;0,0;0,0;0,0;163,35;59,1;20,03;349,75;223,23;957,29;General Shopper
C000123;Cliente 0123;18,0;3945,89;Loja;Premium;47797,46;8300,0;3;0,0;0,0;0,0;0,0;0,0;0,0;0,0;310,95;546,82;580,5;0,0;1438,27;General Shopper
C000124;Cliente 0124;56,0;561,33;Guayaquil;Joven;1742,5700000000002;600,0;2;8,78;0,0;0,0;0,0;0,0;0,0;38,61;38,59;52,2;264,47999999999996;30,82;433,47999999999996;Tech Lover
C000125;Cliente 0125;35,0;935,9;Loja;Mass;30296,08;0,0;3;0,0;0,0;0,0;0,0;0,0;0,0;0,0;0,0;0,0;0,0;0,0;0,0;Sin Consumo
C000126;Cliente 0126;51,0;2957,88;Loja;Premium;88481,85999999999;7100,0;3;0,0;0,0;0,0;439,90999999999997;0,0;0,0;0,0;0,0;0,0;454,95;190,33;1085,1899999999998;General Shopper
C000127;Cliente 0127;37,0;6218,82;Cuenca;Premium;29336,84;0,0;1;0,0;0,0;0,0;0,0;0,0;0,0;0,0;0,0;0,0;0,0;0,0;0,0;Sin Consumo
C000128;Cliente 0128;42,0;2200,52;Guayaquil;Affluent;61615,329999999994;6100,0;2;33,37;102,4;0,0;0,0;23,11;0,0;292,26;28,8;0,0;0,0;375,68;855,6200000000001;General Shopper
C000129;Cliente 0129;35,0;1417,06;Guayaquil;Mass;83817,37000000001;2800,0;2;0,0;0,0;0,0;15,33;0,0;0,0;0,0;0,0;0,0;154,6;92,58;262,51;Tech Lover
C000130;Cliente 0130;40,0;1565,48;Quito;Affluent;20445,36;2200,0;3;0,0;0,0;550,45;0,0;0,0;0,0;84,02;0,0;45,17;40,67;121,85;842,1600000000001;Food Lover
C000131;Cliente 0131;31,0;2146,75;Guayaquil;Mass;9065,37;3000,0;3;0,0;167,28;227,95;0,0;0,0;0,0;0,0;0,0;0,0;80,72;0,0;475,95000000000005;General Shopper
C000132;Cliente 0132;28,0;1917,03;Manta;Affluent;5288,73;0,0;1;0,0;0,0;0,0;0,0;0,0;0,0;0,0;0,0;0,0;0,0;0,0;0,0;Sin Consumo
C000133;Cliente 0133;49,0;1819,21;Cuenca;Affluent;50174,44;5200,0;3;74,04;0,0;435,18;0,0;0,0;0,0;0,0;54,51;75,18;0,0;0,0;638,9100000000001;Food Lover
C000134;Cliente 0134;37,0;568,13;Manta;Mass;96288,04000000001;1400,0;4;20,58;0,0;71,82;23,32;22,02;0,0;0,0;8,05;176,8;0,0;57,45;380,04;General Shopper
C000135;Cliente 0135;18,0;4219,85;Quito;Premium;13499,0;10400,0;3;279,86;0,0;120,96;354,97;246,46;0,0;0,0;136,58;409,2;355,36;330,22;2233,6099999999997;General Shopper
C000136;Cliente 0136;29,0;2702,05;Quito;Affluent;1307,82;0,0;2;0,0;0,0;0,0;0,0;0,0;0,0;0,0;0,0;0,0;0,0;0,0;0,0;Sin Consumo
C000137;Cliente 0137;56,0;511,61;Manta;Joven;618,77;0,0;1;0,0;0,0;0,0;0,0;0,0;0,0;0,0;0,0;0,0;0,0;0,0;0,0;Sin Consumo
C000138;Cliente 0138;54,0;825,89;Quito;Mass;4096,51;1500,0;2;0,0;76,7;0,0;0,0;0,0;0,0;95,32;427,39;290,90999999999997;49,18;0,0;939,4999999999999;General Shopper
C000139;Cliente 0139;74,0;1675,95;Loja;Affluent;46946,43;2200,0;3;0,0;0,0;0,0;138,89;390,18;0,0;234,74;79,72;42,48;14,66;169,85;1070,52;General Shopper
C000140;Cliente 0140;35,0;2554,25;Quito;Mass;13619,53;0,0;1;0,0;0,0;0,0;0,0;0,0;0,0;0,0;0,0;0,0;0,0;0,0;0,0;Sin Consumo
C000141;Cliente 0141;51,0;2728,62;Quito;Affluent;17929,81;2800,0;3;66,22;304,2;80,88;319,24;0,0;0,0;196,43;220,53;199,49;420,59;660,4100000000001;2467,99;General Shopper
C000142;Cliente 0142;20,0;7922,7;Guayaquil;Premium;83672,75;12600,0;4;583,98;0,0;1042,53;0,0;0,0;0,0;255,17;1121,69;3080,91;86,19;394,9;6565,37;General Shopper
C000143;Cliente 0143;26,0;1499,27;Guayaquil;Pyme;27613,6;3900,0;4;0,0;0,0;0,0;0,0;417,44000000000005;0,0;124,42;0,0;208,93;133,67;0,0;884,4599999999999;General Shopper
C000144;Cliente 0144;42,0;5164,52;Quito;Premium;19791,2;0,0;1;0,0;0,0;0,0;0,0;0,0;0,0;0,0;0,0;0,0;0,0;0,0;0,0;Sin Consumo
C000145;Cliente 0145;37,0;1649,94;Cuenca;Joven;4817,110000000001;4600,0;3;0,0;105,71;444,73;0,0;0,0;0,0;0,0;87,47;131,34;0,0;74,23;843,48;Food Lover
C000146;Cliente 0146;56,0;1151,49;Guayaquil;Mass;1369,98;2800,0;2;45,68;0,0;0,0;0,0;0,0;0,0;0,0;66,09;216,46;0,0;58,86;387,09000000000003;General Shopper
C000147;Cliente 0147;59,0;3968,35;Quito;Premium;18549,2;8100,0;2;0,0;0,0;0,0;98,03;0,0;0,0;164,63;0,0;0,0;1233,77;133,85;1630,2799999999997;Tech Lover
C000148;Cliente 0148;29,0;705,23;Loja;Mass;2999,44;0,0;1;0,0;0,0;0,0;0,0;0,0;0,0;0,0;0,0;0,0;0,0;0,0;0,0;Sin Consumo
C000149;Cliente 0149;37,0;1125,25;Quito;Mass;6172,0199999999995;2900,0;2;0,0;108,36;164,24;0,0;0,0;0,0;54,61;0,0;0,0;0,0;124,43;451,64000000000004;General Shopper
C000150;Cliente 0150;52,0;472,26;Guayaquil;Mass;64888,27;800,0;4;0,0;0,0;5,76;0,0;0,0;0,0;0,0;84,35;22,28;44,25;11,17;167,80999999999997;Streaming Lover
C000151;Cliente 0151;18,0;2238,32;Guayaquil;Premium;18925,11;2500,0;4;59,62;0,0;0,0;0,0;54,44;0,0;71,33;0,0;1000,4300000000001;0,0;174,07;1359,8899999999999;General Shopper
C000152;Cliente 0152;35,0;1951,46;Manta;Affluent;19608,81;2700,0;3;0,0;0,0;737,3399999999999;0,0;133,56;0,0;0,0;551,78;259,3;55,23;257,79;1994,9999999999998;General Shopper
C000153;Cliente 0153;48,0;1866,27;Loja;Pyme;15424,31;3900,0;3;727,91;0,0;11,98;0,0;0,0;0,0;26,27;127,68;0,0;0,0;0,0;893,84;General Shopper
C000154;Cliente 0154;34,0;2386,12;Quito;Premium;23063,79;5800,0;3;0,0;379,57;238,66;0,0;0,0;0,0;0,0;0,0;0,0;109,12;804,06;1531,4099999999999;Travel Lover
C000155;Cliente 0155;44,0;4576,61;Guayaquil;Premium;9169,119999999999;7400,0;2;0,0;0,0;0,0;0,0;0,0;0,0;143,06;0,0;93,9;1098,96;574,64;1910,56;Tech Lover
C000156;Cliente 0156;53,0;819,4;Quito;Joven;87773,74;1400,0;4;22,16;42,88;109,74000000000001;58,52;135,08999999999997;0,0;124,94;36,54;0,0;0,0;185,49;715,36;General Shopper
C000157;Cliente 0157;50,0;476,96;Quito;Joven;3873,44;1300,0;2;0,0;0,0;113,84;0,0;52,93;0,0;23,82;0,0;0,0;0,0;0,0;190,59;Food Lover
C000158;Cliente 0158;31,0;2213,43;Loja;Premium;26087,85;0,0;1;0,0;0,0;0,0;0,0;0,0;0,0;0,0;0,0;0,0;0,0;0,0;0,0;Sin Consumo
C000159;Cliente 0159;50,0;675,06;Guayaquil;Joven;369,69;1600,0;1;0,0;49,03;391,95;48,45;16,92;0,0;77,39;0,0;13,68;36,56;27,04;661,02;Food Lover
C000160;Cliente 0160;46,0;5649,6;Guayaquil;Premium;2910,48;6900,0;2;101,95;0,0;361,56;93,56;0,0;0,0;0,0;0,0;696,44;0,0;294,02;1547,5300000000002;General Shopper
C000161;Cliente 0161;36,0;3315,29;Ambato;Premium;21474,120000000003;7900,0;2;0,0;0,0;0,0;0,0;0,0;0,0;143,74;775,79;32,3;254,71;0,0;1206,54;Streaming Lover
C000162;Cliente 0162;28,0;2851,56;Ambato;Pyme;15651,47;0,0;1;0,0;0,0;0,0;0,0;0,0;0,0;0,0;0,0;0,0;0,0;0,0;0,0;Sin Consumo
C000163;Cliente 0163;48,0;838,21;Quito;Mass;24754,33;900,0;3;0,0;30,79;0,0;0,0;0,0;0,0;0,0;90,87;0,0;253,21;68,71;443,58;Tech Lover
C000164;Cliente 0164;47,0;767,23;Cuenca;Mass;2136,9700000000003;2200,0;2;14,08;32,3;86,99;0,0;23,78;0,0;14,06;0,0;35,79;164,59;38,0;409,59000000000003;General Shopper
C000165;Cliente 0165;45,0;1891,0;Quito;Affluent;95730,57;4100,0;3;0,0;0,0;0,0;0,0;0,0;0,0;177,7;0,0;119,04;0,0;781,92;1078,6599999999999;Travel Lover
C000166;Cliente 0166;53,0;4279,25;Quito;Pyme;19413,16;0,0;1;0,0;0,0;0,0;0,0;0,0;0,0;0,0;0,0;0,0;0,0;0,0;0,0;Sin Consumo
C000167;Cliente 0167;51,0;752,33;Quito;Mass;96860,75;2200,0;3;0,0;18,6;28,24;29,1;52,0;0,0;258,78;62,49;0,0;0,0;15,62;464,83;General Shopper
C000168;Cliente 0168;54,0;2986,96;Cuenca;Premium;33162,56;7100,0;4;31,51;374,16;882,36;0,0;0,0;0,0;0,0;199,81;2117,23;377,71000000000004;223,17;4205,95;General Shopper
C000169;Cliente 0169;23,0;4894,01;Quito;Pyme;90392,84;0,0;1;0,0;0,0;0,0;0,0;0,0;0,0;0,0;0,0;0,0;0,0;0,0;0,0;Sin Consumo
C000170;Cliente 0170;24,0;2017,19;Quito;Affluent;17281,65;4600,0;2;0,0;153,24;188,96;0,0;0,0;0,0;0,0;154,02;0,0;104,99;598,92;1200,13;General Shopper
C000171;Cliente 0171;28,0;854,99;Ambato;Mass;98666,44;0,0;2;0,0;0,0;0,0;0,0;0,0;0,0;0,0;0,0;0,0;0,0;0,0;0,0;Sin Consumo
C000172;Cliente 0172;35,0;827,51;Quito;Mass;20137,59;2200,0;3;30,23;176,3;58,57;156,76999999999998;13,64;0,0;0,0;52,75;149,54000000000002;150,13;0,0;787,93;General Shopper
C000173;Cliente 0173;43,0;1110,88;Quito;Mass;3516,74;1900,0;3;134,56;0,0;35,95;0,0;0,0;0,0;23,89;136,14000000000001;277,9;24,43;0,0;632,8699999999999;General Shopper
C000174;Cliente 0174;35,0;1247,27;Cuenca;Mass;2729,6;0,0;1;0,0;0,0;0,0;0,0;0,0;0,0;0,0;0,0;0,0;0,0;0,0;0,0;Sin Consumo
C000175;Cliente 0175;47,0;3004,56;Cuenca;Premium;77664,14;8600,0;3;1368,0900000000001;410,16;68,36;0,0;251,24;0,0;0,0;172,52;0,0;192,14000000000001;0,0;2462,5099999999998;General Shopper
C000176;Cliente 0176;39,0;491,22;Guayaquil;Mass;12960,65;0,0;1;0,0;0,0;0,0;0,0;0,0;0,0;0,0;0,0;0,0;0,0;0,0;0,0;Sin Consumo
C000177;Cliente 0177;32,0;2256,64;Quito;Affluent;10492,15;4200,0;2;0,0;119,91;0,0;0,0;77,5;0,0;269,92;309,39;445,68;75,75;0,0;1298,15;General Shopper
C000178;Cliente 0178;41,0;3750,7;Quito;Premium;68798,73;0,0;3;0,0;0,0;0,0;0,0;0,0;0,0;0,0;0,0;0,0;0,0;0,0;0,0;Sin Consumo
C000179;Cliente 0179;23,0;1926,31;Ambato;Affluent;40008,97;4200,0;4;168,06;0,0;95,39;118,08;0,0;0,0;0,0;0,0;19,46;219,48;0,0;620,4699999999999;General Shopper
C000180;Cliente 0180;34,0;643,32;Guayaquil;Joven;685,64;1600,0;1;50,56;57,36;384,38;0,0;0,0;0,0;35,55;16,12;0,0;49,5;0,0;593,47;Food Lover
C000181;Cliente 0181;36,0;2016,02;Quito;Affluent;13597,02;5100,0;2;30,02;0,0;523,41;398,14;0,0;0,0;467,55;0,0;0,0;41,68;346,88;1807,6799999999998;General Shopper
C000182;Cliente 0182;41,0;655,96;Desconocida;Joven;59657,56;0,0;2;0,0;0,0;0,0;0,0;0,0;0,0;0,0;0,0;0,0;0,0;0,0;0,0;Sin Consumo
C000183;Cliente 0183;54,0;852,35;Guayaquil;Mass;671,28;2400,0;1;0,0;48,01;535,64;38,16;0,0;0,0;0,0;0,0;101,89;46,68;37,59;807,9699999999999;Food Lover
C000184;Cliente 0184;27,0;2082,5;Cuenca;Affluent;95242,36;2900,0;4;0,0;0,0;1138,66;0,0;0,0;0,0;131,58;113,5;0,0;124,04;0,0;1507,78;Food Lover
C000185;Cliente 0185;18,0;1403,69;Quito;Affluent;83977,87;2400,0;2;0,0;0,0;29,03;0,0;68,43;0,0;103,27;0,0;29,02;0,0;0,0;229,75;General Shopper
C000186;Cliente 0186;41,0;1907,37;Manta;Premium;22728,829999999998;0,0;3;0,0;0,0;0,0;0,0;0,0;0,0;0,0;0,0;0,0;0,0;0,0;0,0;Sin Consumo
C000187;Cliente 0187;38,0;2366,51;Quito;Pyme;8138,06;3200,0;3;284,92;0,0;205,53;0,0;0,0;0,0;217,63;253,76999999999998;116,38999999999999;604,12;249,94;1932,3000000000002;General Shopper
C000188;Cliente 0188;31,0;914,66;Guayaquil;Joven;57770,59;1200,0;3;0,0;0,0;0,0;0,0;0,0;0,0;0,0;60,04;215,03;0,0;479,4;754,47;Travel Lover
C000189;Cliente 0189;26,0;3262,28;Ambato;Premium;26434,079999999998;9500,0;3;0,0;90,97;855,9300000000001;0,0;0,0;0,0;0,0;75,88;0,0;0,0;309,37;1332,15;Food Lover
C000190;Cliente 0190;68,0;481,66;Guayaquil;Joven;70390,93000000001;500,0;3;0,0;0,0;0,0;66,83;0,0;0,0;0,0;0,0;176,75;21,14;0,0;264,71999999999997;General Shopper
C000191;Cliente 0191;35,0;1357,34;Cuenca;Mass;67281,65;2200,0;4;0,0;0,0;213,64;0,0;67,66;0,0;79,02;0,0;0,0;0,0;689,9;1050,22;Travel Lover
C000192;Cliente 0192;42,0;3163,61;Cuenca;Pyme;59763,590000000004;7500,0;3;332,57;0,0;267,57;75,0;267,38;0,0;158,23;0,0;2187,79;0,0;135,63;3424,17;General Shopper
C000193;Cliente 0193;38,0;2968,92;Cuenca;Affluent;118570,84999999999;0,0;2;0,0;0,0;0,0;0,0;0,0;0,0;0,0;0,0;0,0;0,0;0,0;0,0;Sin Consumo
C000194;Cliente 0194;37,0;980,57;Cuenca;Mass;115,53;1900,0;2;0,0;64,49;116,63999999999999;23,79;51,18;0,0;137,2;0,0;34,06;0,0;0,0;427,35999999999996;General Shopper
C000195;Cliente 0195;51,0;550,6;Cuenca;Mass;3648,1;700,0;2;0,0;133,96;13,63;0,0;0,0;0,0;0,0;42,35;0,0;459,78;0,0;649,72;Tech Lover
C000196;Cliente 0196;50,0;350,53;Quito;Joven;0,0;700,0;1;0,0;35,32;37,68;47,129999999999995;0,0;0,0;7,58;16,39;0,0;10,36;0,0;154,45999999999998;General Shopper
C000197;Cliente 0197;40,0;1318,72;Guayaquil;Mass;4965,53;2800,0;3;49,62;0,0;0,0;0,0;0,0;0,0;0,0;105,78;412,38;0,0;0,0;567,78;General Shopper
C000198;Cliente 0198;52,0;1269,3;Guayaquil;Mass;30299,47;0,0;2;0,0;0,0;0,0;0,0;0,0;0,0;0,0;0,0;0,0;0,0;0,0;0,0;Sin Consumo
C000199;Cliente 0199;47,0;1013,7;Ambato;Mass;976,1;2900,0;1;37,15;0,0;0,0;25,75;0,0;0,0;0,0;75,64;34,72;0,0;45,62;218,88;General Shopper
C000200;Cliente 0200;36,0;1255,17;Manta;Mass;5212,09;3000,0;3;0,0;0,0;403,94;0,0;0,0;0,0;361,42;56,48;271,28000000000003;50,82;95,09;1239,03;General Shopper
C000201;Cliente 0201;34,0;4113,93;Cuenca;Pyme;75788,92;7900,0;4;46,24;568,66;0,0;1159,15;0,0;0,0;105,92;709,49;92,01;495,38;665,02;3841,8700000000003;General Shopper
C000202;Cliente 0202;43,0;725,19;Quito;Mass;142241,56;2000,0;3;130,18;72,74;86,92;48,3;0,0;0,0;77,88;51,36;76,14;0,0;0,0;543,52;General Shopper
C000203;Cliente 0203;49,0;1126,81;Cuenca;Mass;25310,89;0,0;2;0,0;0,0;0,0;0,0;0,0;0,0;0,0;0,0;0,0;0,0;0,0;0,0;Sin Consumo
C000204;Cliente 0204;54,0;1239,6;Cuenca;Pyme;3598,2200000000003;3200,0;2;326,49;39,46;0,0;0,0;0,0;0,0;0,0;160,2;374,69;39,12;0,0;939,9599999999999;General Shopper
C000205;Cliente 0205;41,0;1908,82;Loja;Affluent;31859,64;3300,0;3;0,0;0,0;0,0;0,0;0,0;0,0;46,76;0,0;0,0;756,3000000000001;0,0;803,0600000000001;Tech Lover
C000206;Cliente 0206;34,0;1131,13;Quito;Mass;1060,0;0,0;1;0,0;0,0;0,0;0,0;0,0;0,0;0,0;0,0;0,0;0,0;0,0;0,0;Sin Consumo
C000207;Cliente 0207;39,0;3319,89;Cuenca;Premium;37042,93;6600,0;3;484,40999999999997;0,0;93,04;0,0;0,0;0,0;77,84;0,0;0,0;53,75;294,71999999999997;1003,76;General Shopper
C000208;Cliente 0208;35,0;436,36;Manta;Joven;20936,23;0,0;3;0,0;0,0;0,0;0,0;0,0;0,0;0,0;0,0;0,0;0,0;0,0;0,0;Sin Consumo
C000209;Cliente 0209;48,0;931,16;Quito;Joven;43765,66;1500,0;2;180,35;72,94;0,0;0,0;533,9;0,0;117,32;66,62;217,63;57,83;15,989999999999998;1262,58;General Shopper
C000210;Cliente 0210;54,0;3174,97;Quito;Pyme;29298,449999999997;0,0;2;0,0;0,0;0,0;0,0;0,0;0,0;0,0;0,0;0,0;0,0;0,0;0,0;Sin Consumo
C000211;Cliente 0211;37,0;1203,0;Manta;Mass;7941,66;1500,0;2;0,0;0,0;135,68;0,0;0,0;0,0;0,0;0,0;73,09;0,0;116,21;324,98;General Shopper
C000212;Cliente 0212;41,0;7047,97;Guayaquil;Premium;105660,2;16700,0;3;207,12;0,0;0,0;0,0;0,0;0,0;896,61;418,84;470,68;575,59;823,9;3392,7400000000002;General Shopper
C000213;Cliente 0213;39,0;4846,13;Guayaquil;Affluent;33649,59;5900,0;3;30,49;0,0;452,32;208,42;533,81;0,0;0,0;0,0;1768,73;1069,23;0,0;4063,0;General Shopper
C000214;Cliente 0214;32,0;872,35;Guayaquil;Mass;15200,48;2400,0;2;0,0;50,25;0,0;0,0;56,59;0,0;0,0;7,85;244,24;0,0;0,0;358,93;General Shopper
C000215;Cliente 0215;35,0;826,91;Cuenca;Mass;53631,18;1000,0;3;8,15;0,0;0,0;66,2;20,68;0,0;0,0;0,0;0,0;0,0;203,07;298,1;Travel Lover
C000216;Cliente 0216;43,0;2895,72;Guayaquil;Pyme;15734,480000000001;3300,0;2;0,0;163,49;1697,42;0,0;0,0;0,0;0,0;519,89;146,65;0,0;0,0;2527,45;Food Lover
C000217;Cliente 0217;40,0;1401,83;Cuenca;Affluent;17560,9;4200,0;2;0,0;0,0;573,6;0,0;137,28;0,0;0,0;0,0;120,22;0,0;0,0;831,1;Food Lover
C000218;Cliente 0218;27,0;567,27;Guayaquil;Joven;101405,37;1200,0;3;0,0;0,0;0,0;0,0;0,0;0,0;70,01;242,92;50,29;0,0;0,0;363,21999999999997;Streaming Lover
C000219;Cliente 0219;38,0;4107,32;Guayaquil;Pyme;16726,57;0,0;1;0,0;0,0;0,0;0,0;0,0;0,0;0,0;0,0;0,0;0,0;0,0;0,0;Sin Consumo
C000220;Cliente 0220;35,0;713,47;Guayaquil;Mass;60584,58;1700,0;3;0,0;12,74;59,97;0,0;0,0;0,0;55,34;57,440000000000005;0,0;37,21;73,12;295,82000000000005;General Shopper
C000221;Cliente 0221;46,0;1075,39;Guayaquil;Mass;5749,83;2500,0;3;50,26;120,56;0,0;13,53;121,5;0,0;0,0;0,0;0,0;347,4;231,28;884,53;General Shopper
C000222;Cliente 0222;45,0;933,02;Quito;Mass;4960,700000000001;1800,0;3;0,0;337,17;172,75;25,82;52,9;0,0;93,9;43,33;81,77;0,0;57,2;864,84;General Shopper
C000223;Cliente 0223;44,0;804,31;Quito;Mass;41013,13;1900,0;4;20,79;26,02;31,2;0,0;55,39;0,0;0,0;85,87;0,0;0,0;96,04;315,31;General Shopper
C000224;Cliente 0224;29,0;503,52;Quito;Joven;4529,5599999999995;1000,0;3;61,92999999999999;0,0;0,0;210,69;0,0;0,0;0,0;0,0;236,89000000000001;0,0;0,0;509,51;General Shopper
C000225;Cliente 0225;46,0;2189,29;Quito;Pyme;19166,030000000002;0,0;2;0,0;0,0;0,0;0,0;0,0;0,0;0,0;0,0;0,0;0,0;0,0;0,0;Sin Consumo
C000226;Cliente 0226;42,0;897,82;Cuenca;Mass;27700,030000000002;1500,0;2;46,09;95,41;99,35000000000001;0,0;0,0;0,0;68,39;0,0;547,01;0,0;47,45;903,7;General Shopper
C000227;Cliente 0227;23,0;1267,59;Cuenca;Mass;22822,39;3000,0;2;0,0;0,0;145,27;88,98;0,0;0,0;0,0;0,0;52,06;0,0;0,0;286,31;Food Lover
C000228;Cliente 0228;31,0;2041,5;Quito;Affluent;71653,55;0,0;1;0,0;0,0;0,0;0,0;0,0;0,0;0,0;0,0;0,0;0,0;0,0;0,0;Sin Consumo
C000229;Cliente 0229;34,0;710,86;Manta;Mass;4054,64;0,0;1;0,0;0,0;0,0;0,0;0,0;0,0;0,0;0,0;0,0;0,0;0,0;0,0;Sin Consumo
C000230;Cliente 0230;45,0;722,09;Manta;Mass;1673,1;2100,0;2;0,0;0,0;0,0;0,0;106,82000000000001;0,0;0,0;0,0;0,0;0,0;67,61;174,43;General Shopper
C000231;Cliente 0231;23,0;1263,81;Quito;Mass;27505,239999999998;0,0;2;0,0;0,0;0,0;0,0;0,0;0,0;0,0;0,0;0,0;0,0;0,0;0,0;Sin Consumo
C000232;Cliente 0232;34,0;1953,34;Quito;Affluent;13273,0;2900,0;3;0,0;0,0;480,29;20,1;0,0;0,0;390,36;82,81;126,96;0,0;0,0;1100,52;General Shopper
C000233;Cliente 0233;40,0;846,93;Guayaquil;Mass;5842,03;2000,0;3;50,550000000000004;0,0;112,42999999999999;0,0;141,31;0,0;0,0;0,0;50,21;43,77;80,31;478,58;General Shopper
C000234;Cliente 0234;36,0;638,49;Manta;Joven;398,55;1800,0;1;0,0;125,47;0,0;14,83;0,0;0,0;0,0;0,0;0,0;21,64;214,58;376,52;Travel Lover
C000235;Cliente 0235;21,0;2087,63;Guayaquil;Mass;1535,0;0,0;1;0,0;0,0;0,0;0,0;0,0;0,0;0,0;0,0;0,0;0,0;0,0;0,0;Sin Consumo
C000236;Cliente 0236;44,0;896,24;Guayaquil;Mass;59039,72;0,0;1;0,0;0,0;0,0;0,0;0,0;0,0;0,0;0,0;0,0;0,0;0,0;0,0;Sin Consumo
C000237;Cliente 0237;58,0;3209,19;Quito;Premium;2163,37;8900,0;1;0,0;997,56;0,0;544,0799999999999;0,0;0,0;98,11;914,52;0,0;381,87;1011,28;3947,42;General Shopper
C000238;Cliente 0238;26,0;6381,3;Quito;Premium;124825,5;8400,0;4;0,0;161,67;234,22;0,0;0,0;0,0;279,03999999999996;0,0;0,0;66,9;0,0;741,8299999999999;General Shopper
C000239;Cliente 0239;58,0;5326,97;Guayaquil;Premium;41231,99;5800,0;2;0,0;107,24;0,0;0,0;0,0;0,0;850,82;342,46;878,3399999999999;449,9;0,0;2628,7599999999998;General Shopper
C000240;Cliente 0240;22,0;1139,62;Guayaquil;Mass;16956,22;3100,0;2;0,0;222,43;0,0;0,0;265,46000000000004;0,0;0,0;159,15;49,35;90,87;370,76;1158,02;General Shopper
C000241;Cliente 0241;34,0;2594,07;Loja;Affluent;4814,54;0,0;1;0,0;0,0;0,0;0,0;0,0;0,0;0,0;0,0;0,0;0,0;0,0;0,0;Sin Consumo
C000242;Cliente 0242;33,0;831,65;Guayaquil;Mass;2424,48;0,0;1;0,0;0,0;0,0;0,0;0,0;0,0;0,0;0,0;0,0;0,0;0,0;0,0;Sin Consumo
C000243;Cliente 0243;18,0;1598,36;Guayaquil;Pyme;34207,93;0,0;3;0,0;0,0;0,0;0,0;0,0;0,0;0,0;0,0;0,0;0,0;0,0;0,0;Sin Consumo
C000244;Cliente 0244;39,0;1317,44;Guayaquil;Mass;10684,03;2700,0;3;0,0;0,0;0,0;0,0;254,46;0,0;30,7;1042,29;23,06;75,51;0,0;1426,02;Streaming Lover
C000245;Cliente 0245;50,0;1227,75;Cuenca;Mass;4840,44;0,0;1;0,0;0,0;0,0;0,0;0,0;0,0;0,0;0,0;0,0;0,0;0,0;0,0;Sin Consumo
C000246;Cliente 0246;51,0;1268,0;Quito;Mass;71766,93;1900,0;2;0,0;0,0;21,52;0,0;0,0;0,0;0,0;88,07;0,0;82,16999999999999;229,54;421,29999999999995;Travel Lover
C000247;Cliente 0247;18,0;3485,16;Ambato;Premium;100749,51;0,0;3;0,0;0,0;0,0;0,0;0,0;0,0;0,0;0,0;0,0;0,0;0,0;0,0;Sin Consumo
C000248;Cliente 0248;27,0;4412,28;Manta;Affluent;11424,24;9800,0;2;0,0;0,0;0,0;0,0;357,01;0,0;0,0;0,0;103,69;0,0;1359,8;1820,5;Travel Lover
C000249;Cliente 0249;33,0;6269,8;Manta;Premium;92100,94;18700,0;2;315,94;419,07;0,0;0,0;218,03;0,0;0,0;917,65;1765,3999999999999;0,0;0,0;3636,09;General Shopper
C000250;Cliente 0250;44,0;661,63;Cuenca;Joven;-100,0;0,0;1;0,0;0,0;0,0;0,0;0,0;0,0;0,0;0,0;0,0;0,0;0,0;0,0;Sin Consumo
C000251;Cliente 0251;51,0;1535,46;Manta;Mass;9975,880000000001;2000,0;2;0,0;189,2;83,76;0,0;0,0;0,0;94,33000000000001;0,0;227,14;930,71;0,0;1525,14;Tech Lover
C000252;Cliente 0252;46,0;1101,33;Cuenca;Mass;21587,52;3000,0;3;37,36;0,0;42,02;302,73;0,0;0,0;304,36;148,48;80,01;0,0;431,24;1346,2;General Shopper
C000253;Cliente 0253;18,0;785,98;Guayaquil;Pyme;29038,04;1400,0;3;161,41000000000003;0,0;0,0;39,9;140,92000000000002;0,0;70,55;0,0;0,0;16,96;0,0;429,74000000000007;General Shopper
C000254;Cliente 0254;48,0;5336,0;Quito;Premium;48523,11;0,0;2;0,0;0,0;0,0;0,0;0,0;0,0;0,0;0,0;0,0;0,0;0,0;0,0;Sin Consumo
C000255;Cliente 0255;50,0;421,85;Cuenca;Mass;59803,4;600,0;3;0,0;0,0;0,0;27,09;10,39;0,0;0,0;0,0;15,92;5,05;166,39;224,83999999999997;Travel Lover
C000256;Cliente 0256;44,0;3492,9;Guayaquil;Premium;28863,910000000003;5100,0;2;49,5;173,82;0,0;279,28;660,25;0,0;71,4;858,0699999999999;220,59;0,0;359,03999999999996;2671,95;General Shopper
C000257;Cliente 0257;39,0;651,41;Guayaquil;Mass;4932,44;1100,0;3;32,54;23,84;0,0;24,14;0,0;0,0;0,0;0,0;0,0;0,0;30,54;111,06;General Shopper
C000258;Cliente 0258;48,0;1405,36;Quito;Mass;5569,36;3300,0;2;125,58;303,56;129,48;0,0;124,54;0,0;50,68;316,19;0,0;288,08;0,0;1338,11;General Shopper
C000259;Cliente 0259;43,0;2565,52;Quito;Affluent;65093,45;0,0;4;0,0;0,0;0,0;0,0;0,0;0,0;0,0;0,0;0,0;0,0;0,0;0,0;Sin Consumo
C000260;Cliente 0260;32,0;516,73;Guayaquil;Joven;1345,59;0,0;1;0,0;0,0;0,0;0,0;0,0;0,0;0,0;0,0;0,0;0,0;0,0;0,0;Sin Consumo
C000261;Cliente 0261;27,0;1648,15;Cuenca;Affluent;118244,43;4700,0;3;162,81;0,0;300,24;87,24;702,86;0,0;0,0;0,0;0,0;0,0;0,0;1253,15;General Shopper
C000262;Cliente 0262;36,0;423,69;Loja;Joven;78196,79000000001;900,0;2;0,0;17,09;0,0;0,0;0,0;0,0;0,0;15,57;0,0;56,349999999999994;0,0;89,00999999999999;Tech Lover
C000263;Cliente 0263;41,0;359,78;Quito;Mass;69207,69;800,0;3;0,0;0,0;0,0;17,349999999999998;0,0;0,0;0,0;0,0;0,0;49,83;14,02;81,19999999999999;Tech Lover
C000264;Cliente 0264;35,0;3886,97;Guayaquil;Pyme;209,06;0,0;1;0,0;0,0;0,0;0,0;0,0;0,0;0,0;0,0;0,0;0,0;0,0;0,0;Sin Consumo
C000265;Cliente 0265;41,0;1785,79;Quito;Pyme;8020,07;0,0;1;0,0;0,0;0,0;0,0;0,0;0,0;0,0;0,0;0,0;0,0;0,0;0,0;Sin Consumo
C000266;Cliente 0266;37,0;570,01;Quito;Mass;61038,39000000001;900,0;2;17,21;26,29;0,0;0,0;34,15;0,0;0,0;14,52;0,0;22,7;48,34;163,21;General Shopper
C000267;Cliente 0267;37,0;683,73;Manta;Mass;68485,19;1700,0;3;168,11;32,78;62,02;0,0;0,0;0,0;0,0;0,0;48,9;0,0;18,68;330,49;General Shopper
C000268;Cliente 0268;54,0;5040,5;Guayaquil;Affluent;46416,93;7200,0;3;976,3;1059,03;0,0;251,91;0,0;0,0;259,68;971,61;379,19;0,0;143,27;4040,99;General Shopper
C000269;Cliente 0269;18,0;860,71;Cuenca;Mass;65590,2;2100,0;3;100,00999999999999;0,0;71,33;14,33;0,0;0,0;0,0;0,0;250,87;26,16;49,13;511,83;General Shopper
C000270;Cliente 0270;45,0;3590,44;Guayaquil;Affluent;19984,68;8500,0;4;0,0;0,0;495,53;0,0;0,0;0,0;302,74;0,0;2708,52;0,0;0,0;3506,79;General Shopper
C000271;Cliente 0271;38,0;1861,81;Guayaquil;Pyme;16877,49;3500,0;2;94,32;120,00999999999999;155,59;64,57;0,0;0,0;0,0;367,57;570,46;33,92;0,0;1406,44;General Shopper
C000272;Cliente 0272;28,0;1101,71;Guayaquil;Joven;49518,39;0,0;2;0,0;0,0;0,0;0,0;0,0;0,0;0,0;0,0;0,0;0,0;0,0;0,0;Sin Consumo
C000273;Cliente 0273;37,0;947,93;Loja;Mass;2922,2599999999998;2200,0;3;27,57;70,36;0,0;0,0;0,0;0,0;247,56;0,0;0,0;358,77;0,0;704,26;Tech Lover
C000274;Cliente 0274;36,0;3106,39;Quito;Pyme;82701,38;8400,0;2;442,72;186,1;98,85;151,81;0,0;0,0;0,0;156,59;170,46;59,86;0,0;1266,3899999999999;General Shopper
C000275;Cliente 0275;24,0;1452,64;Guayaquil;Mass;78331,25;4300,0;3;0,0;105,12;0,0;104,28;0,0;0,0;85,6;503,41999999999996;239,76;306,68;0,0;1344,8600000000001;General Shopper
C000276;Cliente 0276;41,0;647,57;Quito;Mass;14949,689999999999;700,0;2;0,0;0,0;44,98;0,0;0,0;0,0;0,0;82,64;43,58;36,7;0,0;207,89999999999998;General Shopper
C000277;Cliente 0277;43,0;1261,04;Quito;Affluent;124716,42;2500,0;4;0,0;0,0;57,739999999999995;42,8;0,0;0,0;0,0;13,73;38,49;114,44;259,95;527,15;General Shopper
C000278;Cliente 0278;31,0;2409,96;Ambato;Mass;5000,41;0,0;1;0,0;0,0;0,0;0,0;0,0;0,0;0,0;0,0;0,0;0,0;0,0;0,0;Sin Consumo
C000279;Cliente 0279;45,0;762,11;Cuenca;Mass;50552,369999999995;0,0;2;0,0;0,0;0,0;0,0;0,0;0,0;0,0;0,0;0,0;0,0;0,0;0,0;Sin Consumo
C000280;Cliente 0280;56,0;3491,98;Loja;Premium;17296,91;9400,0;2;197,22;0,0;435,85;0,0;0,0;0,0;33,42;0,0;571,8299999999999;0,0;0,0;1238,32;General Shopper
C000281;Cliente 0281;45,0;2112,72;Quito;Pyme;23536,47;0,0;1;0,0;0,0;0,0;0,0;0,0;0,0;0,0;0,0;0,0;0,0;0,0;0,0;Sin Consumo
C000282;Cliente 0282;37,0;1211,62;Manta;Mass;134882,83000000002;2500,0;3;48,72;457,42999999999995;234,76;192,93;39,01;0,0;0,0;0,0;0,0;178,91;165,65;1317,41;General Shopper
C000283;Cliente 0283;42,0;4915,73;Cuenca;Premium;17042,73;0,0;1;0,0;0,0;0,0;0,0;0,0;0,0;0,0;0,0;0,0;0,0;0,0;0,0;Sin Consumo
C000284;Cliente 0284;65,0;8694,58;Cuenca;Premium;133575,75;22900,0;3;0,0;390,4;914,41;344,21;40,08;0,0;648,55;1375,33;1107,95;813,32;0,0;5634,25;General Shopper
C000285;Cliente 0285;28,0;841,54;Guayaquil;Mass;91440,47;1400,0;4;4,72;141,8;97,99000000000001;14,35;0,0;0,0;50,660000000000004;0,0;55,84;29,1;0,0;394,46000000000004;General Shopper
C000286;Cliente 0286;42,0;1933,85;Quito;Pyme;101006,19;4400,0;3;185,8;0,0;0,0;0,0;0,0;0,0;0,0;0,0;0,0;60,660000000000004;76,39;322,85;General Shopper
C000287;Cliente 0287;25,0;3735,51;Guayaquil;Premium;11032,26;4400,0;2;0,0;137,12;696,97;202,82;297,4;0,0;296,8;0,0;564,74;990,26;142,3;3328,41;General Shopper
C000288;Cliente 0288;25,0;658,77;Guayaquil;Mass;13913,939999999999;1500,0;4;77,41;90,05;0,0;0,0;413,62;0,0;126,02;99,5;6,47;0,0;114,97;928,04;General Shopper
C000289;Cliente 0289;26,0;545,63;Loja;Joven;354,87;600,0;1;16,79;100,91;0,0;0,0;9,23;0,0;151,03;95,18;45,79;27,4;0,0;446,33;General Shopper
C000290;Cliente 0290;47,0;1427,0;Ambato;Mass;93790,16;3900,0;2;0,0;0,0;138,6;189,16;0,0;0,0;0,0;27,74;238,06;750,04;230,87;1574,4699999999998;General Shopper
C000291;Cliente 0291;35,0;1079,76;Quito;Mass;17650,670000000002;1300,0;2;0,0;626,73;55,269999999999996;46,35;0,0;0,0;18,49;403,48;0,0;0,0;0,0;1150,3200000000002;General Shopper
C000292;Cliente 0292;33,0;366,3;Cuenca;Mass;1691,0700000000002;700,0;2;83,63;0,0;59,17;63,160000000000004;95,05999999999999;0,0;20,46;0,0;38,04;0,0;36,28;395,79999999999995;General Shopper
C000293;Cliente 0293;48,0;751,24;Guayaquil;Mass;6903,46;1800,0;3;0,0;0,0;245,68;42,33;0,0;0,0;73,25;26,7;0,0;0,0;0,0;387,96;Food Lover
C000294;Cliente 0294;42,0;544,7;Guayaquil;Joven;9946,01;1400,0;3;27,62;19,19;0,0;11,93;22,62;0,0;62,17;0,0;0,0;0,0;26,95;170,48;General Shopper
C000295;Cliente 0295;48,0;610,83;Ambato;Mass;7305,4400000000005;1100,0;3;0,0;0,0;0,0;0,0;0,0;0,0;28,48;0,0;0,0;52,79;14,67;95,94;Tech Lover
C000296;Cliente 0296;24,0;3755,33;Quito;Premium;51392,97;0,0;3;0,0;0,0;0,0;0,0;0,0;0,0;0,0;0,0;0,0;0,0;0,0;0,0;Sin Consumo
C000297;Cliente 0297;23,0;3243,76;Manta;Premium;2435,66;3500,0;2;559,93;60,92;1420,33;0,0;100,55;0,0;350,98;466,87;377,45;0,0;0,0;3337,0299999999997;General Shopper
C000298;Cliente 0298;18,0;785,54;Manta;Joven;81245,93;0,0;1;0,0;0,0;0,0;0,0;0,0;0,0;0,0;0,0;0,0;0,0;0,0;0,0;Sin Consumo
C000299;Cliente 0299;29,0;4386,72;Guayaquil;Premium;33539,689999999995;8100,0;4;623,4;1765,0100000000002;217,99;0,0;0,0;0,0;0,0;523,71;173,6;0,0;1759,13;5062,84;General Shopper
C000300;Cliente 0300;34,0;743,79;Quito;Mass;8222,39;800,0;2;0,0;33,68;29,31;29,24;35,65;0,0;130,65;52,56;55,59;119,39;0,0;486,07000000000005;General Shopper
C000301;Cliente 0301;59,0;365,79;Cuenca;Joven;25697,54;800,0;2;0,0;5,5;171,29;5,29;0,0;0,0;0,0;17,74;84,69;0,0;9,76;294,27;Food Lover
C000302;Cliente 0302;51,0;1101,08;Guayaquil;Mass;6309,13;0,0;1;0,0;0,0;0,0;0,0;0,0;0,0;0,0;0,0;0,0;0,0;0,0;0,0;Sin Consumo
C000303;Cliente 0303;46,0;2031,33;Guayaquil;Affluent;23848,26;4800,0;2;115,87;0,0;94,57;0,0;204,84;0,0;0,0;0,0;0,0;0,0;51,99;467,27;General Shopper
C000304;Cliente 0304;40,0;606,73;Guayaquil;Joven;173,87;700,0;1;11,83;0,0;168,25;0,0;55,97;0,0;0,0;0,0;125,17999999999999;0,0;0,0;361,23;General Shopper
C000305;Cliente 0305;60,0;941,84;Guayaquil;Mass;5063,78;1200,0;3;41,82;64,73;363,75;0,0;290,11;0,0;68,6;0,0;84,88;0,0;0,0;913,8900000000001;General Shopper
C000306;Cliente 0306;42,0;3837,12;Quito;Premium;25761,11;6700,0;2;113,53;512,49;0,0;0,0;200,61;0,0;0,0;141,84;924,5799999999999;194,69;249,37;2337,1099999999997;General Shopper
C000307;Cliente 0307;58,0;4532,63;Guayaquil;Premium;22987,54;11100,0;2;0,0;339,37;63,56;0,0;419,88;0,0;0,0;0,0;422,27;0,0;0,0;1245,08;General Shopper
C000308;Cliente 0308;35,0;2728,0;Guayaquil;Affluent;97525,69;0,0;4;0,0;0,0;0,0;0,0;0,0;0,0;0,0;0,0;0,0;0,0;0,0;0,0;Sin Consumo
C000309;Cliente 0309;35,0;3795,65;Quito;Affluent;4209,65;0,0;1;0,0;0,0;0,0;0,0;0,0;0,0;0,0;0,0;0,0;0,0;0,0;0,0;Sin Consumo
C000310;Cliente 0310;46,0;668,95;Cuenca;Mass;75843,97;0,0;1;0,0;0,0;0,0;0,0;0,0;0,0;0,0;0,0;0,0;0,0;0,0;0,0;Sin Consumo
C000311;Cliente 0311;39,0;1966,45;Guayaquil;Affluent;33553,270000000004;2000,0;3;139,69;86,03;388,67;0,0;467,74;0,0;27,72;130,28;170,05;59,53;373,26;1842,97;General Shopper
C000312;Cliente 0312;21,0;901,93;Quito;Mass;32209,379999999997;2000,0;4;0,0;0,0;116,41;59,53;12,65;0,0;0,0;59,62;129,73;26,42;128,04000000000002;532,4000000000001;General Shopper
C000313;Cliente 0313;60,0;925,4;Quito;Mass;4842,610000000001;2600,0;3;0,0;48,67;0,0;0,0;0,0;0,0;418,6;111,03999999999999;46,6;0,0;101,16;726,0699999999999;General Shopper
C000314;Cliente 0314;18,0;3769,96;Loja;Premium;3296,55;0,0;1;0,0;0,0;0,0;0,0;0,0;0,0;0,0;0,0;0,0;0,0;0,0;0,0;Sin Consumo
C000315;Cliente 0315;33,0;992,6;Quito;Mass;100333,79;0,0;1;0,0;0,0;0,0;0,0;0,0;0,0;0,0;0,0;0,0;0,0;0,0;0,0;Sin Consumo
C000316;Cliente 0316;34,0;984,58;Quito;Mass;1869,06;1700,0;2;0,0;0,0;0,0;81,32;32,21;0,0;0,0;0,0;0,0;159,34;0,0;272,87;Tech Lover
C000317;Cliente 0317;50,0;2356,15;Guayaquil;Premium;2622,11;6400,0;1;0,0;43,14;890,0;0,0;0,0;0,0;0,0;170,81;0,0;0,0;48,4;1152,3500000000001;Food Lover
C000318;Cliente 0318;42,0;1264,31;Ambato;Mass;2123,06;2400,0;2;0,0;0,0;48,76;104,07;86,26;0,0;0,0;51,84;0,0;35,17;356,92999999999995;683,03;Travel Lover
C000319;Cliente 0319;34,0;552,26;Guayaquil;Mass;153331,09999999998;1200,0;4;22,76;0,0;45,97;177,13;49,660000000000004;0,0;0,0;53,36;112,53;20,19;61,57;543,17;General Shopper
C000320;Cliente 0320;22,0;1914,69;Guayaquil;Mass;917,64;2400,0;1;0,0;0,0;0,0;0,0;0,0;0,0;226,99;210,01;0,0;1209,33;0,0;1646,33;Tech Lover
C000321;Cliente 0321;51,0;751,8;Guayaquil;Mass;88720,56;900,0;2;24,25;160,62;259,39;0,0;0,0;0,0;0,0;0,0;168,82;0,0;16,15;629,2299999999999;General Shopper
C000322;Cliente 0322;40,0;1897,67;Quito;Affluent;23447,03;3200,0;3;387,44;172,39999999999998;42,9;190,66000000000003;55,94;0,0;479,03000000000003;0,0;0,0;0,0;553,91;1882,2799999999997;General Shopper
C000323;Cliente 0323;22,0;627,83;Guayaquil;Joven;20091,71;0,0;1;0,0;0,0;0,0;0,0;0,0;0,0;0,0;0,0;0,0;0,0;0,0;0,0;Sin Consumo
C000324;Cliente 0324;38,0;719,65;Manta;Mass;8241,4;800,0;2;0,0;7,92;94,05;30,23;0,0;0,0;0,0;0,0;60,73;28,8;23,63;245,35999999999999;General Shopper
C000325;Cliente 0325;35,0;459,53;Quito;Joven;35057,15;900,0;3;0,0;0,0;23,44;15,16;0,0;0,0;36,76;61,99;3,32;0,0;17,23;157,89999999999998;General Shopper
C000326;Cliente 0326;39,0;2323,5;Quito;Affluent;80949,57;3300,0;3;0,0;353,62;47,32;669,4399999999999;104,11;0,0;0,0;0,0;172,94;71,15;430,23;1848,8100000000002;General Shopper
C000327;Cliente 0327;45,0;1028,7;Cuenca;Mass;197,89;1800,0;2;142,48;95,59;0,0;0,0;0,0;0,0;174,47;0,0;114,0;28,89;281,77;837,1999999999999;General Shopper
C000328;Cliente 0328;35,0;603,41;Cuenca;Joven;23923,32;0,0;3;0,0;0,0;0,0;0,0;0,0;0,0;0,0;0,0;0,0;0,0;0,0;0,0;Sin Consumo
C000329;Cliente 0329;27,0;843,23;Guayaquil;Mass;6900,47;0,0;3;0,0;0,0;0,0;0,0;0,0;0,0;0,0;0,0;0,0;0,0;0,0;0,0;Sin Consumo
C000330;Cliente 0330;45,0;413,57;Quito;Mass;11095,92;1200,0;2;0,0;0,0;0,0;0,0;44,68;0,0;0,0;0,0;13,48;0,0;96,6;154,76;Travel Lover
C000331;Cliente 0331;34,0;968,27;Guayaquil;Mass;23896,309999999998;1000,0;4;0,0;83,84;274,17;24,04;33,44;0,0;0,0;168,11;0,0;11,65;0,0;595,2500000000001;General Shopper
C000332;Cliente 0332;47,0;2804,31;Guayaquil;Affluent;147979,25;3400,0;4;556,74;0,0;0,0;347,22;1056,03;0,0;0,0;0,0;207,95;289,61;245,14;2702,69;General Shopper
C000333;Cliente 0333;34,0;5129,15;Cuenca;Mass;31812,219999999998;13900,0;3;1053,65;204,68;0,0;0,0;0,0;0,0;0,0;0,0;124,88;329,85;265,58;1978,6399999999999;General Shopper
C000334;Cliente 0334;48,0;788,87;Guayaquil;Mass;434,95;1800,0;1;0,0;9,24;144,64;0,0;0,0;0,0;0,0;0,0;11,27;85,87;0,0;251,02;Food Lover
C000335;Cliente 0335;43,0;3355,55;Cuenca;Pyme;38398,07;5100,0;3;554,26;180,99;0,0;0,0;0,0;0,0;87,93;0,0;0,0;806,15;615,1;2244,43;General Shopper
C000336;Cliente 0336;37,0;835,43;Guayaquil;Mass;62046,78;1300,0;3;34,66;48,63;0,0;0,0;0,0;0,0;17,47;0,0;79,47;48,78;0,0;229,01;General Shopper
C000337;Cliente 0337;41,0;1778,52;Quito;Affluent;12168,890000000001;2400,0;2;0,0;50,43;143,07999999999998;41,03;58,23;0,0;44,49;58,45;250,01;156,95;0,0;802,6699999999998;General Shopper
C000338;Cliente 0338;34,0;1337,42;Quito;Mass;5063,02;3700,0;2;0,0;430,01;152,57;49,85;0,0;0,0;0,0;277,77;128,41;0,0;75,09;1113,6999999999998;General Shopper
C000339;Cliente 0339;38,0;4009,34;Quito;Premium;12356,66;9700,0;3;0,0;0,0;186,67;40,25;0,0;0,0;0,0;0,0;34,2;0,0;230,9;492,02;General Shopper
C000340;Cliente 0340;40,0;1902,78;Guayaquil;Affluent;16905,69;2200,0;2;60,92;0,0;368,33;0,0;155,59;0,0;369,99;365,90999999999997;351,27;259,16;353,6;2284,77;General Shopper
C000341;Cliente 0341;31,0;860,36;Ambato;Mass;1390,0500000000002;2400,0;2;0,0;49,95;0,0;0,0;25,21;0,0;0,0;42,17;0,0;33,24;0,0;150,57;General Shopper
C000342;Cliente 0342;37,0;705,84;Cuenca;Mass;1360,6;1100,0;2;0,0;13,97;28,67;0,0;0,0;0,0;0,0;146,98;73,77;0,0;33,78;297,16999999999996;General Shopper
C000343;Cliente 0343;33,0;5926,01;Quito;Pyme;45432,85;16600,0;3;0,0;0,0;0,0;0,0;0,0;0,0;0,0;0,0;240,11;1898,69;0,0;2138,8;Tech Lover
C000344;Cliente 0344;41,0;4594,33;Cuenca;Pyme;85539,59;8300,0;3;0,0;1580,0;0,0;642,73;0,0;0,0;1733,5;0,0;0,0;0,0;0,0;3956,23;General Shopper
C000345;Cliente 0345;36,0;1694,63;Quito;Pyme;20159,43;4000,0;3;0,0;0,0;438,82;763,4;0,0;0,0;56,59;64,06;240,74;0,0;99,55;1663,16;General Shopper
C000346;Cliente 0346;55,0;1309,99;Guayaquil;Mass;4611,7;1700,0;2;0,0;0,0;0,0;390,12;0,0;0,0;47,09;0,0;36,34;40,67;0,0;514,22;General Shopper
C000347;Cliente 0347;40,0;588,77;Guayaquil;Mass;93199,96;900,0;3;0,0;56,66;0,0;93,37;50,03;0,0;0,0;30,67;5,85;17,04;0,0;253,62;General Shopper
C000348;Cliente 0348;43,0;4111,28;Guayaquil;Affluent;25315,13;6700,0;2;425,48;0,0;788,9100000000001;238,51000000000002;0,0;0,0;95,24;85,98;186,38;0,0;216,87;2037,37;General Shopper
C000349;Cliente 0349;26,0;1247,85;Guayaquil;Mass;17631,89;2200,0;2;0,0;0,0;276,09000000000003;0,0;0,0;0,0;306,6;113,46;150,47;29,94;61,75;938,3100000000001;General Shopper
C000350;Cliente 0350;51,0;633,22;Ambato;Joven;6012,92;0,0;2;0,0;0,0;0,0;0,0;0,0;0,0;0,0;0,0;0,0;0,0;0,0;0,0;Sin Consumo
C000351;Cliente 0351;60,0;629,39;Loja;Mass;1883,3899999999999;700,0;2;0,0;84,57;0,0;0,0;0,0;0,0;0,0;79,74000000000001;61,87;248,44;0,0;474,62;Tech Lover
C000352;Cliente 0352;39,0;1364,83;Cuenca;Mass;72321,58;0,0;3;0,0;0,0;0,0;0,0;0,0;0,0;0,0;0,0;0,0;0,0;0,0;0,0;Sin Consumo
C000353;Cliente 0353;18,0;1420,51;Guayaquil;Pyme;12646,75;0,0;1;0,0;0,0;0,0;0,0;0,0;0,0;0,0;0,0;0,0;0,0;0,0;0,0;Sin Consumo
C000354;Cliente 0354;32,0;1703,34;Loja;Affluent;22116,510000000002;0,0;3;0,0;0,0;0,0;0,0;0,0;0,0;0,0;0,0;0,0;0,0;0,0;0,0;Sin Consumo
C000355;Cliente 0355;40,0;798,77;Guayaquil;Joven;3353,64;0,0;1;0,0;0,0;0,0;0,0;0,0;0,0;0,0;0,0;0,0;0,0;0,0;0,0;Sin Consumo
C000356;Cliente 0356;38,0;559,96;Manta;Mass;112915,15000000001;800,0;3;0,0;0,0;148,81;18,49;0,0;0,0;0,0;55,83;112,13;0,0;57,95;393,21;General Shopper
C000357;Cliente 0357;41,0;530,21;Ambato;Mass;600,32;1300,0;1;0,0;93,14;31,54;43,78;0,0;0,0;0,0;0,0;0,0;0,0;17,29;185,74999999999997;General Shopper
C000358;Cliente 0358;42,0;2072,26;Guayaquil;Premium;93761,97;3600,0;3;0,0;0,0;818,56;48,05;57,34;0,0;283,4;0,0;0,0;32,38;127,53;1367,26;Food Lover
C000359;Cliente 0359;43,0;851,19;Quito;Mass;88145,97;1500,0;3;0,0;115,03;26,73;0,0;201,59;0,0;96,31;102,75;21,52;0,0;46,32;610,25;General Shopper
C000360;Cliente 0360;24,0;599,1;Guayaquil;Mass;88553,75;1800,0;4;11,86;8,76;0,0;0,0;0,0;0,0;6,76;18,71;47,21;0,0;67,34;160,64000000000001;General Shopper
C000361;Cliente 0361;55,0;2979,86;Guayaquil;Premium;19422,44;5500,0;2;0,0;191,5;107,4;413,89;0,0;0,0;359,21000000000004;274,64;255,23;74,81;571,42;2248,1;General Shopper
C000362;Cliente 0362;47,0;2527,46;Guayaquil;Affluent;14192,75;5900,0;3;0,0;184,96;101,28;0,0;131,76;0,0;58,69;0,0;116,11;61,86;0,0;654,66;General Shopper
C000363;Cliente 0363;42,0;1872,54;Guayaquil;Affluent;26844,949999999997;0,0;2;0,0;0,0;0,0;0,0;0,0;0,0;0,0;0,0;0,0;0,0;0,0;0,0;Sin Consumo
C000364;Cliente 0364;29,0;1063,68;Quito;Mass;24341,83;2000,0;3;117,25;158,27;22,65;0,0;50,35;0,0;0,0;105,99;48,89;0,0;324,73;828,13;General Shopper
C000365;Cliente 0365;29,0;1128,69;Quito;Mass;4024,88;0,0;1;0,0;0,0;0,0;0,0;0,0;0,0;0,0;0,0;0,0;0,0;0,0;0,0;Sin Consumo
C000366;Cliente 0366;34,0;840,88;Guayaquil;Mass;76404,52;0,0;1;0,0;0,0;0,0;0,0;0,0;0,0;0,0;0,0;0,0;0,0;0,0;0,0;Sin Consumo
C000367;Cliente 0367;22,0;785,39;Quito;Joven;4955,74;2200,0;3;97,06;378,28;0,0;67,66;55,690000000000005;0,0;0,0;20,77;0,0;191,5;38,36;849,32;General Shopper
C000368;Cliente 0368;30,0;653,21;Loja;Mass;85254,64;900,0;4;163,42000000000002;73,01;21,04;0,0;0,0;0,0;0,0;0,0;72,58;57,41;27,32;414,78000000000003;General Shopper
C000369;Cliente 0369;42,0;2964,95;Cuenca;Affluent;9521,71;0,0;1;0,0;0,0;0,0;0,0;0,0;0,0;0,0;0,0;0,0;0,0;0,0;0,0;Sin Consumo
C000370;Cliente 0370;58,0;3180,36;Guayaquil;Pyme;12961,67;9500,0;2;0,0;0,0;0,0;139,61;0,0;0,0;0,0;1029,02;312,98;66,73;0,0;1548,3400000000001;Streaming Lover
C000371;Cliente 0371;19,0;1332,89;Guayaquil;Mass;86751,36;1800,0;2;56,75;86,07;493,11;0,0;113,29;0,0;0,0;0,0;18,09;0,0;0,0;767,3100000000001;Food Lover
C000372;Cliente 0372;40,0;1688,49;Guayaquil;Affluent;12692,16;0,0;2;0,0;0,0;0,0;0,0;0,0;0,0;0,0;0,0;0,0;0,0;0,0;0,0;Sin Consumo
C000373;Cliente 0373;32,0;1150,24;Guayaquil;Mass;6015,18;0,0;1;0,0;0,0;0,0;0,0;0,0;0,0;0,0;0,0;0,0;0,0;0,0;0,0;Sin Consumo
C000374;Cliente 0374;43,0;719,0;Cuenca;Mass;114707,63;700,0;2;0,0;0,0;10,22;0,0;0,0;0,0;0,0;0,0;0,0;0,0;160,63;170,85;Travel Lover
C000375;Cliente 0375;48,0;671,4;Quito;Mass;21378,02;1100,0;2;175,37;46,559999999999995;211,85000000000002;18,84;63,25;0,0;101,87;0,0;12,78;0,0;0,0;630,52;General Shopper
C000376;Cliente 0376;46,0;1741,64;Guayaquil;Premium;10923,710000000001;4700,0;2;131,07999999999998;95,88;326,23;0,0;365,66;0,0;362,75;267,92;83,1;87,13;43,4;1763,15;General Shopper
C000377;Cliente 0377;27,0;4698,34;Quito;Premium;21647,260000000002;8300,0;2;210,0;0,0;630,31;814,05;337,42;0,0;319,96;0,0;0,0;313,37;351,45000000000005;2976,5599999999995;General Shopper
C000378;Cliente 0378;37,0;553,56;Cuenca;Joven;3097,26;1300,0;2;0,0;0,0;0,0;42,55;0,0;0,0;71,93;65,68;0,0;0,0;0,0;180,16000000000003;General Shopper
C000379;Cliente 0379;41,0;663,09;Ambato;Mass;16285,900000000001;1200,0;3;13,99;0,0;15,92;0,0;0,0;0,0;0,0;0,0;15,45;25,3;0,0;70,66;General Shopper
C000380;Cliente 0380;22,0;1214,19;Cuenca;Mass;23719,440000000002;2600,0;2;0,0;23,87;178,8;0,0;18,33;0,0;0,0;32,34;0,0;65,37;373,69;692,4000000000001;Travel Lover
C000381;Cliente 0381;26,0;1530,46;Guayaquil;Affluent;28072,969999999998;3300,0;2;0,0;191,33;0,0;0,0;0,0;0,0;0,0;213,97;0,0;69,35;0,0;474,65;General Shopper
C000382;Cliente 0382;39,0;4263,31;Loja;Premium;142304,62;12200,0;4;1369,91;0,0;282,25;0,0;0,0;0,0;0,0;0,0;0,0;243,28;0,0;1895,44;General Shopper
C000383;Cliente 0383;31,0;1038,79;Desconocida;Mass;1517,34;2900,0;1;129,39;101,13;165,7;0,0;0,0;0,0;0,0;0,0;179,17000000000002;29,41;0,0;604,8;General Shopper
C000384;Cliente 0384;39,0;769,73;Guayaquil;Mass;34063,51;2200,0;3;19,45;0,0;0,0;33,21;0,0;0,0;19,58;0,0;116,72;0,0;0,0;188,96;General Shopper
C000385;Cliente 0385;42,0;3141,0;Guayaquil;Affluent;14928,8;4900,0;3;297,69;61,9;0,0;0,0;0,0;0,0;0,0;106,81;403,46;0,0;541,48;1411,34;General Shopper
C000386;Cliente 0386;27,0;4837,81;Guayaquil;Premium;8320,06;0,0;1;0,0;0,0;0,0;0,0;0,0;0,0;0,0;0,0;0,0;0,0;0,0;0,0;Sin Consumo
C000387;Cliente 0387;24,0;1337,39;Guayaquil;Mass;20171,82;1900,0;2;116,82;0,0;87,59;0,0;16,33;0,0;0,0;84,74;512,06;200,9;0,0;1018,4399999999999;General Shopper
C000388;Cliente 0388;46,0;853,29;Quito;Mass;19078,85;1500,0;2;71,44;62,14;0,0;24,33;14,81;0,0;0,0;0,0;0,0;0,0;0,0;172,71999999999997;General Shopper
C000389;Cliente 0389;32,0;3594,14;Ambato;Pyme;167226,45;4000,0;3;261,07;0,0;346,98;0,0;0,0;0,0;0,0;336,25;1034,87;54,84;1224,78;3258,79;General Shopper
C000390;Cliente 0390;46,0;1620,32;Cuenca;Affluent;14386,93;3600,0;2;0,0;0,0;201,04;90,58;0,0;0,0;0,0;0,0;76,49;118,21000000000001;559,09;1045,41;Travel Lover
C000391;Cliente 0391;25,0;1490,78;Ambato;Mass;85213,45999999999;1700,0;3;112,73;0,0;55,22;0,0;0,0;0,0;0,0;0,0;0,0;42,65;294,37;504,97;Travel Lover
C000392;Cliente 0392;25,0;1756,96;Cuenca;Pyme;12851,27;3500,0;4;233,73;83,29;0,0;157,65;0,0;0,0;20,34;258,94;0,0;100,46000000000001;43,65;898,06;General Shopper
C000393;Cliente 0393;30,0;1408,42;Guayaquil;Mass;59728,57;2300,0;4;81,97;0,0;516,0699999999999;290,84000000000003;584,49;0,0;0,0;0,0;143,15;0,0;0,0;1616,52;General Shopper
C000394;Cliente 0394;33,0;2583,03;Quito;Affluent;3744,25;5900,0;2;0,0;266,41;428,06;0,0;135,17;0,0;84,36;0,0;371,95;0,0;1767,31;3053,26;Travel Lover
C000395;Cliente 0395;47,0;594,63;Cuenca;Joven;92786,72;1500,0;3;52,82;11,61;0,0;0,0;104,08000000000001;0,0;54,17;267,25;64,65;0,0;0,0;554,5799999999999;General Shopper
C000396;Cliente 0396;63,0;2016,23;Guayaquil;Affluent;13134,9;4000,0;3;121,52;0,0;0,0;0,0;0,0;0,0;0,0;250,39999999999998;67,71;409,81;67,89;917,3299999999999;General Shopper
C000397;Cliente 0397;67,0;3278,61;Guayaquil;Premium;26891,07;8400,0;3;368,72;0,0;43,27;356,22;0,0;0,0;0,0;0,0;595,41;198,89;99,21;1661,7199999999998;General Shopper
C000398;Cliente 0398;51,0;3645,09;Guayaquil;Affluent;4211,04;10700,0;1;0,0;237,95;0,0;206,52;0,0;0,0;90,08;1122,24;0,0;451,02;0,0;2107,81;Streaming Lover
C000399;Cliente 0399;55,0;796,69;Quito;Mass;46110,65;1900,0;3;18,3;165,6;88,03;0,0;0,0;0,0;60,36;223,7;0,0;19,71;0,0;575,7;General Shopper
C000400;Cliente 0400;40,0;1001,77;Manta;Mass;121300,79;2600,0;2;0,0;19,11;77,17;0,0;28,01;0,0;33,56;1075,71;0,0;0,0;33,65;1267,21;Streaming Lover
C000401;Cliente 0401;32,0;4211,19;Guayaquil;Premium;28905,72;8300,0;3;0,0;156,25;490,69;0,0;0,0;0,0;0,0;174,79;395,05;443,55;2424,9500000000003;4085,2800000000007;Travel Lover
C000402;Cliente 0402;42,0;3125,81;Guayaquil;Pyme;99954,75;4600,0;4;666,75;0,0;0,0;127,02;434,97;0,0;0,0;114,15;770,3000000000001;0,0;0,0;2113,19;General Shopper
C000403;Cliente 0403;38,0;3338,95;Quito;Pyme;28181,56;6200,0;2;0,0;101,35;274,94;0,0;0,0;0,0;0,0;0,0;0,0;146,96;287,79999999999995;811,05;General Shopper
C000404;Cliente 0404;38,0;2533,56;Quito;Premium;3302,7;0,0;1;0,0;0,0;0,0;0,0;0,0;0,0;0,0;0,0;0,0;0,0;0,0;0,0;Sin Consumo
C000405;Cliente 0405;35,0;1172,73;Guayaquil;Mass;4300,95;3400,0;2;0,0;140,38;0,0;0,0;0,0;0,0;27,59;48,8;28,67;0,0;0,0;245,44;General Shopper
C000406;Cliente 0406;68,0;2173,31;Guayaquil;Affluent;64836,6;6400,0;3;0,0;575,18;937,9399999999999;0,0;0,0;0,0;0,0;0,0;0,0;55,71;0,0;1568,83;Food Lover
C000407;Cliente 0407;40,0;803,94;Guayaquil;Joven;5915,9;1500,0;3;0,0;69,95;0,0;125,91;64,85;0,0;0,0;0,0;182,45;0,0;0,0;443,15999999999997;General Shopper
C000408;Cliente 0408;43,0;1026,42;Quito;Mass;102642,90000000001;3000,0;2;0,0;6,0;0,0;0,0;19,81;0,0;0,0;28,28;57,65;0,0;139,06;250,8;Travel Lover
C000409;Cliente 0409;48,0;1408,52;Quito;Mass;117220,24;2000,0;2;67,63;0,0;39,69;0,0;0,0;0,0;0,0;0,0;454,1;169,55;0,0;730,97;General Shopper
C000410;Cliente 0410;41,0;956,06;Manta;Mass;14589,87;2700,0;3;209,35000000000002;49,73;0,0;0,0;0,0;0,0;0,0;120,26;135,48000000000002;0,0;0,0;514,82;General Shopper
C000411;Cliente 0411;31,0;611,88;Quito;Joven;14592,51;0,0;2;0,0;0,0;0,0;0,0;0,0;0,0;0,0;0,0;0,0;0,0;0,0;0,0;Sin Consumo
C000412;Cliente 0412;18,0;538,75;Quito;Joven;7145,83;900,0;3;15,38;50,04;31,51;94,88;40,8;0,0;42,54;0,0;35,31;0,0;37,21;347,67;General Shopper
C000413;Cliente 0413;36,0;1720,9;Guayaquil;Premium;28667,850000000002;0,0;2;0,0;0,0;0,0;0,0;0,0;0,0;0,0;0,0;0,0;0,0;0,0;0,0;Sin Consumo
C000414;Cliente 0414;37,0;350,0;Manta;Joven;1321,5;800,0;3;12,71;49,57;119,55999999999999;14,31;4,11;0,0;0,0;0,0;200,96;10,26;0,0;411,48;General Shopper
C000415;Cliente 0415;56,0;1008,25;Desconocida;Joven;4194,87;1100,0;3;23,6;0,0;39,42;0,0;0,0;0,0;61,74;0,0;0,0;0,0;174,79000000000002;299,55;Travel Lover
C000416;Cliente 0416;31,0;909,53;Quito;Mass;4784,41;2000,0;3;0,0;21,41;65,17;34,78;0,0;0,0;22,38;162,45999999999998;0,0;0,0;0,0;306,2;Streaming Lover
C000417;Cliente 0417;35,0;1009,22;Manta;Mass;102823,05;2600,0;2;58,74;50,120000000000005;93,11;0,0;0,0;0,0;0,0;0,0;49,93;205,94000000000003;32,93;490,77000000000004;General Shopper
C000418;Cliente 0418;61,0;2544,37;Ambato;Affluent;28924,329999999998;6600,0;3;0,0;0,0;0,0;0,0;0,0;0,0;0,0;84,54;162,86;0,0;511,74;759,1400000000001;Travel Lover
C000419;Cliente 0419;23,0;1341,78;Ambato;Mass;6650,96;0,0;1;0,0;0,0;0,0;0,0;0,0;0,0;0,0;0,0;0,0;0,0;0,0;0,0;Sin Consumo
C000420;Cliente 0420;44,0;523,23;Guayaquil;Mass;110896,95;1100,0;4;14,5;20,46;0,0;13,19;0,0;0,0;22,31;0,0;8,56;135,68;0,0;214,7;Tech Lover
C000421;Cliente 0421;41,0;904,42;Guayaquil;Joven;4500,0;2200,0;3;68,14;152,59;97,28;0,0;33,81;0,0;48,95;32,05;148,71;0,0;0,0;581,53;General Shopper
C000422;Cliente 0422;63,0;1264,45;Ambato;Affluent;97559,7;3100,0;4;0,0;82,38;17,04;0,0;0,0;0,0;0,0;152,81;0,0;301,15;0,0;553,38;Tech Lover
C000423;Cliente 0423;24,0;2401,35;Guayaquil;Affluent;23846,7;5600,0;3;0,0;339,36;176,29000000000002;0,0;0,0;0,0;88,9;0,0;0,0;148,61;0,0;753,1600000000001;General Shopper
C000424;Cliente 0424;53,0;744,95;Loja;Mass;85070,04000000001;2200,0;2;65,99;0,0;23,71;0,0;47,019999999999996;0,0;83,81;32,67;105,48;34,45;0,0;393,13;General Shopper
C000425;Cliente 0425;54,0;3745,05;Guayaquil;Premium;14567,61;9700,0;2;147,67;1065,34;980,41;0,0;104,17;0,0;31,09;294,21;544,72;388,59;63,92;3620,1200000000003;General Shopper
C000426;Cliente 0426;29,0;804,88;Guayaquil;Joven;106891,26;1800,0;2;9,96;16,81;0,0;92,05;21,76;0,0;89,53;0,0;0,0;0,0;29,98;260,09000000000003;General Shopper
C000427;Cliente 0427;28,0;2069,57;Guayaquil;Affluent;1261,37;6000,0;1;0,0;401,83;171,47;0,0;0,0;0,0;0,0;292,17;0,0;244,13;737,14;1846,7399999999998;General Shopper
C000428;Cliente 0428;25,0;490,9;Guayaquil;Mass;589,82;1200,0;1;52,74;393,09;0,0;0,0;0,0;0,0;0,0;79,87;0,0;294,36;102,82;922,8800000000001;General Shopper
C000429;Cliente 0429;19,0;877,47;Quito;Mass;26966,8;2500,0;3;0,0;0,0;28,69;77,61;164,22;0,0;0,0;0,0;337,73;59,29;0,0;667,54;General Shopper
C000430;Cliente 0430;18,0;4528,06;Guayaquil;Premium;148650,15;8700,0;3;192,53;69,26;918,99;0,0;198,05;0,0;0,0;41,15;0,0;207,65;785,22;2412,8500000000004;General Shopper
C000431;Cliente 0431;46,0;943,23;Guayaquil;Mass;2020,02;2800,0;2;0,0;0,0;271,64;0,0;124,33;0,0;206,88;0,0;0,0;338,4;21,01;962,2599999999999;General Shopper
C000432;Cliente 0432;39,0;1061,42;Guayaquil;Mass;126706,84;1200,0;3;106,23;0,0;34,15;0,0;60,48;0,0;0,0;130,05;860,35;16,08;0,0;1207,3400000000001;General Shopper
C000433;Cliente 0433;22,0;927,25;Guayaquil;Joven;23564,59;1400,0;3;18,61;86,37;48,62;160,8;39,03;0,0;56,0;142,70999999999998;21,04;0,0;0,0;573,1800000000001;General Shopper
C000434;Cliente 0434;33,0;1499,55;Quito;Mass;5346,9;1900,0;2;0,0;164,5;13,48;0,0;0,0;0,0;15,64;0,0;71,39;0,0;166,16;431,16999999999996;General Shopper
C000435;Cliente 0435;32,0;862,79;Manta;Mass;76630,28;1000,0;2;117,39;0,0;165,3;0,0;0,0;0,0;0,0;102,37;0,0;38,14;0,0;423,2;General Shopper
C000436;Cliente 0436;66,0;494,76;Quito;Joven;2916,34;1000,0;2;0,0;0,0;0,0;0,0;94,71;0,0;0,0;0,0;0,0;0,0;85,23;179,94;General Shopper
C000437;Cliente 0437;52,0;1256,27;Manta;Joven;81819,09000000001;3700,0;2;64,77000000000001;0,0;129,22;0,0;0,0;0,0;0,0;0,0;0,0;195,3;396,49;785,78;Travel Lover
C000438;Cliente 0438;22,0;4394,06;Guayaquil;Affluent;27500,95;7700,0;3;0,0;103,44;275,61;0,0;134,19;0,0;42,22;0,0;307,13;0,0;237,83;1100,4199999999998;General Shopper
C000439;Cliente 0439;41,0;828,51;Guayaquil;Mass;2327,13;1500,0;2;0,0;36,81;11,86;0,0;0,0;0,0;80,41;0,0;53,89;117,41;136,07;436,45;General Shopper
C000440;Cliente 0440;48,0;754,17;Cuenca;Mass;85594,27;1500,0;3;171,47;0,0;0,0;67,17;35,87;0,0;0,0;0,0;30,55;0,0;0,0;305,06;General Shopper
C000441;Cliente 0441;59,0;960,53;Guayaquil;Mass;5836,4;0,0;1;0,0;0,0;0,0;0,0;0,0;0,0;0,0;0,0;0,0;0,0;0,0;0,0;Sin Consumo
C000442;Cliente 0442;52,0;550,99;Quito;Mass;95623,29000000001;0,0;3;0,0;0,0;0,0;0,0;0,0;0,0;0,0;0,0;0,0;0,0;0,0;0,0;Sin Consumo
C000443;Cliente 0443;36,0;510,61;Loja;Mass;20238,4;0,0;1;0,0;0,0;0,0;0,0;0,0;0,0;0,0;0,0;0,0;0,0;0,0;0,0;Sin Consumo
C000444;Cliente 0444;78,0;1084,38;Guayaquil;Affluent;27093,1;2800,0;3;0,0;0,0;202,19;0,0;0,0;0,0;101,57;0,0;71,77;44,96;8,17;428,65999999999997;General Shopper
C000445;Cliente 0445;50,0;1295,28;Quito;Mass;93017,68;1300,0;3;105,37;0,0;0,0;232,02;0,0;0,0;34,21;0,0;373,32;130,56;0,0;875,48;General Shopper
C000446;Cliente 0446;40,0;659,14;Manta;Joven;-100,0;0,0;1;0,0;0,0;0,0;0,0;0,0;0,0;0,0;0,0;0,0;0,0;0,0;0,0;Sin Consumo
C000447;Cliente 0447;44,0;770,13;Quito;Mass;108022,48;1100,0;3;0,0;0,0;88,03999999999999;0,0;146,54;0,0;0,0;0,0;46,04;0,0;0,0;280,62;General Shopper
C000448;Cliente 0448;40,0;5077,41;Guayaquil;Affluent;79600,02;10800,0;2;1493,55;0,0;175,36;266,39;3236,33;0,0;0,0;688,6800000000001;943,05;471,66;0,0;7275,0199999999995;General Shopper
C000449;Cliente 0449;18,0;1004,83;Quito;Mass;72928,95000000001;2500,0;3;82,82;28,71;193,21;144,87;94,17;0,0;251,87;0,0;25,28;0,0;59,14;880,07;General Shopper
C000450;Cliente 0450;34,0;350,0;Quito;Joven;258,83;0,0;1;0,0;0,0;0,0;0,0;0,0;0,0;0,0;0,0;0,0;0,0;0,0;0,0;Sin Consumo
C000451;Cliente 0451;35,0;2421,47;Guayaquil;Affluent;7096,2300000000005;2700,0;3;0,0;0,0;410,78;0,0;0,0;0,0;0,0;343,15999999999997;0,0;62,58;0,0;816,52;Food Lover
C000452;Cliente 0452;39,0;1218,74;Quito;Joven;4639,47;2900,0;2;166,82;0,0;0,0;0,0;66,58;0,0;0,0;0,0;152,88;0,0;0,0;386,28;General Shopper
C000453;Cliente 0453;39,0;445,25;Manta;Joven;1032,51;0,0;1;0,0;0,0;0,0;0,0;0,0;0,0;0,0;0,0;0,0;0,0;0,0;0,0;Sin Consumo
C000454;Cliente 0454;36,0;930,4;Cuenca;Mass;14721,81;0,0;2;0,0;0,0;0,0;0,0;0,0;0,0;0,0;0,0;0,0;0,0;0,0;0,0;Sin Consumo
C000455;Cliente 0455;54,0;460,22;Cuenca;Joven;154225,98;1200,0;4;0,0;112,34;0,0;3,25;0,0;0,0;68,66;23,59;0,0;23,63;73,85;305,32;General Shopper
C000456;Cliente 0456;25,0;1534,2;Manta;Mass;52450,46;3000,0;2;0,0;0,0;0,0;0,0;99,67;0,0;103,52;0,0;627,8;70,74;0,0;901,73;General Shopper
C000457;Cliente 0457;35,0;485,51;Manta;Mass;2211,88;900,0;2;0,0;0,0;68,71000000000001;94,86;18,36;0,0;0,0;0,0;0,0;46,72;93,86;322,51;General Shopper
C000458;Cliente 0458;20,0;3840,77;Quito;Pyme;112317,8;7700,0;2;237,45;72,18;254,95;287,5;152,52;0,0;190,44;142,03;0,0;0,0;0,0;1337,0700000000002;General Shopper
C000459;Cliente 0459;47,0;838,89;Guayaquil;Joven;271,07;1800,0;1;46,62;0,0;0,0;13,96;0,0;0,0;0,0;806,3199999999999;50,59;0,0;7,57;925,0600000000001;Streaming Lover
C000460;Cliente 0460;53,0;4476,51;Loja;Premium;31041,82;5900,0;3;56,41;89,93;0,0;452,31;0,0;0,0;470,71;0,0;128,66;0,0;177,98;1376,0;General Shopper
C000461;Cliente 0461;28,0;1410,84;Quito;Mass;18789,62;4200,0;2;39,2;0,0;119,18;0,0;0,0;0,0;0,0;0,0;0,0;96,34;448,25;702,97;Travel Lover
C000462;Cliente 0462;36,0;746,86;Quito;Joven;69370,88;1300,0;3;77,19;0,0;0,0;0,0;0,0;0,0;0,0;145,92;0,0;294,11;0,0;517,22;Tech Lover
C000463;Cliente 0463;35,0;1258,62;Quito;Mass;5651,48;1900,0;3;0,0;0,0;0,0;0,0;125,1;0,0;0,0;91,59;867,3199999999999;0,0;0,0;1084,01;General Shopper
C000464;Cliente 0464;38,0;4388,54;Quito;Premium;17092,15;10500,0;2;1120,6399999999999;244,04;0,0;581,61;0,0;0,0;0,0;183,68;844,51;103,16;179,4;3257,04;General Shopper
C000465;Cliente 0465;45,0;863,89;Guayaquil;Mass;1066,99;2500,0;1;0,0;36,92;79,36;0,0;0,0;0,0;155,84;51,76;0,0;0,0;31,09;354,96999999999997;General Shopper
C000466;Cliente 0466;36,0;766,85;Guayaquil;Mass;5963,83;0,0;1;0,0;0,0;0,0;0,0;0,0;0,0;0,0;0,0;0,0;0,0;0,0;0,0;Sin Consumo
C000467;Cliente 0467;61,0;3237,81;Guayaquil;Affluent;64337,36;7800,0;4;0,0;0,0;0,0;249,25;0,0;0,0;369,28;0,0;0,0;66,28;0,0;684,81;General Shopper
C000468;Cliente 0468;42,0;1276,38;Quito;Mass;61562,8;0,0;1;0,0;0,0;0,0;0,0;0,0;0,0;0,0;0,0;0,0;0,0;0,0;0,0;Sin Consumo
C000469;Cliente 0469;29,0;1250,19;Quito;Mass;22568,18;0,0;1;0,0;0,0;0,0;0,0;0,0;0,0;0,0;0,0;0,0;0,0;0,0;0,0;Sin Consumo
C000470;Cliente 0470;47,0;1118,19;Quito;Mass;2702,54;0,0;1;0,0;0,0;0,0;0,0;0,0;0,0;0,0;0,0;0,0;0,0;0,0;0,0;Sin Consumo
C000471;Cliente 0471;37,0;2505,03;Desconocida;Affluent;17390,879999999997;4200,0;2;228,0;295,40999999999997;62,09;0,0;166,02;0,0;431,3;56,01;0,0;353,36;48,2;1640,39;General Shopper
C000472;Cliente 0472;48,0;2995,63;Ambato;Affluent;23845,18;7100,0;2;0,0;0,0;237,52;0,0;0,0;0,0;0,0;447,49;212,68;0,0;0,0;897,69;General Shopper
C000473;Cliente 0473;56,0;1984,74;Loja;Affluent;7405,2699999999995;3800,0;2;0,0;0,0;0,0;0,0;219,04999999999998;0,0;0,0;135,9;479,08;0,0;217,95000000000002;1051,98;General Shopper
C000474;Cliente 0474;56,0;4641,96;Quito;Premium;12906,73;0,0;1;0,0;0,0;0,0;0,0;0,0;0,0;0,0;0,0;0,0;0,0;0,0;0,0;Sin Consumo
C000475;Cliente 0475;36,0;1236,69;Cuenca;Mass;17104,87;2700,0;3;41,24;0,0;0,0;100,5;0,0;0,0;0,0;53,67;138,61;0,0;156,78;490,80000000000007;General Shopper
C000476;Cliente 0476;36,0;989,44;Quito;Mass;21997,91;0,0;2;0,0;0,0;0,0;0,0;0,0;0,0;0,0;0,0;0,0;0,0;0,0;0,0;Sin Consumo
C000477;Cliente 0477;64,0;3107,36;Cuenca;Premium;17042,54;8400,0;2;336,4;0,0;0,0;0,0;0,0;0,0;0,0;1488,76;0,0;154,05;0,0;1979,2099999999998;Streaming Lover
C000478;Cliente 0478;53,0;1092,95;Manta;Mass;4408,76;0,0;1;0,0;0,0;0,0;0,0;0,0;0,0;0,0;0,0;0,0;0,0;0,0;0,0;Sin Consumo
C000479;Cliente 0479;35,0;1033,6;Cuenca;Pyme;2383,71;0,0;2;0,0;0,0;0,0;0,0;0,0;0,0;0,0;0,0;0,0;0,0;0,0;0,0;Sin Consumo
C000480;Cliente 0480;41,0;430,22;Cuenca;Mass;60606,06;500,0;3;0,0;23,88;0,0;71,24;0,0;0,0;5,3;40,9;0,0;24,27;77,34;242,93;General Shopper
C000481;Cliente 0481;36,0;2467,61;Quito;Pyme;769,59;6900,0;2;0,0;80,74000000000001;0,0;0,0;0,0;0,0;0,0;216,88;0,0;0,0;0,0;297,62;Streaming Lover
C000482;Cliente 0482;32,0;1254,56;Quito;Affluent;21228,98;2100,0;3;0,0;124,09;156,83;0,0;0,0;0,0;0,0;0,0;0,0;0,0;0,0;280,92;Food Lover
C000483;Cliente 0483;31,0;3260,26;Quito;Affluent;28585,16;7000,0;4;0,0;124,21;0,0;447,4;147,49;0,0;0,0;0,0;166,39;0,0;0,0;885,49;General Shopper
C000484;Cliente 0484;39,0;7416,87;Guayaquil;Premium;65012,799999999996;11600,0;4;0,0;1571,91;407,59;1557,83;0,0;0,0;473,11;3101,55;2049,23;0,0;0,0;9161,220000000001;General Shopper
C000485;Cliente 0485;18,0;789,07;Loja;Mass;21599,88;0,0;2;0,0;0,0;0,0;0,0;0,0;0,0;0,0;0,0;0,0;0,0;0,0;0,0;Sin Consumo
C000486;Cliente 0486;53,0;3805,37;Guayaquil;Premium;108352,46;0,0;3;0,0;0,0;0,0;0,0;0,0;0,0;0,0;0,0;0,0;0,0;0,0;0,0;Sin Consumo
C000487;Cliente 0487;23,0;484,15;Quito;Mass;97101,20000000001;1100,0;2;40,79;15,24;86,68;0,0;12,66;0,0;48,43;307,77;56,73;0,0;0,0;568,3000000000001;Streaming Lover
C000488;Cliente 0488;47,0;648,72;Manta;Joven;29936,65;1800,0;2;43,33;0,0;128,55;0,0;98,07000000000001;0,0;0,0;202,54;0,0;25,6;30,93;529,02;General Shopper
C000489;Cliente 0489;43,0;1056,6;Loja;Mass;143360,49;0,0;2;0,0;0,0;0,0;0,0;0,0;0,0;0,0;0,0;0,0;0,0;0,0;0,0;Sin Consumo
C000490;Cliente 0490;52,0;1212,76;Quito;Mass;8747,15;0,0;2;0,0;0,0;0,0;0,0;0,0;0,0;0,0;0,0;0,0;0,0;0,0;0,0;Sin Consumo
C000491;Cliente 0491;41,0;1105,28;Quito;Mass;4951,22;3300,0;2;0,0;178,03;359,47;0,0;0,0;0,0;369,32;0,0;239,39000000000001;66,45;0,0;1212,66;General Shopper
C000492;Cliente 0492;40,0;784,97;Cuenca;Joven;599,67;2100,0;1;0,0;0,0;26,05;142,67;0,0;0,0;7,29;18,89;327,84;0,0;0,0;522,74;General Shopper
C000493;Cliente 0493;26,0;835,28;Cuenca;Affluent;32460,73;1500,0;3;0,0;52,7;103,68;0,0;0,0;0,0;47,04;180,38;73,59;166,9;101,93;726,22;General Shopper
C000494;Cliente 0494;51,0;2246,88;Manta;Affluent;91427,67;5400,0;3;54,38;0,0;582,85;239,20000000000002;0,0;0,0;361,26;0,0;167,34;0,0;0,0;1405,0300000000002;General Shopper
C000495;Cliente 0495;36,0;1759,52;Guayaquil;Affluent;35228,020000000004;0,0;2;0,0;0,0;0,0;0,0;0,0;0,0;0,0;0,0;0,0;0,0;0,0;0,0;Sin Consumo
C000496;Cliente 0496;28,0;1540,09;Cuenca;Joven;232,53;1700,0;1;188,86;0,0;286,49;0,0;0,0;0,0;0,0;0,0;36,46;0,0;750,85;1262,66;Travel Lover
C000497;Cliente 0497;35,0;2406,38;Manta;Affluent;93608,03;0,0;2;0,0;0,0;0,0;0,0;0,0;0,0;0,0;0,0;0,0;0,0;0,0;0,0;Sin Consumo
C000498;Cliente 0498;57,0;2783,68;Guayaquil;Pyme;13899,45;0,0;2;0,0;0,0;0,0;0,0;0,0;0,0;0,0;0,0;0,0;0,0;0,0;0,0;Sin Consumo
C000499;Cliente 0499;20,0;4277,03;Quito;Premium;137245,6;0,0;4;0,0;0,0;0,0;0,0;0,0;0,0;0,0;0,0;0,0;0,0;0,0;0,0;Sin Consumo
C000500;Cliente 0500;34,0;1206,86;Guayaquil;Mass;7181,57;1200,0;2;105,22;0,0;188,1;238,05;377,75;0,0;0,0;238,58999999999997;0,0;0,0;0,0;1147,71;General Shopper
C000501;Cliente 0501;41,0;6577,22;Guayaquil;Premium;35293,73;16500,0;3;0,0;932,3;0,0;0,0;201,6;0,0;445,83;305,33;0,0;0,0;0,0;1885,06;General Shopper
C000502;Cliente 0502;49,0;631,7;Guayaquil;Mass;4003,04;1800,0;3;0,0;0,0;0,0;0,0;0,0;0,0;0,0;3,99;67,07;71,39;25,52;167,97;General Shopper
C000503;Cliente 0503;45,0;3104,87;Ambato;Pyme;23760,84;6100,0;2;82,65;0,0;0,0;0,0;184,37;0,0;99,87;0,0;92,37;0,0;0,0;459,26;General Shopper
C000504;Cliente 0504;55,0;686,35;Quito;Mass;7593,22;1300,0;2;43,11;0,0;0,0;72,74000000000001;0,0;0,0;0,0;0,0;0,0;72,22;0,0;188,07;General Shopper
C000505;Cliente 0505;50,0;3095,13;Quito;Premium;9296,47;6300,0;2;363,71000000000004;562,91;234,42;303,56;409,77;0,0;0,0;179,78;0,0;19,61;248,39;2322,1499999999996;General Shopper
C000506;Cliente 0506;34,0;535,2;Quito;Mass;623,49;700,0;1;0,0;0,0;72,43;0,0;29,77;0,0;0,0;0,0;0,0;0,0;14,17;116,37;Food Lover
C000507;Cliente 0507;56,0;1921,08;Cuenca;Mass;7037,99;3700,0;2;0,0;463,96000000000004;110,24;105,7;0,0;0,0;0,0;18,58;68,5;248,48000000000002;540,96;1556,42;General Shopper
C000508;Cliente 0508;35,0;1331,37;Quito;Affluent;71022,58;2000,0;2;121,28;79,19;210,91;0,0;0,0;0,0;0,0;0,0;0,0;103,43;0,0;514,81;General Shopper
C000509;Cliente 0509;51,0;727,42;Cuenca;Mass;1647,53;0,0;1;0,0;0,0;0,0;0,0;0,0;0,0;0,0;0,0;0,0;0,0;0,0;0,0;Sin Consumo
C000510;Cliente 0510;29,0;880,46;Quito;Mass;17149,42;2600,0;2;0,0;23,65;268,61999999999995;201,43;0,0;0,0;42,4;0,0;0,0;0,0;83,95;620,05;General Shopper
C000511;Cliente 0511;42,0;859,97;Guayaquil;Mass;799,21;2200,0;2;180,22;0,0;249,22000000000003;0,0;22,75;0,0;189,67000000000002;25,91;371,79999999999995;0,0;0,0;1039,5700000000002;General Shopper
C000512;Cliente 0512;53,0;2532,18;Quito;Pyme;2950,97;6600,0;1;162,79;0,0;0,0;0,0;60,95;0,0;0,0;146,13;311,37;0,0;241,89;923,13;General Shopper
C000513;Cliente 0513;41,0;2200,13;Quito;Affluent;25553,97;2500,0;3;0,0;213,83;0,0;0,0;0,0;0,0;0,0;0,0;0,0;57,07;239,85;510,75;General Shopper
C000514;Cliente 0514;29,0;710,62;Quito;Mass;3565,4199999999996;1400,0;2;0,0;0,0;432,3;0,0;15,11;0,0;0,0;0,0;95,89;0,0;0,0;543,3;Food Lover
C000515;Cliente 0515;42,0;428,68;Ambato;Joven;68337,54;1000,0;3;0,0;20,24;126,87;0,0;0,0;0,0;0,0;0,0;32,06;77,44;13,41;270,02000000000004;General Shopper
C000516;Cliente 0516;29,0;762,38;Guayaquil;Mass;23542,15;1200,0;3;0,0;162,6;262,12;0,0;0,0;0,0;0,0;0,0;36,95;0,0;392,09000000000003;853,76;General Shopper
C000517;Cliente 0517;36,0;542,35;Quito;Joven;1562,1999999999998;1500,0;2;18,47;7,67;127,57000000000001;30,96;87,41999999999999;0,0;130,87;0,0;89,8;0,0;0,0;492,76;General Shopper
C000518;Cliente 0518;30,0;428,44;Guayaquil;Mass;4831,360000000001;700,0;3;0,0;20,71;0,0;57,019999999999996;20,59;0,0;0,0;13,68;0,0;40,72;20,08;172,79999999999995;General Shopper
C000519;Cliente 0519;38,0;627,12;Manta;Joven;2288,93;1200,0;2;0,0;0,0;28,6;0,0;0,0;0,0;0,0;0,0;0,0;14,6;51,72;94,92;Travel Lover
C000520;Cliente 0520;40,0;928,56;Cuenca;Mass;6393,35;2400,0;2;130,01;0,0;0,0;0,0;0,0;0,0;18,74;0,0;0,0;66,97;13,57;229,29;General Shopper
C000521;Cliente 0521;55,0;4631,87;Guayaquil;Premium;120722,29;0,0;3;0,0;0,0;0,0;0,0;0,0;0,0;0,0;0,0;0,0;0,0;0,0;0,0;Sin Consumo
C000522;Cliente 0522;41,0;853,05;Cuenca;Mass;7544,66;0,0;2;0,0;0,0;0,0;0,0;0,0;0,0;0,0;0,0;0,0;0,0;0,0;0,0;Sin Consumo
C000523;Cliente 0523;45,0;839,22;Quito;Mass;290,94;1700,0;1;0,0;0,0;0,0;31,43;0,0;0,0;270,28999999999996;42,730000000000004;0,0;328,21999999999997;597,38;1270,05;General Shopper
C000524;Cliente 0524;35,0;1382,36;Guayaquil;Pyme;25830,54;3200,0;3;116,6;38,99;219,89;0,0;0,0;0,0;0,0;580,84;194,84;0,0;0,0;1151,16;Streaming Lover
C000525;Cliente 0525;44,0;809,82;Guayaquil;Mass;7018,34;900,0;2;93,66;54,37;56,120000000000005;21,38;39,95;0,0;0,0;12,84;161,62;102,71;0,0;542,6500000000001;General Shopper
C000526;Cliente 0526;32,0;525,02;Quito;Mass;68522,22;1500,0;3;69,59;0,0;57,160000000000004;0,0;21,919999999999998;0,0;60,25;0,0;14,83;9,37;10,18;243,3;General Shopper
C000527;Cliente 0527;18,0;568,56;Quito;Mass;3025,61;700,0;3;0,0;10,66;0,0;0,0;151,97;0,0;162,28;0,0;0,0;0,0;35,14;360,05;General Shopper
C000528;Cliente 0528;59,0;2353,61;Quito;Affluent;124078,14;5100,0;3;0,0;0,0;84,17;82,54;64,85;0,0;93,02;0,0;89,53;255,51999999999998;0,0;669,63;General Shopper
C000529;Cliente 0529;57,0;1497,26;Guayaquil;Affluent;7857,7300000000005;3700,0;3;0,0;33,2;74,27;0,0;0,0;0,0;0,0;54,96;215,13;99,42;221,02;698,0;General Shopper
C000530;Cliente 0530;29,0;1482,02;Quito;Mass;42275,59;0,0;2;0,0;0,0;0,0;0,0;0,0;0,0;0,0;0,0;0,0;0,0;0,0;0,0;Sin Consumo
C000531;Cliente 0531;56,0;670,99;Quito;Joven;64375,46000000001;0,0;2;0,0;0,0;0,0;0,0;0,0;0,0;0,0;0,0;0,0;0,0;0,0;0,0;Sin Consumo
C000532;Cliente 0532;20,0;730,45;Guayaquil;Joven;3937,38;0,0;2;0,0;0,0;0,0;0,0;0,0;0,0;0,0;0,0;0,0;0,0;0,0;0,0;Sin Consumo
C000533;Cliente 0533;45,0;766,22;Quito;Mass;74433,69;1100,0;3;31,4;0,0;143,86;0,0;0,0;0,0;0,0;21,76;0,0;38,14;0,0;235,16000000000003;Food Lover
C000534;Cliente 0534;22,0;1135,26;Manta;Mass;74501,83;3300,0;3;62,17;0,0;0,0;0,0;290,49;0,0;57,12;0,0;20,47;0,0;138,03;568,2800000000001;General Shopper
C000535;Cliente 0535;18,0;2732,78;Quito;Affluent;20109,75;5000,0;3;0,0;70,27;0,0;0,0;0,0;0,0;0,0;194,0;22,52;0,0;0,0;286,79;Streaming Lover
C000536;Cliente 0536;36,0;643,63;Manta;Mass;135548,91;0,0;2;0,0;0,0;0,0;0,0;0,0;0,0;0,0;0,0;0,0;0,0;0,0;0,0;Sin Consumo
C000537;Cliente 0537;27,0;837,67;Loja;Mass;377,34;1200,0;1;0,0;32,54;170,97;53,67;0,0;0,0;0,0;149,65;16,94;27,29;75,95;527,01;General Shopper
C000538;Cliente 0538;44,0;773,91;Guayaquil;Mass;6683,46;0,0;2;0,0;0,0;0,0;0,0;0,0;0,0;0,0;0,0;0,0;0,0;0,0;0,0;Sin Consumo
C000539;Cliente 0539;25,0;1124,8;Guayaquil;Mass;137542,58;0,0;2;0,0;0,0;0,0;0,0;0,0;0,0;0,0;0,0;0,0;0,0;0,0;0,0;Sin Consumo
C000540;Cliente 0540;41,0;756,61;Guayaquil;Mass;5670,83;2200,0;2;0,0;96,49000000000001;79,86;0,0;18,34;0,0;43,36;0,0;64,76;24,41;23,87;351,0900000000001;General Shopper
C000541;Cliente 0541;53,0;882,92;Cuenca;Mass;120651,59999999999;1000,0;2;70,49;24,75;62,62;203,67;0,0;0,0;0,0;0,0;0,0;0,0;0,0;361,53;General Shopper
C000542;Cliente 0542;43,0;1125,96;Cuenca;Mass;74584,62999999999;2700,0;3;0,0;0,0;158,44;135,06;0,0;0,0;0,0;0,0;0,0;32,87;859,76;1186,13;Travel Lover
C000543;Cliente 0543;36,0;778,05;Guayaquil;Mass;6002,88;1200,0;3;0,0;54,68;102,6;55,21;0,0;0,0;118,35;0,0;138,88;0,0;0,0;469,72;General Shopper
C000544;Cliente 0544;43,0;1371,56;Cuenca;Pyme;19850,359999999997;1800,0;2;237,5;112,46;0,0;202,85;0,0;0,0;48,11;0,0;79,53;0,0;11,36;691,81;General Shopper
C000545;Cliente 0545;46,0;1194,51;Guayaquil;Mass;71880,23;2700,0;3;95,36;143,84;94,72999999999999;0,0;28,98;0,0;93,37;0,0;312,05;0,0;118,85;887,18;General Shopper
C000546;Cliente 0546;48,0;916,39;Manta;Mass;1539,59;2400,0;2;0,0;0,0;0,0;0,0;0,0;0,0;60,04;37,28;0,0;81,16;0,0;178,48;General Shopper
C000547;Cliente 0547;34,0;1212,24;Guayaquil;Mass;4135,84;0,0;1;0,0;0,0;0,0;0,0;0,0;0,0;0,0;0,0;0,0;0,0;0,0;0,0;Sin Consumo
C000548;Cliente 0548;33,0;2792,79;Guayaquil;Premium;139534,41;7200,0;4;0,0;0,0;749,02;0,0;0,0;0,0;307,44;61,2;225,3;454,97;130,41;1928,3400000000001;General Shopper
C000549;Cliente 0549;47,0;1141,13;Cuenca;Mass;10530,970000000001;3000,0;3;0,0;55,74;330,02;88,62;0,0;0,0;0,0;31,78;16,38;30,56;0,0;553,0999999999999;Food Lover
C000550;Cliente 0550;18,0;1666,88;Manta;Pyme;12579,91;0,0;1;0,0;0,0;0,0;0,0;0,0;0,0;0,0;0,0;0,0;0,0;0,0;0,0;Sin Consumo
C000551;Cliente 0551;47,0;479,36;Cuenca;Mass;29980,36;1400,0;2;7,67;24,08;0,0;18,44;0,0;0,0;42,62;0,0;0,0;30,16;132,73000000000002;255,70000000000002;Travel Lover
C000552;Cliente 0552;35,0;1993,66;Guayaquil;Affluent;6434,889999999999;2100,0;2;104,46;0,0;79,8;103,17;62,88;0,0;0,0;0,0;0,0;59,96;0,0;410,27;General Shopper
C000553;Cliente 0553;43,0;469,47;Ambato;Joven;4526,09;0,0;1;0,0;0,0;0,0;0,0;0,0;0,0;0,0;0,0;0,0;0,0;0,0;0,0;Sin Consumo
C000554;Cliente 0554;23,0;2445,71;Manta;Affluent;11892,89;3900,0;2;216,01;166,78;68,46;0,0;142,86;0,0;0,0;570,5799999999999;84,5;584,94;0,0;1834,1299999999999;General Shopper
C000555;Cliente 0555;42,0;539,48;Quito;Joven;24358,65;0,0;1;0,0;0,0;0,0;0,0;0,0;0,0;0,0;0,0;0,0;0,0;0,0;0,0;Sin Consumo
C000556;Cliente 0556;27,0;881,1;Ambato;Mass;3451,91;1700,0;2;0,0;52,17;38,15;0,0;0,0;0,0;91,08;381,28;116,12;42,03;0,0;720,8299999999999;Streaming Lover
C000557;Cliente 0557;50,0;5055,6;Guayaquil;Premium;15030,9;11900,0;2;337,25;238,27;0,0;0,0;275,19;0,0;0,0;674,81;1675,77;223,42;0,0;3424,71;General Shopper
C000558;Cliente 0558;38,0;932,23;Guayaquil;Mass;69449,20999999999;1500,0;2;87,57;91,47;149,17000000000002;25,68;0,0;0,0;0,0;0,0;83,28;0,0;0,0;437,16999999999996;General Shopper
C000559;Cliente 0559;43,0;852,91;Quito;Mass;5337,5599999999995;1900,0;2;0,0;128,56;51,019999999999996;15,91;0,0;0,0;0,0;184,14;0,0;0,0;155,94;535,5699999999999;General Shopper
C000560;Cliente 0560;40,0;884,71;Quito;Joven;2890,1600000000003;1000,0;2;300,84000000000003;53,59;0,0;0,0;0,0;0,0;0,0;239,53;0,0;0,0;0,0;593,96;General Shopper
C000561;Cliente 0561;50,0;2103,11;Quito;Affluent;113428,84999999999;0,0;3;0,0;0,0;0,0;0,0;0,0;0,0;0,0;0,0;0,0;0,0;0,0;0,0;Sin Consumo
C000562;Cliente 0562;22,0;963,67;Manta;Mass;4572,37;1800,0;2;0,0;0,0;263,39;16,1;107,8;0,0;0,0;345,1;46,84;25,57;111,28;916,08;General Shopper
C000563;Cliente 0563;59,0;5012,14;Guayaquil;Premium;84882,98999999999;10100,0;3;354,26000000000005;335,77;667,4000000000001;0,0;426,29;0,0;0,0;0,0;916,48;277,15;0,0;2977,35;General Shopper
C000564;Cliente 0564;24,0;845,79;Guayaquil;Joven;1345,93;0,0;1;0,0;0,0;0,0;0,0;0,0;0,0;0,0;0,0;0,0;0,0;0,0;0,0;Sin Consumo
C000565;Cliente 0565;38,0;1201,96;Quito;Mass;15492,52;2500,0;4;0,0;254,03;227,12;0,0;47,9;0,0;113,74;53,09;143,07;0,0;172,05;1011,0;General Shopper
C000566;Cliente 0566;42,0;735,71;Guayaquil;Joven;13866,54;1800,0;2;0,0;0,0;26,31;0,0;0,0;0,0;44,49;101,43;0,0;89,14;0,0;261,37;General Shopper
C000567;Cliente 0567;50,0;1103,12;Guayaquil;Mass;74700,33;3100,0;3;0,0;0,0;93,3;75,18;14,8;0,0;24,75;119,58;86,72;0,0;0,0;414,33000000000004;General Shopper
C000568;Cliente 0568;44,0;751,6;Cuenca;Mass;25813,88;2200,0;3;0,0;301,41999999999996;0,0;0,0;0,0;0,0;46,59;296,7;95,36;87,38;0,0;827,4499999999999;General Shopper
C000569;Cliente 0569;25,0;820,48;Guayaquil;Mass;83535,24;0,0;1;0,0;0,0;0,0;0,0;0,0;0,0;0,0;0,0;0,0;0,0;0,0;0,0;Sin Consumo
C000570;Cliente 0570;36,0;1227,75;Quito;Mass;2628,91;1500,0;2;45,45;141,89;847,6;12,67;159,64999999999998;0,0;0,0;0,0;335,95;143,28;0,0;1686,4899999999998;Food Lover
C000571;Cliente 0571;52,0;9931,98;Guayaquil;Premium;51837,729999999996;22300,0;3;404,66;0,0;1195,65;0,0;1056,54;0,0;544,64;361,18;0,0;0,0;0,0;3562,67;General Shopper
C000572;Cliente 0572;52,0;896,11;Ambato;Mass;95263,6;0,0;2;0,0;0,0;0,0;0,0;0,0;0,0;0,0;0,0;0,0;0,0;0,0;0,0;Sin Consumo
C000573;Cliente 0573;18,0;5486,83;Cuenca;Premium;39760,22;12400,0;2;0,0;0,0;542,45;0,0;0,0;0,0;0,0;0,0;0,0;0,0;1430,9;1973,3500000000001;Travel Lover
C000574;Cliente 0574;45,0;3953,96;Quito;Affluent;262,83;4300,0;2;0,0;540,62;102,88;0,0;0,0;0,0;0,0;1104,35;0,0;0,0;147,75;1895,6;Streaming Lover
C000575;Cliente 0575;25,0;484,83;Guayaquil;Mass;1973,73;1000,0;2;0,0;0,0;0,0;53,54;0,0;0,0;81,16;0,0;89,11;14,04;9,55;247,39999999999998;General Shopper
C000576;Cliente 0576;39,0;3245,47;Cuenca;Affluent;86559,64;0,0;3;0,0;0,0;0,0;0,0;0,0;0,0;0,0;0,0;0,0;0,0;0,0;0,0;Sin Consumo
C000577;Cliente 0577;36,0;1925,81;Guayaquil;Affluent;653,27;2600,0;1;0,0;62,66;0,0;737,69;121,0;0,0;53,89;318,57;40,27;272,17;18,07;1624,32;General Shopper
C000578;Cliente 0578;47,0;2798,85;Manta;Affluent;13085,86;0,0;1;0,0;0,0;0,0;0,0;0,0;0,0;0,0;0,0;0,0;0,0;0,0;0,0;Sin Consumo
C000579;Cliente 0579;18,0;5599,58;Guayaquil;Premium;158653,03;9600,0;4;442,28;0,0;0,0;666,19;81,23;0,0;0,0;0,0;0,0;464,23;1750,07;3404,0;Travel Lover
C000580;Cliente 0580;56,0;575,5;Guayaquil;Joven;15099,81;1000,0;4;99,25;0,0;28,91;120,76;38,25;0,0;120,17;0,0;16,19;198,07;0,0;621,6;General Shopper
C000581;Cliente 0581;36,0;2946,73;Guayaquil;Pyme;41730,77;6300,0;4;0,0;154,62;1125,26;0,0;0,0;0,0;0,0;0,0;477,05;0,0;732,33;2489,26;General Shopper
C000582;Cliente 0582;46,0;1230,41;Guayaquil;Mass;20360,68;1400,0;3;0,0;0,0;93,91;133,84;0,0;0,0;0,0;241,83;0,0;0,0;15,12;484,70000000000005;General Shopper
C000583;Cliente 0583;36,0;1577,87;Loja;Affluent;7266,110000000001;2200,0;2;107,53;0,0;962,32;91,43;211,03;0,0;60,41;26,44;482,02;25,77;39,83;2006,7799999999997;General Shopper
C000584;Cliente 0584;47,0;6325,61;Guayaquil;Affluent;12362,42;12500,0;2;483,12;0,0;0,0;302,88;0,0;0,0;72,59;558,09;239,67;0,0;0,0;1656,35;General Shopper
C000585;Cliente 0585;40,0;5513,05;Quito;Pyme;15561,84;0,0;1;0,0;0,0;0,0;0,0;0,0;0,0;0,0;0,0;0,0;0,0;0,0;0,0;Sin Consumo
C000586;Cliente 0586;42,0;3325,94;Quito;Premium;31200,11;8400,0;4;0,0;138,85;0,0;472,68;0,0;0,0;0,0;0,0;0,0;0,0;1506,1;2117,63;Travel Lover
C000587;Cliente 0587;27,0;2112,97;Quito;Affluent;2833,05;0,0;1;0,0;0,0;0,0;0,0;0,0;0,0;0,0;0,0;0,0;0,0;0,0;0,0;Sin Consumo
C000588;Cliente 0588;19,0;1098,82;Loja;Mass;2979,48;0,0;1;0,0;0,0;0,0;0,0;0,0;0,0;0,0;0,0;0,0;0,0;0,0;0,0;Sin Consumo
C000589;Cliente 0589;56,0;2534,15;Loja;Pyme;7960,33;4400,0;2;0,0;0,0;112,73;62,44;68,51;0,0;0,0;0,0;0,0;90,27;1392,05;1726,0;Travel Lover
C000590;Cliente 0590;22,0;1567,1;Quito;Affluent;21597,53;0,0;3;0,0;0,0;0,0;0,0;0,0;0,0;0,0;0,0;0,0;0,0;0,0;0,0;Sin Consumo
C000591;Cliente 0591;37,0;1044,72;Guayaquil;Mass;28407,96;0,0;3;0,0;0,0;0,0;0,0;0,0;0,0;0,0;0,0;0,0;0,0;0,0;0,0;Sin Consumo
C000592;Cliente 0592;39,0;563,77;Guayaquil;Mass;4384,58;1600,0;2;0,0;0,0;0,0;73,85;67,94;0,0;0,0;0,0;0,0;106,17999999999999;132,19;380,15999999999997;General Shopper
C000593;Cliente 0593;40,0;1276,29;Guayaquil;Pyme;2549,63;0,0;1;0,0;0,0;0,0;0,0;0,0;0,0;0,0;0,0;0,0;0,0;0,0;0,0;Sin Consumo
C000594;Cliente 0594;49,0;973,26;Guayaquil;Mass;2716,5699999999997;2500,0;3;0,0;0,0;0,0;0,0;67,8;0,0;0,0;0,0;184,74;38,14;348,68;639,36;Travel Lover
C000595;Cliente 0595;29,0;1173,43;Quito;Mass;6390,209999999999;2100,0;3;0,0;102,76;83,11;0,0;105,93;0,0;13,13;157,43;19,65;272,41;38,05;792,47;General Shopper
C000596;Cliente 0596;18,0;661,13;Guayaquil;Mass;3570,6400000000003;700,0;3;0,0;119,41;43,23;0,0;57,95;0,0;14,46;65,94;176,0;129,94;0,0;606,9300000000001;General Shopper
C000597;Cliente 0597;61,0;3321,62;Guayaquil;Affluent;28969,37;7000,0;3;131,25;0,0;213,42;0,0;94,91;0,0;0,0;343,83;122,69;319,41;0,0;1225,51;General Shopper
C000598;Cliente 0598;38,0;6821,75;Quito;Premium;25759,06;18200,0;2;0,0;1013,49;980,68;0,0;0,0;0,0;504,82;0,0;485,82;0,0;207,81;3192,62;General Shopper
C000599;Cliente 0599;23,0;1038,01;Cuenca;Mass;6260,81;0,0;2;0,0;0,0;0,0;0,0;0,0;0,0;0,0;0,0;0,0;0,0;0,0;0,0;Sin Consumo
C000600;Cliente 0600;28,0;350,0;Guayaquil;Joven;20209,459999999995;700,0;4;0,0;83,07;0,0;0,0;0,0;0,0;30,95;25,04;0,0;0,0;70,5;209,56;General Shopper
C000601;Cliente 0601;37,0;833,98;Guayaquil;Joven;34303,49;2100,0;3;54,49;0,0;143,27999999999997;36,79;24,92;0,0;0,0;7,13;43,86;0,0;125,3;435,77;General Shopper
C000602;Cliente 0602;28,0;1891,75;Loja;Affluent;101786,57;0,0;2;0,0;0,0;0,0;0,0;0,0;0,0;0,0;0,0;0,0;0,0;0,0;0,0;Sin Consumo
C000603;Cliente 0603;29,0;350,0;Quito;Joven;927,42;1000,0;2;0,0;19,84;40,46;0,0;25,83;0,0;27,23;42,74;40,04;62,29;0,0;258,43;General Shopper
C000604;Cliente 0604;28,0;4163,61;Ambato;Premium;44259,53999999999;6400,0;4;0,0;113,33;631,4;197,34;0,0;0,0;0,0;544,25;0,0;133,47;0,0;1619,7900000000002;General Shopper
C000605;Cliente 0605;23,0;828,68;Quito;Joven;6021,68;1800,0;3;237,95;0,0;47,83;11,81;146,06;0,0;159,72;63,650000000000006;0,0;0,0;0,0;667,02;General Shopper
C000606;Cliente 0606;37,0;1097,71;Quito;Mass;34459,78;0,0;3;0,0;0,0;0,0;0,0;0,0;0,0;0,0;0,0;0,0;0,0;0,0;0,0;Sin Consumo
C000607;Cliente 0607;18,0;2513,53;Ambato;Affluent;7834,81;4600,0;3;0,0;335,3;0,0;0,0;0,0;0,0;745,05;174,58;492,43;325,45;176,82;2249,63;General Shopper
C000608;Cliente 0608;26,0;553,49;Guayaquil;Mass;1285,5500000000002;1000,0;2;88,69;67,62;292,03;11,1;0,0;0,0;18,72;0,0;26,97;0,0;61,17;566,3;Food Lover
C000609;Cliente 0609;23,0;786,95;Cuenca;Mass;101470,68;2200,0;2;0,0;36,34;216,33;0,0;74,59;0,0;0,0;0,0;62,86;0,0;0,0;390,12;Food Lover
C000610;Cliente 0610;25,0;810,71;Quito;Mass;52139,18000000001;1400,0;3;0,0;0,0;663,39;20,58;0,0;0,0;0,0;0,0;126,81;55,45;20,55;886,78;Food Lover
C000611;Cliente 0611;34,0;6658,78;Quito;Premium;130531,87;13900,0;3;0,0;0,0;1881,0100000000002;0,0;0,0;0,0;0,0;0,0;505,53999999999996;264,67;0,0;2651,2200000000003;Food Lover
C000612;Cliente 0612;57,0;3765,71;Manta;Premium;15675,36;5700,0;2;0,0;537,96;281,89;69,68;174,64;0,0;112,95;0,0;25,54;183,88;333,17;1719,71;General Shopper
C000613;Cliente 0613;39,0;1064,77;Guayaquil;Mass;3275,44;1300,0;2;0,0;0,0;0,0;0,0;0,0;0,0;17,31;18,47;184,02;0,0;111,69999999999999;331,5;General Shopper
C000614;Cliente 0614;46,0;8425,25;Quito;Premium;20210,879999999997;23700,0;2;0,0;513,6800000000001;1354,1799999999998;364,31;943,56;0,0;614,9100000000001;0,0;597,56;1279,47;0,0;5667,67;General Shopper
C000615;Cliente 0615;31,0;580,94;Loja;Mass;4456,12;1300,0;2;0,0;73,36;44,33;0,0;30,31;0,0;0,0;49,34;27,48;178,2;23,5;426,52;General Shopper
C000616;Cliente 0616;41,0;893,25;Quito;Joven;29602,5;1200,0;4;0,0;0,0;81,59;0,0;0,0;0,0;94,04;127,45;169,37;0,0;50,1;522,5500000000001;General Shopper
C000617;Cliente 0617;18,0;3236,15;Guayaquil;Premium;49910,99;7700,0;3;700,31;0,0;0,0;217,70000000000002;0,0;0,0;0,0;0,0;1262,27;466,05;98,72;2745,0499999999997;General Shopper
C000618;Cliente 0618;52,0;1159,75;Guayaquil;Mass;126,54;2700,0;1;0,0;150,55;80,54;0,0;47,14;0,0;0,0;45,7;71,77;29,45;125,75999999999999;550,9100000000001;General Shopper
C000619;Cliente 0619;38,0;6522,81;Guayaquil;Premium;20422,58;15600,0;2;0,0;0,0;357,85;0,0;206,53;0,0;0,0;0,0;140,74;0,0;824,25;1529,37;Travel Lover
C000620;Cliente 0620;48,0;5739,22;Quito;Premium;33469,68;8700,0;2;127,79;0,0;0,0;0,0;0,0;0,0;115,65;2960,5;306,83;1763,69;81,61;5356,07;Streaming Lover
C000621;Cliente 0621;18,0;2782,77;Manta;Pyme;68851,18000000001;3100,0;2;0,0;452,01;0,0;120,09;329,64;0,0;0,0;132,43;0,0;314,16;95,6;1443,93;General Shopper
C000622;Cliente 0622;42,0;1018,94;Quito;Mass;417,92999999999995;2200,0;2;0,0;0,0;26,33;0,0;99,94;0,0;0,0;0,0;206,7;58,12;50,92;442,01;General Shopper
C000623;Cliente 0623;29,0;706,93;Ambato;Mass;5367,99;1100,0;2;15,47;0,0;27,96;82,99;0,0;0,0;0,0;8,61;0,0;0,0;0,0;135,02999999999997;General Shopper
C000624;Cliente 0624;54,0;2030,65;Cuenca;Affluent;10092,79;3800,0;2;0,0;147,57;262,03000000000003;0,0;0,0;0,0;0,0;261,58;286,63;35,74;0,0;993,5500000000001;General Shopper
C000625;Cliente 0625;23,0;649,62;Guayaquil;Mass;79311,18000000001;1900,0;2;0,0;0,0;0,0;0,0;26,66;0,0;0,0;66,54;242,72;92,07;0,0;427,99;General Shopper
C000626;Cliente 0626;51,0;3523,58;Quito;Affluent;91980,59;8600,0;3;0,0;0,0;0,0;231,82;0,0;0,0;0,0;0,0;124,65;212,85;2022,4699999999998;2591,79;Travel Lover
C000627;Cliente 0627;36,0;2964,96;Loja;Affluent;13063,34;4600,0;2;0,0;330,58000000000004;1064,65;0,0;0,0;0,0;0,0;615,36;0,0;0,0;100,05;2110,6400000000003;Food Lover
C000628;Cliente 0628;60,0;700,19;Quito;Pyme;23454,33;0,0;2;0,0;0,0;0,0;0,0;0,0;0,0;0,0;0,0;0,0;0,0;0,0;0,0;Sin Consumo
C000629;Cliente 0629;32,0;1784,58;Guayaquil;Mass;4978,29;2400,0;2;0,0;0,0;0,0;0,0;126,66;0,0;0,0;0,0;0,0;0,0;259,74;386,4;Travel Lover
C000630;Cliente 0630;49,0;2733,71;Quito;Affluent;91048,14;6200,0;3;0,0;0,0;314,12;604,33;0,0;0,0;197,69;91,71;319,76;0,0;0,0;1527,6100000000001;General Shopper
C000631;Cliente 0631;47,0;1307,68;Cuenca;Mass;6752,85;3800,0;2;184,65;154,62;0,0;331,24;0,0;0,0;0,0;54,6;0,0;20,76;78,02;823,89;General Shopper
C000632;Cliente 0632;56,0;570,62;Manta;Mass;22170,57;1000,0;2;0,0;0,0;58,79;0,0;0,0;0,0;0,0;76,8;41,42;0,0;0,0;177,01;General Shopper
C000633;Cliente 0633;55,0;483,47;Quito;Joven;22793,22;0,0;2;0,0;0,0;0,0;0,0;0,0;0,0;0,0;0,0;0,0;0,0;0,0;0,0;Sin Consumo
C000634;Cliente 0634;25,0;1043,27;Guayaquil;Joven;6212,75;3000,0;2;0,0;0,0;140,10000000000002;51,54;58,7;0,0;172,06;57,51;32,29;141,27;53,56;707,03;General Shopper
C000635;Cliente 0635;38,0;533,9;Guayaquil;Mass;1074,4099999999999;1300,0;2;0,0;20,38;0,0;0,0;0,0;0,0;24,33;78,37;0,0;10,78;0,0;133,85999999999999;Streaming Lover
C000636;Cliente 0636;41,0;1096,03;Guayaquil;Mass;8201,52;3200,0;2;213,51;15,74;0,0;0,0;238,74;0,0;78,39;0,0;200,69;17,9;0,0;764,9699999999999;General Shopper
C000637;Cliente 0637;47,0;2940,24;Guayaquil;Affluent;92601,66;5400,0;3;437,99;981,14;0,0;108,6;303,5;0,0;314,79999999999995;198,49;0,0;0,0;89,64;2434,16;General Shopper
C000638;Cliente 0638;26,0;1604,64;Guayaquil;Mass;61033,619999999995;3800,0;2;0,0;73,56;108,37;0,0;0,0;0,0;0,0;163,55;0,0;0,0;91,93;437,41;General Shopper
C000639;Cliente 0639;64,0;400,05;Guayaquil;Joven;6123,83;500,0;2;0,0;84,08000000000001;0,0;73,3;0,0;0,0;0,0;5,35;4,94;18,93;17,12;203,72;General Shopper
C000640;Cliente 0640;29,0;1048,61;Guayaquil;Affluent;120547,0;1600,0;4;57,93;7,21;0,0;0,0;0,0;0,0;65,94;0,0;0,0;145,68;0,0;276,76;Tech Lover
C000641;Cliente 0641;46,0;650,58;Cuenca;Joven;5059,61;1100,0;3;0,0;144,84;232,35;0,0;89,63;0,0;114,99;50,269999999999996;0,0;49,16;0,0;681,2399999999999;General Shopper
C000642;Cliente 0642;43,0;876,35;Guayaquil;Mass;18320,1;0,0;1;0,0;0,0;0,0;0,0;0,0;0,0;0,0;0,0;0,0;0,0;0,0;0,0;Sin Consumo
C000643;Cliente 0643;29,0;713,25;Guayaquil;Joven;2993,93;800,0;2;0,0;0,0;0,0;49,57;0,0;0,0;73,52;111,38;0,0;0,0;234,2;468,66999999999996;General Shopper
C000644;Cliente 0644;45,0;5561,48;Manta;Pyme;10272,01;0,0;1;0,0;0,0;0,0;0,0;0,0;0,0;0,0;0,0;0,0;0,0;0,0;0,0;Sin Consumo
C000645;Cliente 0645;43,0;466,62;Loja;Joven;4696,04;800,0;2;0,0;21,66;0,0;0,0;0,0;0,0;16,41;58,209999999999994;36,1;44,33;7,29;183,99999999999997;General Shopper
C000646;Cliente 0646;21,0;972,71;Guayaquil;Mass;66815,76;1800,0;3;0,0;70,12;70,9;0,0;0,0;0,0;0,0;34,24;0,0;37,84;191,63;404,73;General Shopper
C000647;Cliente 0647;30,0;2328,96;Guayaquil;Mass;15614,75;2800,0;3;44,3;454,57;73,94;0,0;0,0;0,0;0,0;0,0;472,5;449,3;190,77;1685,3799999999999;General Shopper
C000648;Cliente 0648;39,0;1465,69;Ambato;Mass;18679,87;4200,0;2;0,0;0,0;149,57;146,01;197,22;0,0;103,02;0,0;48,629999999999995;0,0;85,33;729,7800000000001;General Shopper
C000649;Cliente 0649;50,0;393,85;Cuenca;Joven;125887,26;1100,0;2;55,07000000000001;0,0;0,0;4,9;0,0;0,0;12,5;24,35;14,87;16,96;32,2;160,85000000000002;General Shopper
C000650;Cliente 0650;22,0;2668,41;Manta;Premium;55840,189999999995;0,0;2;0,0;0,0;0,0;0,0;0,0;0,0;0,0;0,0;0,0;0,0;0,0;0,0;Sin Consumo
C000651;Cliente 0651;49,0;1023,6;Cuenca;Joven;5537,35;2300,0;2;0,0;111,66;74,58;44,48;0,0;0,0;0,0;227,4;131,9;27,56;0,0;617,5799999999999;General Shopper
C000652;Cliente 0652;45,0;3141,08;Guayaquil;Affluent;34193,28;9000,0;4;167,21;0,0;524,97;0,0;0,0;0,0;0,0;0,0;255,27999999999997;0,0;0,0;947,46;Food Lover
C000653;Cliente 0653;25,0;2368,46;Quito;Affluent;27463,4;6800,0;2;0,0;0,0;179,85;159,99;0,0;0,0;43,54;613,01;780,1700000000001;0,0;211,15;1987,71;General Shopper
C000654;Cliente 0654;26,0;1505,26;Manta;Mass;4887,13;1900,0;2;0,0;259,01;123,4;0,0;0,0;0,0;56,56;0,0;83,62;356,62;378,5;1257,71;General Shopper
C000655;Cliente 0655;28,0;1154,13;Guayaquil;Affluent;1290,69;1700,0;2;0,0;0,0;0,0;69,16;0,0;0,0;0,0;0,0;108,01;173,06;92,2;442,43;General Shopper
C000656;Cliente 0656;26,0;1107,83;Quito;Mass;1001,47;1900,0;2;0,0;79,67;673,26;66,81;0,0;0,0;0,0;0,0;157,70999999999998;0,0;226,14999999999998;1203,6;Food Lover
C000657;Cliente 0657;30,0;1386,36;Cuenca;Mass;11478,42;3600,0;3;40,68;191,35;0,0;0,0;0,0;0,0;100,66;38,67;153,07;139,84;87,88;752,15;General Shopper
C000658;Cliente 0658;49,0;985,86;Guayaquil;Mass;2656,05;1100,0;2;0,0;98,78999999999999;423,27;0,0;37,06;0,0;94,35;0,0;63,18;0,0;0,0;716,65;Food Lover
C000659;Cliente 0659;29,0;1033,6;Guayaquil;Joven;2060,89;0,0;1;0,0;0,0;0,0;0,0;0,0;0,0;0,0;0,0;0,0;0,0;0,0;0,0;Sin Consumo
C000660;Cliente 0660;40,0;2081,18;Manta;Pyme;30140,54;2100,0;3;0,0;186,97;0,0;412,48;0,0;0,0;23,59;0,0;223,44;557,94;0,0;1404,42;General Shopper
C000661;Cliente 0661;44,0;931,41;Cuenca;Mass;5702,610000000001;2400,0;4;0,0;42,51;14,59;0,0;0,0;0,0;0,0;0,0;0,0;0,0;86,92999999999999;144,02999999999997;Travel Lover
C000662;Cliente 0662;62,0;4204,98;Manta;Pyme;31159,519999999997;7500,0;4;181,0;365,3;226,01;571,23;0,0;0,0;0,0;348,62;0,0;0,0;0,0;1692,1599999999999;General Shopper
C000663;Cliente 0663;41,0;2268,42;Guayaquil;Affluent;14521,730000000001;6000,0;3;0,0;0,0;892,81;0,0;0,0;0,0;0,0;0,0;324,96;0,0;0,0;1217,77;Food Lover
C000664;Cliente 0664;51,0;1861,92;Manta;Affluent;8895,2;3500,0;2;67,89;55,86;0,0;64,77;434,18;0,0;0,0;259,21;409,98;0,0;0,0;1291,89;General Shopper
C000665;Cliente 0665;42,0;533,87;Quito;Premium;16419,04;1200,0;4;0,0;82,82;71,03999999999999;21,97;96,15;0,0;66,15;77,97;0,0;9,19;18,97;444,26;General Shopper
C000666;Cliente 0666;27,0;2216,17;Quito;Pyme;11600,08;0,0;1;0,0;0,0;0,0;0,0;0,0;0,0;0,0;0,0;0,0;0,0;0,0;0,0;Sin Consumo
C000667;Cliente 0667;61,0;912,99;Ambato;Mass;24517,01;0,0;2;0,0;0,0;0,0;0,0;0,0;0,0;0,0;0,0;0,0;0,0;0,0;0,0;Sin Consumo
C000668;Cliente 0668;49,0;1523,88;Guayaquil;Pyme;13309,61;0,0;1;0,0;0,0;0,0;0,0;0,0;0,0;0,0;0,0;0,0;0,0;0,0;0,0;Sin Consumo
C000669;Cliente 0669;40,0;636,48;Guayaquil;Joven;66208,89;1900,0;2;0,0;25,23;261,83000000000004;0,0;0,0;0,0;200,05;0,0;71,61;37,79;83,87;680,38;General Shopper
C000670;Cliente 0670;58,0;802,67;Guayaquil;Mass;15831,55;1900,0;2;45,23;12,46;0,0;37,41;10,44;0,0;182,07999999999998;20,69;0,0;285,96;73,95;668,22;General Shopper
C000671;Cliente 0671;22,0;3177,69;Cuenca;Premium;12648,68;3800,0;3;0,0;0,0;0,0;0,0;0,0;0,0;0,0;499,74;36,0;0,0;0,0;535,74;Streaming Lover
C000672;Cliente 0672;44,0;2131,21;Guayaquil;Affluent;6645,5;0,0;1;0,0;0,0;0,0;0,0;0,0;0,0;0,0;0,0;0,0;0,0;0,0;0,0;Sin Consumo
C000673;Cliente 0673;30,0;5597,19;Quito;Premium;98784,77;16400,0;3;0,0;0,0;1677,48;0,0;0,0;0,0;0,0;926,03;0,0;0,0;939,21;3542,7200000000003;General Shopper
C000674;Cliente 0674;43,0;1518,72;Quito;Mass;16287,960000000001;2700,0;2;38,69;567,36;0,0;0,0;0,0;0,0;129,05;124,8;125,04;52,49;124,12;1161,5499999999997;General Shopper
C000675;Cliente 0675;56,0;1227,07;Quito;Mass;97705,28;2100,0;4;0,0;0,0;0,0;0,0;0,0;0,0;0,0;0,0;0,0;169,72;63,87;233,59;Tech Lover
C000676;Cliente 0676;40,0;824,59;Guayaquil;Mass;2625,87;0,0;1;0,0;0,0;0,0;0,0;0,0;0,0;0,0;0,0;0,0;0,0;0,0;0,0;Sin Consumo
C000677;Cliente 0677;39,0;1213,01;Guayaquil;Mass;3608,65;2600,0;2;0,0;0,0;27,37;129,38;159,25;0,0;0,0;0,0;24,9;46,17;473,11;860,1800000000001;Travel Lover
C000678;Cliente 0678;39,0;2492,72;Quito;Affluent;73045,26999999999;4900,0;4;139,38;114,73;0,0;0,0;0,0;0,0;0,0;663,49;266,01;0,0;26,5;1210,1100000000001;Streaming Lover
C000679;Cliente 0679;26,0;3199,44;Guayaquil;Affluent;91425,92;4900,0;4;0,0;168,21;0,0;140,4;0,0;0,0;83,12;589,5799999999999;0,0;153,64;220,57;1355,5199999999998;General Shopper
C000680;Cliente 0680;42,0;2679,05;Cuenca;Pyme;10928,460000000001;8000,0;2;0,0;378,75;418,34000000000003;0,0;231,09;0,0;0,0;74,06;0,0;335,0;627,51;2064,75;General Shopper
C000681;Cliente 0681;41,0;2182,48;Quito;Affluent;10161,38;4300,0;2;0,0;0,0;195,07;142,68;0,0;0,0;0,0;0,0;147,03;167,75;0,0;652,53;General Shopper
C000682;Cliente 0682;31,0;1482,52;Quito;Affluent;73083,04000000001;4300,0;2;27,24;136,75;213,28000000000003;0,0;0,0;0,0;0,0;0,0;84,59;375,22;84,63;921,71;General Shopper
C000683;Cliente 0683;18,0;1454,15;Quito;Affluent;3731,27;2700,0;2;213,09;117,25;75,15;77,22;0,0;0,0;137,38;0,0;0,0;262,73;0,0;882,82;General Shopper
C000684;Cliente 0684;51,0;1066,23;Manta;Mass;5661,37;0,0;3;0,0;0,0;0,0;0,0;0,0;0,0;0,0;0,0;0,0;0,0;0,0;0,0;Sin Consumo
C000685;Cliente 0685;35,0;3012,44;Guayaquil;Mass;101864,6;0,0;2;0,0;0,0;0,0;0,0;0,0;0,0;0,0;0,0;0,0;0,0;0,0;0,0;Sin Consumo
C000686;Cliente 0686;40,0;829,25;Guayaquil;Mass;100356,98999999999;1200,0;3;6,71;20,39;101,95;0,0;0,0;0,0;0,0;46,53;208,37;0,0;51,45;435,40000000000003;General Shopper
C000687;Cliente 0687;18,0;6306,81;Quito;Premium;34644,77;0,0;3;0,0;0,0;0,0;0,0;0,0;0,0;0,0;0,0;0,0;0,0;0,0;0,0;Sin Consumo
C000688;Cliente 0688;25,0;2435,13;Quito;Affluent;27893,440000000002;0,0;2;0,0;0,0;0,0;0,0;0,0;0,0;0,0;0,0;0,0;0,0;0,0;0,0;Sin Consumo
C000689;Cliente 0689;18,0;2457,93;Quito;Pyme;35876,17;0,0;2;0,0;0,0;0,0;0,0;0,0;0,0;0,0;0,0;0,0;0,0;0,0;0,0;Sin Consumo
C000690;Cliente 0690;53,0;3287,27;Cuenca;Premium;79335,25;8100,0;2;0,0;215,89;110,35;0,0;338,39;0,0;0,0;698,66;0,0;279,79;116,11;1759,1899999999998;General Shopper
C000691;Cliente 0691;46,0;1021,09;Loja;Mass;29839,23;2800,0;2;29,53;0,0;0,0;0,0;141,14999999999998;0,0;28,96;31,87;42,9;0,0;0,0;274,40999999999997;General Shopper
C000692;Cliente 0692;18,0;938,15;Ambato;Mass;7242,69;0,0;1;0,0;0,0;0,0;0,0;0,0;0,0;0,0;0,0;0,0;0,0;0,0;0,0;Sin Consumo
C000693;Cliente 0693;51,0;3424,44;Guayaquil;Affluent;5488,79;0,0;1;0,0;0,0;0,0;0,0;0,0;0,0;0,0;0,0;0,0;0,0;0,0;0,0;Sin Consumo
C000694;Cliente 0694;43,0;4619,61;Guayaquil;Premium;89003,23000000001;10500,0;3;215,47;1178,15;0,0;321,7;0,0;0,0;210,39;0,0;435,83;0,0;1679,06;4040,6;General Shopper
C000695;Cliente 0695;29,0;587,07;Manta;Mass;9535,62;0,0;2;0,0;0,0;0,0;0,0;0,0;0,0;0,0;0,0;0,0;0,0;0,0;0,0;Sin Consumo
C000696;Cliente 0696;42,0;1264,9;Guayaquil;Mass;2877,72;0,0;1;0,0;0,0;0,0;0,0;0,0;0,0;0,0;0,0;0,0;0,0;0,0;0,0;Sin Consumo
C000697;Cliente 0697;23,0;3312,77;Quito;Premium;15875,19;4800,0;2;330,1;271,37;0,0;0,0;833,78;0,0;137,33;0,0;289,95000000000005;0,0;230,44;2092,97;General Shopper
C000698;Cliente 0698;40,0;1599,74;Manta;Pyme;21778,870000000003;3600,0;3;0,0;64,72;0,0;0,0;49,97;0,0;193,91;23,86;0,0;0,0;152,4;484,86;General Shopper
C000699;Cliente 0699;18,0;620,29;Quito;Mass;63915,28999999999;1200,0;2;10,29;11,23;9,46;43,58;146,16;0,0;0,0;21,87;111,7;47,43;0,0;401,72;General Shopper
C000700;Cliente 0700;48,0;1501,49;Manta;Mass;8565,91;2500,0;2;129,92;265,9;95,23;180,0;0,0;0,0;207,38;169,04000000000002;92,88;260,93;212,93;1614,21;General Shopper
C000701;Cliente 0701;53,0;1291,36;Quito;Mass;121,13;1300,0;1;231,64;131,63;401,49;0,0;112,92;0,0;125,63;0,0;0,0;124,83;505,13;1633,27;General Shopper
C000702;Cliente 0702;26,0;3542,06;Quito;Premium;54049,59;6900,0;2;350,03999999999996;121,52;0,0;138,63;0,0;0,0;0,0;127,39;93,47;0,0;0,0;831,05;General Shopper
C000703;Cliente 0703;41,0;3746,18;Manta;Premium;37241,5;9800,0;4;190,3;209,54;0,0;412,92;1125,65;0,0;447,11;158,13;356,9;859,21;136,51;3896,2700000000004;General Shopper
C000704;Cliente 0704;37,0;1294,74;Ambato;Mass;78027,42;1700,0;3;269,96;0,0;0,0;15,42;0,0;0,0;54,74;0,0;142,46;194,0;39,74;716,32;General Shopper
C000705;Cliente 0705;60,0;1002,42;Guayaquil;Mass;66304,38;1300,0;3;135,05;0,0;0,0;0,0;49,55;0,0;0,0;0,0;1051,53;0,0;26,55;1262,6799999999998;General Shopper
C000706;Cliente 0706;59,0;1388,79;Quito;Mass;75929,31999999999;3500,0;3;0,0;0,0;0,0;155,8;117,57;0,0;0,0;0,0;184,93;168,05;0,0;626,35;General Shopper
C000707;Cliente 0707;39,0;841,09;Manta;Mass;700,9;2500,0;1;0,0;0,0;13,98;0,0;25,84;0,0;0,0;244,69;59,88;0,0;0,0;344,39;Streaming Lover
C000708;Cliente 0708;51,0;482,04;Ambato;Mass;45295,37;900,0;3;0,0;0,0;0,0;54,94;4,79;0,0;0,0;109,11;0,0;36,67;0,0;205,51;Streaming Lover
C000709;Cliente 0709;25,0;598,15;Quito;Mass;4139,01;1800,0;2;0,0;47,65;332,94;0,0;0,0;0,0;73,41000000000001;78,47;0,0;66,02;17,58;616,07;Food Lover
C000710;Cliente 0710;38,0;1177,05;Guayaquil;Mass;1634,93;3300,0;2;0,0;0,0;44,2;0,0;0,0;0,0;0,0;0,0;0,0;344,94;0,0;389,14;Tech Lover
C000711;Cliente 0711;42,0;2943,75;Guayaquil;Pyme;108752,34999999999;6900,0;3;0,0;134,5;0,0;524,71;401,07;0,0;0,0;84,52;142,7;0,0;100,39;1387,89;General Shopper
C000712;Cliente 0712;53,0;770,09;Guayaquil;Joven;937,7199999999999;1100,0;2;37,55;148,95999999999998;112,86000000000001;25,31;0,0;0,0;0,0;334,88;370,92999999999995;149,0;0,0;1179,49;General Shopper
C000713;Cliente 0713;29,0;3583,01;Guayaquil;Premium;21050,55;0,0;1;0,0;0,0;0,0;0,0;0,0;0,0;0,0;0,0;0,0;0,0;0,0;0,0;Sin Consumo
C000714;Cliente 0714;37,0;1047,4;Guayaquil;Joven;19552,399999999998;1700,0;3;67,96;0,0;0,0;109,86;63,47;0,0;0,0;0,0;293,12;0,0;0,0;534,4100000000001;General Shopper
C000715;Cliente 0715;39,0;2515,17;Guayaquil;Affluent;9965,94;3200,0;2;225,53;118,51;142,97;1066,01;176,95;0,0;0,0;64,72;233,89000000000001;235,32;0,0;2263,9;General Shopper
C000716;Cliente 0716;19,0;913,03;Guayaquil;Mass;84406,6;1400,0;2;51,4;17,24;0,0;0,0;0,0;0,0;0,0;109,29;0,0;0,0;15,49;193,42000000000002;Streaming Lover
C000717;Cliente 0717;28,0;539,88;Quito;Mass;69432,21;1100,0;3;0,0;0,0;277,84;0,0;0,0;0,0;0,0;0,0;8,87;0,0;0,0;286,71;Food Lover
C000718;Cliente 0718;55,0;1898,2;Guayaquil;Mass;6266,0;3400,0;2;0,0;0,0;736,64;164,7;0,0;0,0;102,78;75,67;460,94;63,65;0,0;1604,38;General Shopper
C000719;Cliente 0719;40,0;2582,43;Quito;Pyme;13864,91;6100,0;2;363,96999999999997;157,85;107,75;0,0;836,53;0,0;303,18;0,0;0,0;100,45;243,04;2112,77;General Shopper
C000720;Cliente 0720;26,0;1146,08;Guayaquil;Mass;1215,73;1400,0;2;0,0;0,0;238,65;68,26;0,0;0,0;0,0;38,34;211,12;127,38000000000001;0,0;683,75;General Shopper
C000721;Cliente 0721;28,0;1225,46;Guayaquil;Mass;21120,949999999997;2900,0;2;240,22;74,48;0,0;0,0;39,79;0,0;0,0;0,0;55,72;0,0;54,940000000000005;465,15;General Shopper
C000722;Cliente 0722;47,0;2116,37;Guayaquil;Affluent;98792,78;5100,0;2;108,02;104,32;748,23;181,36;0,0;0,0;92,25;247,31;166,69;0,0;0,0;1648,18;General Shopper
C000723;Cliente 0723;38,0;1325,87;Guayaquil;Mass;4395,01;3400,0;2;0,0;191,86;55,43;0,0;96,81;0,0;41,39;264,38;154,32;182,47;19,64;1006,3000000000001;General Shopper
C000724;Cliente 0724;33,0;2884,28;Guayaquil;Pyme;56088,2;0,0;2;0,0;0,0;0,0;0,0;0,0;0,0;0,0;0,0;0,0;0,0;0,0;0,0;Sin Consumo
C000725;Cliente 0725;30,0;703,23;Guayaquil;Joven;1096,6599999999999;1400,0;2;68,6;8,25;117,39;22,41;0,0;0,0;0,0;58,05;12,36;0,0;0,0;287,06;General Shopper
C000726;Cliente 0726;33,0;497,7;Ambato;Mass;15163,689999999999;1100,0;3;0,0;28,560000000000002;0,0;0,0;7,33;0,0;0,0;0,0;68,08;3,23;121,72;228,92000000000002;Travel Lover
C000727;Cliente 0727;29,0;1519,48;Desconocida;Mass;1704,86;3500,0;1;0,0;30,47;207,19;0,0;0,0;0,0;0,0;34,22;0,0;0,0;145,85;417,73;General Shopper
C000728;Cliente 0728;50,0;1019,9;Loja;Mass;23204,9;1400,0;3;0,0;0,0;0,0;117,76;0,0;0,0;0,0;0,0;0,0;8,72;39,71;166,19;General Shopper
C000729;Cliente 0729;20,0;1123,88;Quito;Mass;987,05;0,0;1;0,0;0,0;0,0;0,0;0,0;0,0;0,0;0,0;0,0;0,0;0,0;0,0;Sin Consumo
C000730;Cliente 0730;62,0;545,17;Quito;Mass;73499,51000000001;0,0;2;0,0;0,0;0,0;0,0;0,0;0,0;0,0;0,0;0,0;0,0;0,0;0,0;Sin Consumo
C000731;Cliente 0731;33,0;2445,99;Cuenca;Premium;25985,6;6000,0;2;0,0;0,0;0,0;0,0;536,73;0,0;84,15;0,0;0,0;104,53;604,81;1330,2199999999998;General Shopper
C000732;Cliente 0732;48,0;1448,17;Quito;Pyme;20570,870000000003;3100,0;2;0,0;277,64;60,48;45,72;0,0;0,0;0,0;258,65;0,0;0,0;0,0;642,49;General Shopper
C000733;Cliente 0733;52,0;1981,25;Quito;Mass;1502,77;2900,0;1;0,0;0,0;194,49;0,0;0,0;0,0;0,0;102,13;161,33;0,0;473,03999999999996;930,99;Travel Lover
C000734;Cliente 0734;39,0;595,59;Manta;Joven;81929,87;0,0;1;0,0;0,0;0,0;0,0;0,0;0,0;0,0;0,0;0,0;0,0;0,0;0,0;Sin Consumo
C000735;Cliente 0735;47,0;2493,63;Quito;Pyme;7491,9800000000005;6500,0;2;0,0;247,15;86,86;246,29;0,0;0,0;132,35;78,37;425,58;59,9;645,65;1922,15;General Shopper
C000736;Cliente 0736;42,0;647,42;Quito;Mass;27064,32;1500,0;3;136,07;0,0;0,0;0,0;0,0;0,0;0,0;0,0;0,0;46,06;209,19;391,32;Travel Lover
C000737;Cliente 0737;32,0;850,5;Guayaquil;Mass;1535,98;0,0;1;0,0;0,0;0,0;0,0;0,0;0,0;0,0;0,0;0,0;0,0;0,0;0,0;Sin Consumo
C000738;Cliente 0738;43,0;910,72;Manta;Mass;82577,56000000001;1200,0;2;187,38;17,13;0,0;37,66;34,36;0,0;0,0;96,09;107,31;119,9;0,0;599,8299999999999;General Shopper
C000739;Cliente 0739;52,0;3953,64;Manta;Premium;26932,7;9000,0;3;0,0;97,45;0,0;0,0;108,24;0,0;0,0;265,47;84,72;0,0;0,0;555,8800000000001;General Shopper
C000740;Cliente 0740;40,0;3428,43;Cuenca;Affluent;30613,44;0,0;2;0,0;0,0;0,0;0,0;0,0;0,0;0,0;0,0;0,0;0,0;0,0;0,0;Sin Consumo
C000741;Cliente 0741;39,0;2649,04;Guayaquil;Pyme;14738,88;0,0;2;0,0;0,0;0,0;0,0;0,0;0,0;0,0;0,0;0,0;0,0;0,0;0,0;Sin Consumo
C000742;Cliente 0742;37,0;1058,89;Guayaquil;Mass;27503,92;2600,0;3;83,36;353,65;0,0;0,0;0,0;0,0;0,0;476,8;0,0;0,0;0,0;913,81;Streaming Lover
C000743;Cliente 0743;39,0;1318,04;Guayaquil;Mass;436,3;1500,0;1;166,75;134,98000000000002;59,32;87,78;324,69;0,0;31,7;102,14;0,0;0,0;0,0;907,36;General Shopper
C000744;Cliente 0744;18,0;807,72;Guayaquil;Mass;94962,95999999999;1300,0;3;0,0;41,7;6,32;0,0;0,0;0,0;53,96000000000001;100,5;0,0;34,31;0,0;236,79000000000002;General Shopper
C000745;Cliente 0745;33,0;1011,19;Quito;Mass;30300,18;0,0;1;0,0;0,0;0,0;0,0;0,0;0,0;0,0;0,0;0,0;0,0;0,0;0,0;Sin Consumo
C000746;Cliente 0746;50,0;2051,18;Quito;Affluent;1374,77;6000,0;1;283,0;0,0;541,35;42,9;256,59;0,0;0,0;156,74;46,59;191,65;38,26;1557,0800000000002;General Shopper
C000747;Cliente 0747;40,0;2314,43;Manta;Joven;50404,85;4100,0;2;0,0;0,0;510,21999999999997;0,0;0,0;0,0;45,57;133,92;81,24;210,38;339,48;1320,81;General Shopper
C000748;Cliente 0748;50,0;1065,79;Quito;Mass;5846,76;2200,0;2;0,0;28,85;0,0;534,5;0,0;0,0;0,0;575,4;0,0;0,0;72,19999999999999;1210,95;General Shopper
C000749;Cliente 0749;46,0;3548,66;Quito;Pyme;34811,83;7500,0;4;0,0;89,79;0,0;180,51;0,0;0,0;0,0;719,23;380,76;64,27;0,0;1434,56;Streaming Lover
C000750;Cliente 0750;22,0;1311,89;Guayaquil;Mass;4273,15;3900,0;2;0,0;38,15;0,0;0,0;0,0;0,0;0,0;44,46;232,66;275,71000000000004;0,0;590,98;General Shopper
C000751;Cliente 0751;28,0;666,32;Quito;Mass;734,94;1100,0;2;251,12;9,89;163,84;72,01;7,98;0,0;53,620000000000005;56,599999999999994;64,29;0,0;0,0;679,35;General Shopper
C000752;Cliente 0752;47,0;456,6;Cuenca;Joven;1298,7;700,0;2;0,0;0,0;33,58;2,22;0,0;0,0;7,88;7,54;63,2;10,21;0,0;124,63;General Shopper
C000753;Cliente 0753;39,0;1151,51;Quito;Affluent;28219,9;2000,0;3;0,0;25,4;50,83;194,02;53,91;0,0;141,28;0,0;18,17;0,0;0,0;483,61;General Shopper
C000754;Cliente 0754;54,0;1515,54;Guayaquil;Mass;79562,08;2500,0;3;66,7;98,59;300,42;0,0;0,0;0,0;0,0;0,0;194,86;0,0;98,75;759,32;General Shopper
C000755;Cliente 0755;50,0;4207,24;Guayaquil;Premium;48859,19;10800,0;3;0,0;356,06;869,42;308,09;0,0;0,0;0,0;0,0;0,0;0,0;0,0;1533,57;Food Lover
C000756;Cliente 0756;44,0;492,59;Manta;Joven;284,92;800,0;2;0,0;196,92000000000002;0,0;0,0;0,0;0,0;0,0;130,63;9,66;102,77;20,21;460,19;General Shopper
C000757;Cliente 0757;30,0;502,95;Loja;Joven;1385,76;0,0;2;0,0;0,0;0,0;0,0;0,0;0,0;0,0;0,0;0,0;0,0;0,0;0,0;Sin Consumo
C000758;Cliente 0758;22,0;1587,05;Manta;Mass;34084,16;0,0;3;0,0;0,0;0,0;0,0;0,0;0,0;0,0;0,0;0,0;0,0;0,0;0,0;Sin Consumo
C000759;Cliente 0759;37,0;813,83;Guayaquil;Mass;12446,97;1800,0;2;0,0;0,0;30,68;0,0;0,0;0,0;30,48;47,83;22,3;150,14999999999998;440,81;722,25;Travel Lover
C000760;Cliente 0760;46,0;4056,48;Guayaquil;Premium;116521,4;8900,0;4;247,32999999999998;198,97;1195,82;359,64;271,17;0,0;164,78;0,0;162,76;179,24;0,0;2779,71;General Shopper
C000761;Cliente 0761;18,0;3377,92;Guayaquil;Affluent;70286,12;0,0;1;0,0;0,0;0,0;0,0;0,0;0,0;0,0;0,0;0,0;0,0;0,0;0,0;Sin Consumo
C000762;Cliente 0762;61,0;883,08;Quito;Mass;29970,58;0,0;2;0,0;0,0;0,0;0,0;0,0;0,0;0,0;0,0;0,0;0,0;0,0;0,0;Sin Consumo
C000763;Cliente 0763;35,0;2517,46;Quito;Affluent;8591,26;5000,0;2;86,81;104,46;0,0;0,0;0,0;0,0;0,0;321,22;148,8;47,08;0,0;708,37;General Shopper
C000764;Cliente 0764;53,0;651,5;Ambato;Mass;2247,47;0,0;1;0,0;0,0;0,0;0,0;0,0;0,0;0,0;0,0;0,0;0,0;0,0;0,0;Sin Consumo
C000765;Cliente 0765;54,0;1643,49;Manta;Affluent;114690,37;2000,0;3;0,0;726,22;0,0;359,24;0,0;0,0;560,25;0,0;197,59;0,0;581,04;2424,34;General Shopper
C000766;Cliente 0766;31,0;3262,26;Cuenca;Pyme;39794,399999999994;4800,0;3;248,35;106,77;0,0;0,0;238,89;0,0;0,0;314,05;0,0;0,0;0,0;908,0600000000001;General Shopper
C000767;Cliente 0767;55,0;967,8;Guayaquil;Mass;2500,84;2100,0;2;80,92;41,93;6,01;0,0;75,52;0,0;0,0;0,0;292,53000000000003;30,41;319,94;847,26;General Shopper
C000768;Cliente 0768;28,0;1303,62;Cuenca;Affluent;11692,89;2200,0;3;0,0;344,42;114,7;302,83000000000004;0,0;0,0;27,58;116,54;39,87;299,15000000000003;0,0;1245,0900000000001;General Shopper
C000769;Cliente 0769;45,0;955,31;Quito;Mass;56546,31;1300,0;3;56,54;92,8;308,62;26,08;0,0;0,0;0,0;0,0;0,0;0,0;271,34999999999997;755,3899999999999;General Shopper
C000770;Cliente 0770;45,0;5100,35;Quito;Pyme;13643,470000000001;8900,0;2;67,97;297,55;787,05;0,0;0,0;0,0;0,0;0,0;262,83;209,09;2090,87;3715,3599999999997;Travel Lover
C000771;Cliente 0771;41,0;3317,77;Guayaquil;Pyme;13662,869999999999;4800,0;2;0,0;75,87;154,27;0,0;196,09;0,0;272,98;493,37;279,87;0,0;0,0;1472,45;General Shopper
C000772;Cliente 0772;55,0;2540,96;Desconocida;Affluent;121780,87;0,0;3;0,0;0,0;0,0;0,0;0,0;0,0;0,0;0,0;0,0;0,0;0,0;0,0;Sin Consumo
C000773;Cliente 0773;29,0;2645,17;Loja;Affluent;31613,7;0,0;2;0,0;0,0;0,0;0,0;0,0;0,0;0,0;0,0;0,0;0,0;0,0;0,0;Sin Consumo
C000774;Cliente 0774;47,0;1060,22;Cuenca;Mass;4881,77;2200,0;2;0,0;63,52;0,0;0,0;46,6;0,0;84,84;0,0;200,79;92,75;133,69;622,19;General Shopper
C000775;Cliente 0775;39,0;600,3;Quito;Mass;1813,1999999999998;1200,0;2;99,36;0,0;0,0;42,35;0,0;0,0;24,95;10,39;300,44;0,0;0,0;477,49;General Shopper
C000776;Cliente 0776;32,0;2432,59;Guayaquil;Affluent;68428,99;0,0;3;0,0;0,0;0,0;0,0;0,0;0,0;0,0;0,0;0,0;0,0;0,0;0,0;Sin Consumo
C000777;Cliente 0777;43,0;3548,72;Quito;Premium;59796,009999999995;5300,0;4;523,52;157,26;80,45;228,72;0,0;0,0;0,0;0,0;631,53;371,66;287,91;2281,05;General Shopper
C000778;Cliente 0778;44,0;622,42;Cuenca;Mass;1055,18;1500,0;1;0,0;0,0;0,0;0,0;75,88;0,0;46,06;0,0;61,78;207,68;0,0;391,4;Tech Lover
C000779;Cliente 0779;27,0;603,71;Manta;Mass;48609,19;0,0;2;0,0;0,0;0,0;0,0;0,0;0,0;0,0;0,0;0,0;0,0;0,0;0,0;Sin Consumo
C000780;Cliente 0780;55,0;830,14;Guayaquil;Mass;3374,15;1900,0;2;0,0;353,98;84,89;0,0;12,6;0,0;63,160000000000004;162,85;109,27;0,0;38,63;825,38;General Shopper
C000781;Cliente 0781;43,0;3667,99;Guayaquil;Pyme;2067,79;8100,0;1;102,18;330,79;820,58;0,0;0,0;0,0;429,03;296,55;0,0;1201,5800000000002;0,0;3180,71;General Shopper
C000782;Cliente 0782;32,0;716,11;Guayaquil;Mass;17209,82;1000,0;2;23,76;243,04000000000002;130,69;0,0;0,0;0,0;28,35;0,0;7,53;0,0;0,0;433,37;General Shopper
C000783;Cliente 0783;31,0;2301,42;Guayaquil;Pyme;11065,619999999999;5700,0;2;0,0;506,51;147,34;0,0;665,26;0,0;76,16;680,58;0,0;175,84;456,45;2708,14;General Shopper
C000784;Cliente 0784;43,0;1591,28;Quito;Mass;69325,28;3000,0;3;32,58;0,0;522,02;0,0;0,0;0,0;116,02;151,78;128,87;0,0;103,2;1054,47;General Shopper
C000785;Cliente 0785;46,0;735,18;Manta;Mass;1773,65;1800,0;2;64,25999999999999;48,83;42,89;15,93;17,25;0,0;26,82;26,79;0,0;0,0;0,0;242,76999999999998;General Shopper
C000786;Cliente 0786;35,0;4708,36;Quito;Premium;31563,969999999998;11100,0;3;0,0;0,0;1130,11;0,0;0,0;0,0;0,0;0,0;0,0;604,05;0,0;1734,1599999999999;Food Lover
C000787;Cliente 0787;41,0;604,83;Cuenca;Joven;12307,54;1400,0;3;0,0;0,0;74,47;90,07;65,5;0,0;0,0;0,0;35,17;0,0;37,5;302,71;General Shopper
C000788;Cliente 0788;21,0;2639,21;Guayaquil;Affluent;75795,28;5200,0;3;208,86;0,0;336,83;577,77;0,0;0,0;229,0;0,0;172,18;114,56;121,16;1760,3600000000001;General Shopper
C000789;Cliente 0789;63,0;2669,15;Ambato;Affluent;117354,55;5600,0;2;0,0;356,27;0,0;129,43;0,0;0,0;0,0;285,95;0,0;421,48;112,41;1305,5400000000002;General Shopper
C000790;Cliente 0790;31,0;944,69;Desconocida;Joven;4718,38;2100,0;2;0,0;100,57;66,41;18,57;25,66;0,0;143,63;0,0;89,3;442,46;53,47;940,0699999999999;General Shopper
C000791;Cliente 0791;34,0;645,18;Quito;Mass;96595,83;800,0;2;0,0;50,29;79,19;0,0;0,0;0,0;17,89;49,36;53,9;225,61;0,0;476,24;General Shopper
C000792;Cliente 0792;47,0;2947,0;Quito;Pyme;11521,07;6500,0;2;68,95;0,0;326,02;595,02;57,89;0,0;58,67;588,99;0,0;0,0;0,0;1695,54;General Shopper
C000793;Cliente 0793;48,0;986,32;Quito;Mass;24281,36;2300,0;3;224,76999999999998;147,3;0,0;0,0;49,73;0,0;168,16;10,57;29,08;0,0;0,0;629,6099999999999;General Shopper
C000794;Cliente 0794;32,0;1808,61;Guayaquil;Affluent;118313,31999999999;0,0;2;0,0;0,0;0,0;0,0;0,0;0,0;0,0;0,0;0,0;0,0;0,0;0,0;Sin Consumo
C000795;Cliente 0795;27,0;3986,64;Ambato;Pyme;13393,939999999999;0,0;2;0,0;0,0;0,0;0,0;0,0;0,0;0,0;0,0;0,0;0,0;0,0;0,0;Sin Consumo
C000796;Cliente 0796;45,0;1784,74;Quito;Pyme;89641,54;0,0;2;0,0;0,0;0,0;0,0;0,0;0,0;0,0;0,0;0,0;0,0;0,0;0,0;Sin Consumo
C000797;Cliente 0797;36,0;1212,29;Ambato;Mass;16402,75;3400,0;3;45,49;42,43;0,0;154,29999999999998;81,44;0,0;186,58;310,24;32,68;0,0;145,09;998,2500000000001;General Shopper
C000798;Cliente 0798;51,0;820,36;Manta;Mass;32302,06;1500,0;2;0,0;0,0;56,87;0,0;168,55;0,0;16,9;0,0;74,56;0,0;349,11;665,99;Travel Lover
C000799;Cliente 0799;35,0;420,94;Cuenca;Joven;1248,57;0,0;1;0,0;0,0;0,0;0,0;0,0;0,0;0,0;0,0;0,0;0,0;0,0;0,0;Sin Consumo
C000800;Cliente 0800;31,0;350,0;Cuenca;Joven;19105,5;600,0;3;0,0;26,97;29,97;0,0;0,0;0,0;0,0;193,16;38,95;0,0;0,0;289,05;Streaming Lover
C000801;Cliente 0801;39,0;1308,02;Cuenca;Mass;3500,9;2200,0;2;0,0;0,0;0,0;0,0;0,0;0,0;0,0;519,63;0,0;0,0;0,0;519,63;Streaming Lover
C000802;Cliente 0802;60,0;2352,35;Cuenca;Pyme;34058,52;6800,0;4;160,19;0,0;69,12;31,72;0,0;0,0;0,0;0,0;591,64;0,0;0,0;852,67;General Shopper
C000803;Cliente 0803;30,0;703,5;Guayaquil;Mass;101659,27;1300,0;4;170,35;23,24;17,4;0,0;0,0;0,0;0,0;228,03;22,14;99,57;0,0;560,73;General Shopper
C000804;Cliente 0804;25,0;2511,33;Quito;Affluent;11740,73;0,0;2;0,0;0,0;0,0;0,0;0,0;0,0;0,0;0,0;0,0;0,0;0,0;0,0;Sin Consumo
C000805;Cliente 0805;42,0;951,13;Guayaquil;Mass;301,39;2600,0;1;0,0;141,94;142,37;0,0;0,0;0,0;118,31;118,74;218,94;52,43;0,0;792,7299999999999;General Shopper
C000806;Cliente 0806;28,0;1399,61;Quito;Mass;6107,87;2000,0;2;0,0;45,69;0,0;101,78;48,54;0,0;0,0;129,6;44,74;0,0;0,0;370,35;General Shopper
C000807;Cliente 0807;24,0;1552,95;Manta;Affluent;67633,58;4100,0;3;0,0;0,0;102,08;0,0;0,0;0,0;0,0;0,0;58,24;0,0;449,05;609,37;Travel Lover
C000808;Cliente 0808;57,0;797,47;Loja;Joven;4116,73;1200,0;2;0,0;0,0;0,0;0,0;0,0;0,0;0,0;0,0;203,71;0,0;25,32;229,03;General Shopper
C000809;Cliente 0809;44,0;3188,85;Quito;Premium;53347,5;9600,0;3;67,52;0,0;0,0;116,65;565,62;0,0;268,78;528,76;0,0;283,49;108,22;1939,04;General Shopper
C000810;Cliente 0810;43,0;882,2;Cuenca;Joven;109034,04;2300,0;3;0,0;0,0;0,0;18,09;23,09;0,0;0,0;0,0;86,87;22,02;128,16;278,23;General Shopper
C000811;Cliente 0811;27,0;1784,27;Guayaquil;Affluent;1215,97;2100,0;2;0,0;173,35;272,82;0,0;0,0;0,0;0,0;34,71;350,14;91,31;730,9000000000001;1653,23;General Shopper
C000812;Cliente 0812;36,0;769,62;Guayaquil;Mass;1697,22;0,0;1;0,0;0,0;0,0;0,0;0,0;0,0;0,0;0,0;0,0;0,0;0,0;0,0;Sin Consumo
C000813;Cliente 0813;52,0;935,02;Ambato;Joven;1319,24;1800,0;1;430,62;0,0;233,82;20,61;102,76;0,0;58,400000000000006;0,0;101,77;52,51;0,0;1000,49;General Shopper
C000814;Cliente 0814;36,0;757,25;Guayaquil;Joven;610,62;2200,0;2;0,0;0,0;55,42;35,34;105,30000000000001;0,0;0,0;0,0;0,0;35,77;0,0;231,83;General Shopper
C000815;Cliente 0815;21,0;1162,66;Loja;Mass;21484,53;0,0;1;0,0;0,0;0,0;0,0;0,0;0,0;0,0;0,0;0,0;0,0;0,0;0,0;Sin Consumo
C000816;Cliente 0816;53,0;2868,59;Quito;Pyme;16642,95;4100,0;2;212,04999999999998;0,0;418,04;0,0;200,94;0,0;420,4;462,61;0,0;282,96;0,0;1997,0;General Shopper
C000817;Cliente 0817;46,0;6827,21;Quito;Premium;46020,85;8200,0;3;0,0;962,09;0,0;0,0;144,75;0,0;1252,63;0,0;0,0;68,02;0,0;2427,4900000000002;General Shopper
C000818;Cliente 0818;51,0;548,63;Guayaquil;Mass;22064,46;1100,0;2;0,0;0,0;250,7;0,0;0,0;0,0;0,0;0,0;0,0;146,56;0,0;397,26;Food Lover
C000819;Cliente 0819;32,0;3839,55;Quito;Premium;1055,84;4500,0;1;60,6;0,0;0,0;567,3;83,05;0,0;0,0;1148,4699999999998;172,81;567,43;0,0;2599,6599999999994;General Shopper
C000820;Cliente 0820;32,0;597,97;Loja;Mass;53753,0;1000,0;2;0,0;0,0;47,35;0,0;0,0;0,0;55,43;75,74000000000001;22,62;28,97;75,03999999999999;305,15;General Shopper
C000821;Cliente 0821;18,0;5343,34;Cuenca;Premium;66627,73;14000,0;4;874,98;0,0;0,0;216,45;904,86;0,0;274,69;201,11999999999998;0,0;292,42;755,3199999999999;3519,84;General Shopper
C000822;Cliente 0822;46,0;1726,48;Quito;Pyme;17489,97;2100,0;2;0,0;0,0;130,55;182,17;0,0;0,0;59,77;0,0;0,0;118,85;0,0;491,34000000000003;General Shopper
C000823;Cliente 0823;42,0;534,08;Cuenca;Mass;113967,54999999999;1500,0;2;20,92;42,06;0,0;0,0;0,0;0,0;21,43;8,12;36,25;67,95;95,47;292,20000000000005;General Shopper
C000824;Cliente 0824;45,0;3171,02;Guayaquil;Premium;65627,46;0,0;3;0,0;0,0;0,0;0,0;0,0;0,0;0,0;0,0;0,0;0,0;0,0;0,0;Sin Consumo
C000825;Cliente 0825;29,0;1371,7;Cuenca;Mass;125566,21;2600,0;2;0,0;0,0;21,69;0,0;238,15;0,0;58,81;52,93;418,31;0,0;0,0;789,8900000000001;General Shopper
C000826;Cliente 0826;50,0;596,12;Guayaquil;Joven;78124,43000000001;1200,0;2;52,74;0,0;52,01;0,0;0,0;0,0;31,6;0,0;109,98;181,26999999999998;0,0;427,6;General Shopper
C000827;Cliente 0827;33,0;2015,96;Guayaquil;Pyme;3084,8;5200,0;2;0,0;43,71;0,0;0,0;116,62;0,0;0,0;153,26;958,0699999999999;0,0;0,0;1271,6599999999999;General Shopper
C000828;Cliente 0828;28,0;801,83;Loja;Mass;82735,17000000001;1700,0;2;0,0;0,0;0,0;0,0;0,0;0,0;92,13;154,27;0,0;0,0;0,0;246,4;Streaming Lover
C000829;Cliente 0829;36,0;1120,27;Guayaquil;Joven;20319,890000000003;0,0;2;0,0;0,0;0,0;0,0;0,0;0,0;0,0;0,0;0,0;0,0;0,0;0,0;Sin Consumo
C000830;Cliente 0830;19,0;653,32;Guayaquil;Joven;0,0;1000,0;1;0,0;67,94;115,79;0,0;20,21;0,0;0,0;0,0;362,63;0,0;0,0;566,5699999999999;General Shopper
C000831;Cliente 0831;25,0;2279,75;Guayaquil;Mass;663,85;5300,0;1;0,0;0,0;188,93;0,0;0,0;0,0;0,0;0,0;0,0;212,76;180,19;581,88;General Shopper
C000832;Cliente 0832;31,0;1629,63;Manta;Mass;7407,06;0,0;1;0,0;0,0;0,0;0,0;0,0;0,0;0,0;0,0;0,0;0,0;0,0;0,0;Sin Consumo
C000833;Cliente 0833;28,0;2227,42;Quito;Pyme;10471,380000000001;4400,0;2;0,0;0,0;641,29;89,12;0,0;0,0;0,0;71,12;0,0;584,77;442,14;1828,44;General Shopper
C000834;Cliente 0834;48,0;1116,19;Quito;Mass;6555,13;3000,0;3;0,0;0,0;0,0;0,0;0,0;0,0;0,0;124,39;0,0;54,129999999999995;0,0;178,51999999999998;Streaming Lover
C000835;Cliente 0835;37,0;623,34;Guayaquil;Joven;3991,7200000000003;800,0;3;0,0;38,72;17,43;0,0;0,0;0,0;13,71;11,39;44,99;0,0;125,79;252,03000000000003;General Shopper
C000836;Cliente 0836;38,0;754,1;Guayaquil;Mass;56846,009999999995;2200,0;2;129,35;36,25;93,9;170,62;0,0;0,0;0,0;42,33;0,0;19,03;0,0;491,48;General Shopper
C000837;Cliente 0837;42,0;847,78;Quito;Joven;57754,69;0,0;2;0,0;0,0;0,0;0,0;0,0;0,0;0,0;0,0;0,0;0,0;0,0;0,0;Sin Consumo
C000838;Cliente 0838;39,0;2497,79;Loja;Affluent;107008,72;3500,0;3;0,0;296,84;572,36;0,0;105,05;0,0;0,0;174,03;0,0;147,09;849,6;2144,97;General Shopper
C000839;Cliente 0839;26,0;3484,24;Quito;Premium;35570,61;8300,0;2;0,0;0,0;189,03;149,61;423,02;0,0;0,0;0,0;506,9;0,0;0,0;1268,56;General Shopper
C000840;Cliente 0840;36,0;5814,32;Quito;Premium;54310,89;14300,0;3;0,0;2040,3;1218,68;176,74;236,36;0,0;0,0;0,0;1921,18;781,28;1141,24;7515,78;General Shopper
C000841;Cliente 0841;30,0;1155,77;Manta;Mass;48983,66;2000,0;3;0,0;0,0;0,0;0,0;44,84;0,0;0,0;0,0;0,0;0,0;487,58000000000004;532,4200000000001;Travel Lover
C000842;Cliente 0842;25,0;5124,11;Guayaquil;Pyme;35429,89;0,0;2;0,0;0,0;0,0;0,0;0,0;0,0;0,0;0,0;0,0;0,0;0,0;0,0;Sin Consumo
C000843;Cliente 0843;38,0;1302,41;Quito;Affluent;18790,21;3500,0;3;0,0;0,0;0,0;0,0;0,0;0,0;26,68;0,0;0,0;258,35;193,01;478,04;Tech Lover
C000844;Cliente 0844;34,0;1392,82;Manta;Mass;43182,59;3900,0;3;56,42;0,0;0,0;102,75;218,64000000000001;0,0;133,03;224,38;65,16;80,62;0,0;881,0000000000001;General Shopper
C000845;Cliente 0845;31,0;670,03;Ambato;Mass;124074,54000000001;1200,0;4;74,76;0,0;27,81;9,56;0,0;0,0;36,96;67,33;5,23;42,98;0,0;264,63;General Shopper
C000846;Cliente 0846;47,0;922,83;Quito;Mass;4660,27;900,0;2;125,42;123,32;0,0;0,0;0,0;0,0;0,0;0,0;6,64;0,0;404,68;660,06;Travel Lover
C000847;Cliente 0847;47,0;5872,56;Cuenca;Premium;35166,009999999995;6800,0;4;293,57;0,0;445,54;0,0;384,5;0,0;0,0;0,0;0,0;609,38;390,3;2123,2900000000004;General Shopper
C000848;Cliente 0848;32,0;931,47;Ambato;Mass;17621,420000000002;1200,0;2;0,0;0,0;69,67;0,0;0,0;0,0;69,95;0,0;339,89;0,0;0,0;479,51;General Shopper
C000849;Cliente 0849;29,0;587,26;Quito;Mass;3457,63;0,0;1;0,0;0,0;0,0;0,0;0,0;0,0;0,0;0,0;0,0;0,0;0,0;0,0;Sin Consumo
C000850;Cliente 0850;36,0;3258,71;Quito;Premium;15141,68;5200,0;3;0,0;0,0;79,78;0,0;89,51;0,0;189,31;0,0;191,8;0,0;0,0;550,4;General Shopper
C000851;Cliente 0851;24,0;1043,27;Quito;Joven;14878,01;1100,0;3;53,209999999999994;120,7;17,82;0,0;0,0;0,0;0,0;64,86;63,02;124,37;243,05;687,03;General Shopper
C000852;Cliente 0852;38,0;2885,47;Quito;Affluent;4937,49;3400,0;2;151,46;19,7;125,62;0,0;0,0;0,0;0,0;0,0;699,33;0,0;863,32;1859,43;General Shopper
C000853;Cliente 0853;42,0;1028,61;Quito;Mass;93483,28;0,0;1;0,0;0,0;0,0;0,0;0,0;0,0;0,0;0,0;0,0;0,0;0,0;0,0;Sin Consumo
C000854;Cliente 0854;62,0;2505,5;Ambato;Affluent;30430,33;6000,0;3;105,75;37,85;169,84;17,61;74,1;0,0;0,0;906,24;136,9;281,06;58,1;1787,4499999999998;Streaming Lover
C000855;Cliente 0855;31,0;2741,08;Ambato;Pyme;67860,28;5100,0;2;0,0;0,0;0,0;0,0;0,0;0,0;201,75;265,37;24,16;0,0;155,3;646,58;General Shopper
C000856;Cliente 0856;36,0;4550,48;Quito;Premium;87381,85;8700,0;4;0,0;0,0;119,18;705,18;201,13;0,0;299,69;0,0;202,89;0,0;0,0;1528,07;General Shopper
C000857;Cliente 0857;22,0;620,24;Ambato;Joven;55037,57;0,0;1;0,0;0,0;0,0;0,0;0,0;0,0;0,0;0,0;0,0;0,0;0,0;0,0;Sin Consumo
C000858;Cliente 0858;35,0;3547,26;Guayaquil;Pyme;137558,06;9900,0;3;0,0;63,73;782,4599999999999;0,0;312,4;0,0;0,0;323,4;306,65;0,0;608,56;2397,2;General Shopper
C000859;Cliente 0859;46,0;1072,28;Cuenca;Mass;6490,35;0,0;1;0,0;0,0;0,0;0,0;0,0;0,0;0,0;0,0;0,0;0,0;0,0;0,0;Sin Consumo
C000860;Cliente 0860;44,0;1770,34;Guayaquil;Joven;53785,979999999996;4000,0;4;0,0;61,03;334,03;609,15;104,00999999999999;0,0;95,88;0,0;159,85999999999999;0,0;351,21999999999997;1715,18;General Shopper
C000861;Cliente 0861;29,0;470,88;Quito;Mass;108206,45;1400,0;2;0,0;102,84;163,66;0,0;0,0;0,0;0,0;0,0;32,42;0,0;0,0;298,92;Food Lover
C000862;Cliente 0862;44,0;1780,04;Cuenca;Affluent;3462,0;2700,0;2;90,42;0,0;946,8;0,0;493,28999999999996;0,0;0,0;111,11;92,53;0,0;0,0;1734,15;Food Lover
C000863;Cliente 0863;55,0;1021,6;Ambato;Mass;20984,89;1200,0;2;179,09;18,47;138,61;0,0;131,44;0,0;0,0;0,0;181,56;0,0;13,29;662,46;General Shopper
C000864;Cliente 0864;18,0;852,05;Loja;Mass;996,78;0,0;1;0,0;0,0;0,0;0,0;0,0;0,0;0,0;0,0;0,0;0,0;0,0;0,0;Sin Consumo
C000865;Cliente 0865;52,0;1682,33;Quito;Pyme;876,43;2400,0;2;0,0;37,31;0,0;0,0;0,0;0,0;0,0;0,0;215,49;129,73;29,43;411,96;General Shopper
C000866;Cliente 0866;40,0;770,15;Loja;Mass;2200,88;0,0;2;0,0;0,0;0,0;0,0;0,0;0,0;0,0;0,0;0,0;0,0;0,0;0,0;Sin Consumo
C000867;Cliente 0867;41,0;834,01;Quito;Mass;416,81;0,0;1;0,0;0,0;0,0;0,0;0,0;0,0;0,0;0,0;0,0;0,0;0,0;0,0;Sin Consumo
C000868;Cliente 0868;39,0;626,9;Quito;Mass;1353,25;0,0;1;0,0;0,0;0,0;0,0;0,0;0,0;0,0;0,0;0,0;0,0;0,0;0,0;Sin Consumo
C000869;Cliente 0869;28,0;963,59;Guayaquil;Mass;85685,78000000001;0,0;2;0,0;0,0;0,0;0,0;0,0;0,0;0,0;0,0;0,0;0,0;0,0;0,0;Sin Consumo
C000870;Cliente 0870;66,0;7977,34;Quito;Premium;72753,51000000001;18100,0;2;483,17;0,0;1280,01;2923,94;170,01;0,0;0,0;444,64;0,0;190,62;732,48;6224,869999999999;General Shopper
C000871;Cliente 0871;47,0;904,2;Ambato;Mass;6750,55;1100,0;2;0,0;0,0;94,76;0,0;78,86;0,0;0,0;17,06;232,76;70,74;0,0;494,18;General Shopper
C000872;Cliente 0872;38,0;1141,47;Loja;Joven;4097,66;0,0;2;0,0;0,0;0,0;0,0;0,0;0,0;0,0;0,0;0,0;0,0;0,0;0,0;Sin Consumo
C000873;Cliente 0873;53,0;599,16;Guayaquil;Mass;82456,07;1400,0;3;10,16;0,0;0,0;0,0;29,54;0,0;0,0;79,73;43,14;149,12;39,03;350,72;General Shopper
C000874;Cliente 0874;49,0;1313,62;Quito;Affluent;23458,22;2000,0;4;0,0;282,76;79,85;0,0;133,64;0,0;0,0;35,91;0,0;130,61;300,49;963,26;General Shopper
C000875;Cliente 0875;33,0;3585,4;Guayaquil;Pyme;104716,13;6200,0;3;0,0;261,19;0,0;0,0;114,28;0,0;651,31;0,0;1538,43;182,33;165,07;2912,61;General Shopper
C000876;Cliente 0876;35,0;603,29;Guayaquil;Mass;70505,51;1200,0;3;15,29;0,0;11,24;34,25;0,0;0,0;0,0;0,0;307,71;0,0;0,0;368,49;General Shopper
C000877;Cliente 0877;32,0;1854,11;Loja;Pyme;2690,5;0,0;1;0,0;0,0;0,0;0,0;0,0;0,0;0,0;0,0;0,0;0,0;0,0;0,0;Sin Consumo
C000878;Cliente 0878;43,0;2773,93;Manta;Pyme;28244,09;3200,0;2;133,73;263,49;668,97;218,33;110,55;0,0;95,39;0,0;236,47;0,0;508,91;2235,8399999999997;General Shopper
C000879;Cliente 0879;34,0;685,55;Ambato;Mass;6606,450000000001;1300,0;3;129,36;147,35;111,16;0,0;69,08;0,0;23,38;0,0;99,09;20,72;11,08;611,2200000000001;General Shopper
C000880;Cliente 0880;27,0;1036,46;Guayaquil;Mass;86588,66;1900,0;2;198,85000000000002;0,0;0,0;0,0;0,0;0,0;445,1;29,66;30,87;163,43;86,66;954,57;General Shopper
C000881;Cliente 0881;43,0;1813,46;Guayaquil;Affluent;67844,28;0,0;1;0,0;0,0;0,0;0,0;0,0;0,0;0,0;0,0;0,0;0,0;0,0;0,0;Sin Consumo
C000882;Cliente 0882;57,0;1197,49;Guayaquil;Mass;82802,22;0,0;1;0,0;0,0;0,0;0,0;0,0;0,0;0,0;0,0;0,0;0,0;0,0;0,0;Sin Consumo
C000883;Cliente 0883;53,0;992,34;Guayaquil;Mass;29780,760000000002;0,0;2;0,0;0,0;0,0;0,0;0,0;0,0;0,0;0,0;0,0;0,0;0,0;0,0;Sin Consumo
C000884;Cliente 0884;39,0;602,63;Manta;Mass;15602,19;0,0;2;0,0;0,0;0,0;0,0;0,0;0,0;0,0;0,0;0,0;0,0;0,0;0,0;Sin Consumo
C000885;Cliente 0885;19,0;1533,26;Guayaquil;Affluent;24318,02;1800,0;2;188,07;24,79;453,83000000000004;91,78999999999999;26,12;0,0;0,0;0,0;82,76;87,41;0,0;954,77;General Shopper
C000886;Cliente 0886;29,0;1029,83;Guayaquil;Mass;210,88;0,0;1;0,0;0,0;0,0;0,0;0,0;0,0;0,0;0,0;0,0;0,0;0,0;0,0;Sin Consumo
C000887;Cliente 0887;58,0;759,64;Cuenca;Mass;140666,47;1200,0;3;0,0;0,0;27,24;0,0;0,0;0,0;12,91;8,3;174,22;0,0;0,0;222,67000000000002;General Shopper
C000888;Cliente 0888;44,0;5559,27;Guayaquil;Affluent;39922,45;6000,0;3;188,43;0,0;0,0;145,72;255,54;0,0;0,0;0,0;467,34000000000003;0,0;0,0;1057,03;General Shopper
C000889;Cliente 0889;21,0;952,71;Ambato;Mass;1491,17;0,0;1;0,0;0,0;0,0;0,0;0,0;0,0;0,0;0,0;0,0;0,0;0,0;0,0;Sin Consumo
C000890;Cliente 0890;40,0;1429,48;Guayaquil;Mass;204,9;3100,0;1;0,0;59,36;0,0;0,0;0,0;0,0;0,0;75,76;0,0;154,35;94,32;383,79;General Shopper
C000891;Cliente 0891;55,0;674,26;Quito;Mass;23676,28;1800,0;2;0,0;76,55;21,15;0,0;0,0;0,0;0,0;157,38000000000002;0,0;27,05;0,0;282,13;Streaming Lover
C000892;Cliente 0892;33,0;870,02;Guayaquil;Mass;61091,27;0,0;1;0,0;0,0;0,0;0,0;0,0;0,0;0,0;0,0;0,0;0,0;0,0;0,0;Sin Consumo
C000893;Cliente 0893;52,0;1021,95;Quito;Mass;66788,85;1100,0;4;0,0;25,85;0,0;0,0;0,0;0,0;0,0;0,0;132,08;142,81;61,91;362,65;General Shopper
C000894;Cliente 0894;47,0;1844,76;Quito;Mass;19821,989999999998;4700,0;4;278,83;318,45;0,0;51,54;110,46;0,0;0,0;0,0;408,62;0,0;262,36;1430,2600000000002;General Shopper
C000895;Cliente 0895;18,0;1758,52;Guayaquil;Affluent;122981,3;2100,0;4;37,31;45,49;0,0;0,0;0,0;0,0;0,0;73,7;315,3;192,07;283,69;947,56;General Shopper
C000896;Cliente 0896;56,0;1244,41;Quito;Pyme;37538,36;2100,0;4;9,66;34,02;50,3;0,0;29,5;0,0;30,0;184,35000000000002;88,59;0,0;0,0;426,4200000000001;General Shopper
C000897;Cliente 0897;39,0;827,18;Guayaquil;Mass;11600,11;0,0;1;0,0;0,0;0,0;0,0;0,0;0,0;0,0;0,0;0,0;0,0;0,0;0,0;Sin Consumo
C000898;Cliente 0898;28,0;1010,08;Guayaquil;Mass;1137,21;2800,0;1;38,98;234,31;51,79;36,31;0,0;0,0;136,02;104,86000000000001;111,25;112,62;0,0;826,14;General Shopper
C000899;Cliente 0899;45,0;973,05;Guayaquil;Mass;22992,26;2000,0;3;0,0;23,18;65,69;0,0;0,0;0,0;0,0;44,95;0,0;994,2;11,48;1139,5;Tech Lover
C000900;Cliente 0900;59,0;350,0;Manta;Joven;21884,809999999998;0,0;2;0,0;0,0;0,0;0,0;0,0;0,0;0,0;0,0;0,0;0,0;0,0;0,0;Sin Consumo
C000901;Cliente 0901;44,0;1254,37;Quito;Affluent;99572,02;1800,0;2;99,71000000000001;57,69;0,0;0,0;0,0;0,0;0,0;0,0;249,38;0,0;0,0;406,78;General Shopper
C000902;Cliente 0902;35,0;4218,2;Guayaquil;Pyme;25913,26;0,0;2;0,0;0,0;0,0;0,0;0,0;0,0;0,0;0,0;0,0;0,0;0,0;0,0;Sin Consumo
C000903;Cliente 0903;32,0;1193,53;Guayaquil;Mass;23422,2;0,0;1;0,0;0,0;0,0;0,0;0,0;0,0;0,0;0,0;0,0;0,0;0,0;0,0;Sin Consumo
C000904;Cliente 0904;46,0;583,06;Quito;Joven;121946,73;1200,0;3;0,0;0,0;80,54;0,0;0,0;0,0;184,29000000000002;0,0;0,0;139,9;76,37;481,1;General Shopper
C000905;Cliente 0905;35,0;384,85;Guayaquil;Joven;132378,54;0,0;2;0,0;0,0;0,0;0,0;0,0;0,0;0,0;0,0;0,0;0,0;0,0;0,0;Sin Consumo
C000906;Cliente 0906;44,0;1584,19;Cuenca;Mass;107221,74;2500,0;2;134,12;58,72;0,0;0,0;141,9;0,0;410,37;195,93;0,0;0,0;0,0;941,0400000000001;General Shopper
C000907;Cliente 0907;54,0;655,66;Quito;Mass;51719,45;0,0;1;0,0;0,0;0,0;0,0;0,0;0,0;0,0;0,0;0,0;0,0;0,0;0,0;Sin Consumo
C000908;Cliente 0908;18,0;1339,38;Cuenca;Affluent;687,99;0,0;1;0,0;0,0;0,0;0,0;0,0;0,0;0,0;0,0;0,0;0,0;0,0;0,0;Sin Consumo
C000909;Cliente 0909;55,0;1480,84;Cuenca;Mass;28284,15;3000,0;4;152,55;22,82;62,35;36,39;212,18;0,0;60,63;55,33;0,0;502,53;248,38;1353,1599999999999;General Shopper
C000910;Cliente 0910;52,0;445,84;Quito;Joven;1414,38;0,0;1;0,0;0,0;0,0;0,0;0,0;0,0;0,0;0,0;0,0;0,0;0,0;0,0;Sin Consumo
C000911;Cliente 0911;25,0;661,48;Guayaquil;Mass;85536,64;1300,0;4;201,23000000000002;0,0;0,0;0,0;0,0;0,0;0,0;16,29;0,0;61,86;0,0;279,38;General Shopper
C000912;Cliente 0912;64,0;582,78;Guayaquil;Mass;15813,0;900,0;2;0,0;0,0;0,0;51,25;54,62;0,0;0,0;0,0;180,23;0,0;137,51;423,61;General Shopper
C000913;Cliente 0913;27,0;2091,54;Guayaquil;Pyme;105941,97;5400,0;3;0,0;393,02;871,16;0,0;49,89;0,0;0,0;0,0;250,4;708,85;758,57;3031,89;General Shopper
C000914;Cliente 0914;36,0;2003,39;Guayaquil;Affluent;437,9;2000,0;1;0,0;0,0;66,87;0,0;0,0;0,0;0,0;225,19;0,0;0,0;0,0;292,06;Streaming Lover
C000915;Cliente 0915;33,0;558,37;Quito;Joven;69654,8;600,0;3;0,0;0,0;30,15;0,0;0,0;0,0;65,25;28,52;46,09;243,52999999999997;0,0;413,53999999999996;Tech Lover
C000916;Cliente 0916;61,0;817,5;Manta;Joven;2628,79;0,0;2;0,0;0,0;0,0;0,0;0,0;0,0;0,0;0,0;0,0;0,0;0,0;0,0;Sin Consumo
C000917;Cliente 0917;31,0;5969,34;Cuenca;Premium;140924,57;10900,0;4;0,0;541,63;195,31;0,0;69,49;0,0;0,0;0,0;0,0;160,75;1331,35;2298,5299999999997;Travel Lover
C000918;Cliente 0918;26,0;2437,59;Quito;Affluent;7389,56;2500,0;2;333,61;495,51;221,67;171,76;46,11;0,0;318,34;0,0;922,5;0,0;0,0;2509,5;General Shopper
C000919;Cliente 0919;46,0;1045,75;Quito;Joven;7295,23;2000,0;3;0,0;189,79;126,9;190,74;0,0;0,0;33,2;0,0;401,46;102,28;57,28;1101,6499999999999;General Shopper
C000920;Cliente 0920;35,0;716,42;Guayaquil;Joven;21418,57;0,0;3;0,0;0,0;0,0;0,0;0,0;0,0;0,0;0,0;0,0;0,0;0,0;0,0;Sin Consumo
C000921;Cliente 0921;43,0;3369,31;Guayaquil;Pyme;152718,49;4800,0;4;0,0;170,09;0,0;43,69;0,0;0,0;1292,1;577,13;0,0;206,55;182,62;2472,1800000000003;General Shopper
C000922;Cliente 0922;48,0;1593,38;Quito;Mass;1837,2400000000002;2900,0;2;56,84;0,0;266,83000000000004;0,0;159,54;0,0;0,0;0,0;92,55;71,81;0,0;647,5699999999999;General Shopper
C000923;Cliente 0923;34,0;886,28;Quito;Joven;858,56;2600,0;1;0,0;0,0;23,53;81,42;135,88;0,0;0,0;0,0;302,44;0,0;49,74;593,01;General Shopper
C000924;Cliente 0924;34,0;1404,49;Cuenca;Affluent;4893,29;2000,0;2;0,0;0,0;133,13;0,0;0,0;0,0;0,0;310,7;115,49;246,87;0,0;806,1899999999999;General Shopper
C000925;Cliente 0925;44,0;1638,08;Ambato;Mass;27286,96;2300,0;4;179,76;123,66;43,67;0,0;0,0;0,0;0,0;30,99;619,87;0,0;0,0;997,95;General Shopper
C000926;Cliente 0926;26,0;430,79;Cuenca;Mass;89186,54;0,0;1;0,0;0,0;0,0;0,0;0,0;0,0;0,0;0,0;0,0;0,0;0,0;0,0;Sin Consumo
C000927;Cliente 0927;39,0;1086,07;Cuenca;Mass;4907,62;1500,0;3;84,31;5,55;0,0;0,0;0,0;0,0;0,0;47,37;0,0;31,61;315,41999999999996;484,25999999999993;Travel Lover
C000928;Cliente 0928;35,0;907,43;Cuenca;Joven;962,82;1400,0;2;0,0;0,0;183,34;0,0;106,84;0,0;110,46000000000001;14,6;178,1;0,0;63,68;657,02;General Shopper
C000929;Cliente 0929;50,0;833,66;Ambato;Mass;7257,389999999999;1100,0;4;0,0;0,0;18,04;0,0;0,0;0,0;0,0;75,27;96,49;0,0;257,12;446,91999999999996;Travel Lover
C000930;Cliente 0930;27,0;911,57;Guayaquil;Mass;9127,42;1600,0;3;14,21;0,0;79,19;146,78;356,15;0,0;84,92;140,55;47,63;168,99;43,83;1082,25;General Shopper
C000931;Cliente 0931;34,0;1638,11;Quito;Affluent;3062,3399999999997;3600,0;2;50,54;99,06;153,13;378,42;0,0;0,0;406,73;120,99000000000001;90,86;44,41;0,0;1344,14;General Shopper
C000932;Cliente 0932;46,0;5686,29;Cuenca;Premium;8009,3;0,0;1;0,0;0,0;0,0;0,0;0,0;0,0;0,0;0,0;0,0;0,0;0,0;0,0;Sin Consumo
C000933;Cliente 0933;48,0;1310,69;Quito;Mass;5269,16;2400,0;2;0,0;0,0;660,23;133,13;0,0;0,0;30,47;63,32;246,65;63,49;0,0;1197,2900000000002;Food Lover
C000934;Cliente 0934;47,0;921,54;Manta;Joven;46364,57;0,0;3;0,0;0,0;0,0;0,0;0,0;0,0;0,0;0,0;0,0;0,0;0,0;0,0;Sin Consumo
C000935;Cliente 0935;46,0;2973,95;Quito;Affluent;73857,38;3000,0;3;0,0;509,51;84,55;271,58;110,02;0,0;124,03;145,06;74,87;562,46;49,43;1931,51;General Shopper
C000936;Cliente 0936;36,0;977,9;Manta;Mass;18634,44;2300,0;2;0,0;0,0;0,0;16,07;0,0;0,0;0,0;163,75;0,0;34,0;0,0;213,82;Streaming Lover
C000937;Cliente 0937;32,0;640,37;Quito;Joven;38103,09;0,0;2;0,0;0,0;0,0;0,0;0,0;0,0;0,0;0,0;0,0;0,0;0,0;0,0;Sin Consumo
C000938;Cliente 0938;36,0;886,8;Loja;Mass;62613,74;2100,0;3;93,56;0,0;142,96;0,0;0,0;0,0;19,74;0,0;15,04;310,84000000000003;0,0;582,1400000000001;Tech Lover
C000939;Cliente 0939;33,0;2923,02;Cuenca;Affluent;103369,34999999999;4600,0;4;0,0;0,0;0,0;99,91;0,0;0,0;0,0;0,0;0,0;364,41999999999996;322,84;787,1699999999998;General Shopper
C000940;Cliente 0940;40,0;959,22;Quito;Mass;8527,220000000001;1500,0;3;131,97;144,9;0,0;0,0;94,03;0,0;104,98;41,76;283,99;77,78999999999999;0,0;879,42;General Shopper
C000941;Cliente 0941;18,0;2785,3;Ambato;Affluent;5769,26;4100,0;3;136,34;0,0;0,0;0,0;0,0;0,0;0,0;439,42999999999995;0,0;56,38;99,36;731,51;Streaming Lover
C000942;Cliente 0942;41,0;695,58;Cuenca;Mass;2721,92;800,0;3;75,85;0,0;16,49;113,36;33,92;0,0;0,0;21,44;27,85;19,76;0,0;308,66999999999996;General Shopper
C000943;Cliente 0943;44,0;1213,13;Loja;Pyme;2029,55;2300,0;2;32,46;126,96;0,0;53,29;0,0;0,0;0,0;0,0;106,12;0,0;0,0;318,83;General Shopper
C000944;Cliente 0944;45,0;4187,12;Loja;Premium;10261,349999999999;10100,0;2;0,0;322,09000000000003;83,18;541,86;0,0;0,0;0,0;1389,44;0,0;68,41;94,78;2499,76;Streaming Lover
C000945;Cliente 0945;42,0;4798,45;Guayaquil;Premium;6986,82;0,0;1;0,0;0,0;0,0;0,0;0,0;0,0;0,0;0,0;0,0;0,0;0,0;0,0;Sin Consumo
C000946;Cliente 0946;46,0;1037,27;Cuenca;Mass;25053,05;1200,0;2;0,0;109,45;544,86;97,97999999999999;0,0;0,0;0,0;0,0;0,0;0,0;30,55;782,84;Food Lover
C000947;Cliente 0947;30,0;2048,06;Manta;Pyme;25382,41;3600,0;4;0,0;12,94;769,81;0,0;388,17;0,0;0,0;0,0;380,53000000000003;0,0;0,0;1551,45;General Shopper
C000948;Cliente 0948;58,0;544,41;Quito;Mass;1926,02;900,0;2;0,0;0,0;53,660000000000004;0,0;0,0;0,0;0,0;29,049999999999997;87,22999999999999;0,0;8,57;178,51;General Shopper
C000949;Cliente 0949;42,0;3453,01;Guayaquil;Premium;30572,15;7000,0;2;0,0;0,0;656,14;0,0;0,0;0,0;0,0;0,0;193,71;0,0;385,09;1234,94;Food Lover
C000950;Cliente 0950;33,0;2530,41;Guayaquil;Pyme;12045,7;5100,0;2;0,0;0,0;795,67;0,0;290,16;0,0;0,0;0,0;69,36;0,0;1045,49;2200,6800000000003;General Shopper
C000951;Cliente 0951;45,0;2377,29;Quito;Affluent;12235,68;4700,0;3;0,0;136,99;0,0;0,0;122,58;0,0;0,0;0,0;0,0;679,6500000000001;81,85;1021,07;Tech Lover
C000952;Cliente 0952;32,0;1190,55;Guayaquil;Mass;5077,5;2600,0;3;24,79;0,0;122,22999999999999;0,0;0,0;0,0;273,38;408,63;0,0;421,94;0,0;1250,97;General Shopper
C000953;Cliente 0953;33,0;627,02;Cuenca;Mass;2272,4900000000002;1900,0;2;26,8;49,51;0,0;18,15;58,69;0,0;0,0;0,0;0,0;0,0;0,0;153,15;General Shopper
C000954;Cliente 0954;29,0;957,23;Quito;Mass;18443,52;0,0;1;0,0;0,0;0,0;0,0;0,0;0,0;0,0;0,0;0,0;0,0;0,0;0,0;Sin Consumo
C000955;Cliente 0955;44,0;4027,47;Guayaquil;Affluent;75148,05;9000,0;3;0,0;231,17;0,0;0,0;1602,14;0,0;140,77;0,0;59,99;0,0;204,71;2238,78;General Shopper
C000956;Cliente 0956;34,0;1109,09;Loja;Mass;1257,56;2300,0;2;124,07;0,0;107,14;109,86;35,63;0,0;91,25999999999999;261,9;0,0;64,74;93,53;888,1299999999999;General Shopper
C000957;Cliente 0957;67,0;892,29;Quito;Joven;279,62;1700,0;1;0,0;0,0;0,0;0,0;265,34;0,0;48,99;0,0;0,0;224,34;23,14;561,81;General Shopper
C000958;Cliente 0958;42,0;1104,1;Quito;Mass;1025,75;2600,0;3;163,02;45,760000000000005;167,93;0,0;0,0;0,0;28,17;0,0;0,0;0,0;1018,29;1423,17;Travel Lover
C000959;Cliente 0959;38,0;1401,36;Manta;Joven;2866,56;0,0;2;0,0;0,0;0,0;0,0;0,0;0,0;0,0;0,0;0,0;0,0;0,0;0,0;Sin Consumo
C000960;Cliente 0960;37,0;454,8;Guayaquil;Mass;60523,31;1000,0;3;0,0;8,71;13,47;0,0;44,71;0,0;0,0;0,0;25,34;71,88;0,0;164,10999999999999;General Shopper
C000961;Cliente 0961;37,0;1041,35;Quito;Mass;315,12;2100,0;1;83,67;0,0;0,0;0,0;0,0;0,0;249,81;0,0;150,42000000000002;81,79;75,3;640,99;General Shopper
C000962;Cliente 0962;26,0;814,83;Guayaquil;Joven;6811,6;0,0;2;0,0;0,0;0,0;0,0;0,0;0,0;0,0;0,0;0,0;0,0;0,0;0,0;Sin Consumo
C000963;Cliente 0963;48,0;1204,81;Cuenca;Mass;431,84;1300,0;2;0,0;117,92;422,6;66,01;0,0;0,0;0,0;78,15;0,0;0,0;50,7;735,38;Food Lover
C000964;Cliente 0964;57,0;484,33;Guayaquil;Joven;1461,19;1200,0;2;0,0;24,69;50,41;0,0;0,0;0,0;0,0;15,32;0,0;0,0;34,28;124,69999999999999;General Shopper
C000965;Cliente 0965;39,0;1087,12;Ambato;Mass;8407,26;1700,0;2;111,73;131,83;299,18;103,12;0,0;0,0;153,9;73,47;191,22;0,0;464,83;1529,28;General Shopper
C000966;Cliente 0966;29,0;2687,2;Manta;Affluent;101299,05;8000,0;2;105,78;0,0;0,0;0,0;402,76;0,0;190,31;0,0;359,0;87,3;164,37;1309,52;General Shopper
C000967;Cliente 0967;34,0;5788,66;Cuenca;Premium;34896,49;16500,0;3;0,0;426,32;0,0;0,0;79,65;0,0;460,46;1009,9000000000001;326,87;2212,5;394,64;4910,340000000001;General Shopper
C000968;Cliente 0968;23,0;851,35;Quito;Mass;6608,57;0,0;1;0,0;0,0;0,0;0,0;0,0;0,0;0,0;0,0;0,0;0,0;0,0;0,0;Sin Consumo
C000969;Cliente 0969;33,0;4931,55;Guayaquil;Pyme;23230,64;9300,0;3;970,64;146,19;1420,96;0,0;106,08;0,0;0,0;0,0;0,0;0,0;1143,8;3787,67;General Shopper
C000970;Cliente 0970;46,0;741,88;Quito;Joven;3673,0099999999998;2100,0;2;0,0;0,0;0,0;83,69999999999999;0,0;0,0;0,0;6,55;137,55;103,62;107,74000000000001;439,16;General Shopper
C000971;Cliente 0971;34,0;813,79;Guayaquil;Mass;98708,65999999999;1800,0;3;126,36;0,0;180,1;0,0;0,0;0,0;134,9;0,0;99,33;65,44;96,86;702,9900000000001;General Shopper
C000972;Cliente 0972;41,0;621,8;Guayaquil;Mass;65253,5;1500,0;2;92,12;0,0;0,0;17,78;8,47;0,0;0,0;0,0;116,69;0,0;0,0;235,06;General Shopper
C000973;Cliente 0973;37,0;962,65;Ambato;Mass;4349,96;2500,0;2;73,51;0,0;82,55;58,47;53,69;0,0;24,49;0,0;213,75;153,24;0,0;659,7;General Shopper
C000974;Cliente 0974;58,0;3002,49;Guayaquil;Premium;22235,72;0,0;2;0,0;0,0;0,0;0,0;0,0;0,0;0,0;0,0;0,0;0,0;0,0;0,0;Sin Consumo
C000975;Cliente 0975;18,0;1512,5;Guayaquil;Mass;0,0;2400,0;1;0,0;0,0;0,0;0,0;74,2;0,0;249,42;270,43;9,9;0,0;268,2;872,1500000000001;General Shopper
C000976;Cliente 0976;50,0;4217,65;Quito;Premium;17690,65;6200,0;3;0,0;289,13;618,74;0,0;0,0;0,0;623,4300000000001;407,90999999999997;0,0;774,4;0,0;2713,61;General Shopper
C000977;Cliente 0977;24,0;1088,0;Guayaquil;Mass;31487,52;0,0;1;0,0;0,0;0,0;0,0;0,0;0,0;0,0;0,0;0,0;0,0;0,0;0,0;Sin Consumo
C000978;Cliente 0978;40,0;1066,8;Guayaquil;Mass;9045,99;0,0;3;0,0;0,0;0,0;0,0;0,0;0,0;0,0;0,0;0,0;0,0;0,0;0,0;Sin Consumo
C000979;Cliente 0979;34,0;1126,86;Guayaquil;Mass;118152,38;0,0;1;0,0;0,0;0,0;0,0;0,0;0,0;0,0;0,0;0,0;0,0;0,0;0,0;Sin Consumo
C000980;Cliente 0980;47,0;1518,98;Cuenca;Mass;79729,84;2900,0;2;27,68;76,39;0,0;0,0;0,0;0,0;684,77;771,26;186,37;0,0;0,0;1746,47;General Shopper
C000981;Cliente 0981;46,0;1098,41;Manta;Mass;9193,73;2800,0;4;14,96;0,0;89,85;113,85000000000001;52,04;0,0;36,21;0,0;100,57000000000001;220,84;0,0;628,32;General Shopper
C000982;Cliente 0982;26,0;3261,21;Guayaquil;Affluent;12355,94;9400,0;2;0,0;0,0;592,99;0,0;96,12;0,0;0,0;0,0;555,22;682,62;227,1;2154,0499999999997;General Shopper
C000983;Cliente 0983;46,0;1131,08;Guayaquil;Mass;975,38;1400,0;1;0,0;75,64;196,85;0,0;0,0;0,0;26,08;267,97;0,0;34,89;11,37;612,8;General Shopper
C000984;Cliente 0984;35,0;425,47;Quito;Joven;39401,619999999995;900,0;4;0,0;15,5;74,51;37,87;87,19;0,0;40,71;9,91;84,34;0,0;0,0;350,03;General Shopper
C000985;Cliente 0985;40,0;552,24;Guayaquil;Joven;31412,52;1400,0;2;36,46;0,0;0,0;14,98;40,7;0,0;58,42;58,34;41,74;182,42000000000002;0,0;433,06000000000006;General Shopper
C000986;Cliente 0986;31,0;5764,43;Quito;Premium;33031,2;8300,0;2;564,75;0,0;0,0;0,0;0,0;0,0;0,0;0,0;199,25;1893,67;149,71;2807,38;Tech Lover
C000987;Cliente 0987;31,0;2573,11;Manta;Pyme;207,0;2800,0;1;0,0;144,02;241,36;0,0;0,0;0,0;106,06;0,0;0,0;195,36;1573,6;2260,3999999999996;Travel Lover
C000988;Cliente 0988;30,0;1019,71;Ambato;Mass;13763,22;2000,0;2;0,0;0,0;17,71;0,0;0,0;0,0;0,0;35,7;321,32000000000005;109,31;926,06;1410,1;Travel Lover
C000989;Cliente 0989;18,0;1409,88;Guayaquil;Mass;6291,02;0,0;3;0,0;0,0;0,0;0,0;0,0;0,0;0,0;0,0;0,0;0,0;0,0;0,0;Sin Consumo
C000990;Cliente 0990;51,0;431,82;Cuenca;Mass;13881,68;0,0;2;0,0;0,0;0,0;0,0;0,0;0,0;0,0;0,0;0,0;0,0;0,0;0,0;Sin Consumo
C000991;Cliente 0991;42,0;1981,67;Guayaquil;Affluent;8665,49;3400,0;3;851,21;559,36;125,41000000000001;0,0;134,06;0,0;197,18;84,63;0,0;0,0;55,86;2007,7100000000003;General Shopper
C000992;Cliente 0992;37,0;2331,23;Guayaquil;Affluent;18757,42;4100,0;4;0,0;0,0;115,47;489,77;65,25;0,0;0,0;0,0;119,14;95,27;0,0;884,9;General Shopper
C000993;Cliente 0993;18,0;744,71;Guayaquil;Mass;325,78;1300,0;1;0,0;41,41;0,0;0,0;71,19;0,0;0,0;246,31;55,66;306,77;0,0;721,34;General Shopper
C000994;Cliente 0994;40,0;612,13;Quito;Mass;41216,64;1800,0;4;0,0;113,05;125,68;0,0;0,0;0,0;0,0;0,0;24,97;0,0;175,89;439,59000000000003;General Shopper
C000995;Cliente 0995;22,0;3063,86;Guayaquil;Premium;3604,81;0,0;1;0,0;0,0;0,0;0,0;0,0;0,0;0,0;0,0;0,0;0,0;0,0;0,0;Sin Consumo
C000996;Cliente 0996;30,0;1504,74;Ambato;Affluent;10907,53;2600,0;2;375,54;0,0;0,0;0,0;0,0;0,0;0,0;0,0;118,45;0,0;0,0;493,99;General Shopper
C000997;Cliente 0997;33,0;953,27;Quito;Mass;15302,03;0,0;1;0,0;0,0;0,0;0,0;0,0;0,0;0,0;0,0;0,0;0,0;0,0;0,0;Sin Consumo
C000998;Cliente 0998;47,0;5225,78;Ambato;Premium;69543,02;9900,0;2;172,44;225,21;237,79;127,18;0,0;0,0;296,62;2925,99;1466,85;205,01;748,38;6405,47;General Shopper
C000999;Cliente 0999;32,0;1125,07;Guayaquil;Mass;70822,87;0,0;3;0,0;0,0;0,0;0,0;0,0;0,0;0,0;0,0;0,0;0,0;0,0;0,0;Sin Consumo
C001000;Cliente 1000;46,0;487,69;Quito;Mass;635,44;1200,0;1;0,0;25,05;0,0;0,0;0,0;0,0;20,81;72,07;17,38;45,25;0,0;180,56;General Shopper
C001001;Cliente 1001;37,0;353,12;Guayaquil;Joven;268,57;900,0;1;20,92;4,35;0,0;0,0;0,0;0,0;5,05;7,56;0,0;34,59;28,18;100,65;General Shopper
C001002;Cliente 1002;39,0;966,28;Guayaquil;Mass;71712,77;2400,0;4;0,0;232,81;0,0;3,59;243,92000000000002;0,0;179,74;48,87;463,59000000000003;417,31;0,0;1589,8300000000002;General Shopper
C001003;Cliente 1003;50,0;1222,3;Quito;Mass;71691,65;3500,0;2;53,51;232,78;0,0;20,0;183,17000000000002;0,0;61,43;44,38;494,2;216,69;48,49;1354,65;General Shopper
C001004;Cliente 1004;57,0;3171,47;Guayaquil;Affluent;4381,4;7400,0;2;849,08;0,0;0,0;0,0;0,0;0,0;1090,17;143,9;1480,27;183,25;299,33000000000004;4046,0;General Shopper
C001005;Cliente 1005;43,0;3893,0;Guayaquil;Premium;30565,27;0,0;1;0,0;0,0;0,0;0,0;0,0;0,0;0,0;0,0;0,0;0,0;0,0;0,0;Sin Consumo
C001006;Cliente 1006;18,0;865,82;Quito;Mass;0,0;2400,0;1;165,38;0,0;166,94;43,61;0,0;0,0;78,71000000000001;0,0;84,02;17,03;343,39;899,08;General Shopper
C001007;Cliente 1007;42,0;1413,7;Guayaquil;Mass;10899,4;3700,0;4;0,0;70,51;233,92000000000002;33,32;0,0;0,0;0,0;0,0;99,32000000000001;0,0;0,0;437,07;Food Lover
C001008;Cliente 1008;40,0;2120,42;Quito;Affluent;36051,27;5700,0;4;0,0;0,0;224,17000000000002;0,0;173,85;0,0;0,0;0,0;126,53;30,03;0,0;554,5799999999999;General Shopper
C001009;Cliente 1009;29,0;1048,43;Quito;Mass;35161,15;2100,0;3;0,0;0,0;24,84;88,84;0,0;0,0;0,0;96,99;0,0;0,0;113,47;324,14;General Shopper
C001010;Cliente 1010;49,0;1429,76;Guayaquil;Mass;13827,210000000001;1500,0;2;0,0;70,36;134,14;22,47;0,0;0,0;0,0;66,56;0,0;0,0;329,06;622,5899999999999;Travel Lover
C001011;Cliente 1011;31,0;1117,54;Cuenca;Mass;24946,54;2500,0;2;0,0;60,2;311,5;0,0;0,0;0,0;0,0;193,22;0,0;164,81;0,0;729,73;General Shopper
C001012;Cliente 1012;36,0;5911,6;Guayaquil;Pyme;24429,06;6300,0;4;0,0;0,0;678,44;0,0;0,0;0,0;0,0;0,0;0,0;0,0;5164,2300000000005;5842,67;Travel Lover
C001013;Cliente 1013;31,0;1407,83;Guayaquil;Affluent;8508,15;2800,0;2;17,74;477,69;59,06;0,0;0,0;0,0;0,0;228,07;481,5;71,96000000000001;230,45;1566,47;General Shopper
C001014;Cliente 1014;59,0;519,98;Ambato;Mass;58381,51;900,0;2;0,0;35,18;0,0;33,510000000000005;0,0;0,0;0,0;0,0;105,03;0,0;0,0;173,72;General Shopper
C001015;Cliente 1015;46,0;1025,11;Quito;Joven;15070,279999999999;3000,0;3;0,0;60,51;233,84;0,0;0,0;0,0;0,0;0,0;39,31;177,81;187,8;699,27;General Shopper
C001016;Cliente 1016;58,0;1963,47;Cuenca;Mass;910,18;3400,0;1;125,76;0,0;440,39;153,59;0,0;0,0;304,56;0,0;696,77;0,0;479,24;2200,31;General Shopper
C001017;Cliente 1017;27,0;792,36;Guayaquil;Mass;3271,32;0,0;1;0,0;0,0;0,0;0,0;0,0;0,0;0,0;0,0;0,0;0,0;0,0;0,0;Sin Consumo
C001018;Cliente 1018;37,0;3183,46;Guayaquil;Premium;23500,02;4800,0;2;124,59;0,0;203,55;0,0;0,0;0,0;313,75;797,55;174,38;249,22;74,91;1937,9499999999998;General Shopper
C001019;Cliente 1019;39,0;1958,11;Guayaquil;Affluent;151243,08000000002;0,0;3;0,0;0,0;0,0;0,0;0,0;0,0;0,0;0,0;0,0;0,0;0,0;0,0;Sin Consumo
C001020;Cliente 1020;32,0;4227,36;Guayaquil;Affluent;14682,79;8400,0;2;0,0;0,0;2295,51;69,13;0,0;0,0;738,71;0,0;0,0;0,0;0,0;3103,3500000000004;Food Lover
C001021;Cliente 1021;41,0;1063,24;Manta;Mass;5288,69;0,0;1;0,0;0,0;0,0;0,0;0,0;0,0;0,0;0,0;0,0;0,0;0,0;0,0;Sin Consumo
C001022;Cliente 1022;18,0;523,86;Guayaquil;Mass;1963,12;1100,0;2;36,65;0,0;28,61;0,0;0,0;0,0;199,18;17,23;30,740000000000002;15,42;22,88;350,71;General Shopper
C001023;Cliente 1023;39,0;4623,4;Loja;Premium;23916,239999999998;9600,0;3;0,0;50,53;0,0;0,0;0,0;0,0;0,0;880,79;160,11;0,0;1250,77;2342,2;Travel Lover
C001024;Cliente 1024;23,0;593,97;Quito;Joven;51785,03;1000,0;3;53,489999999999995;0,0;74,39;0,0;83,4;0,0;24,4;0,0;74,38;0,0;0,0;310,06;General Shopper
C001025;Cliente 1025;58,0;5756,07;Guayaquil;Premium;95964,9;8600,0;2;182,88;1105,0900000000001;0,0;0,0;0,0;0,0;0,0;36,72;0,0;0,0;383,26;1707,9500000000003;General Shopper
C001026;Cliente 1026;41,0;886,35;Quito;Joven;4417,8;2500,0;2;183,56;0,0;154,6;0,0;0,0;0,0;17,67;12,71;0,0;0,0;49,48;418,02;General Shopper
C001027;Cliente 1027;55,0;3014,99;Ambato;Pyme;18025,42;3900,0;2;0,0;92,19;0,0;156,75;0,0;0,0;150,06;0,0;0,0;0,0;0,0;399,0;General Shopper
C001028;Cliente 1028;38,0;1156,82;Ambato;Mass;3795,66;3400,0;2;0,0;0,0;16,58;117,73;23,05;0,0;0,0;240,65999999999997;48,34;273,48;240,02999999999997;959,87;General Shopper
C001029;Cliente 1029;32,0;811,18;Ambato;Mass;1818,51;1000,0;2;0,0;58,339999999999996;59,050000000000004;76,0;0,0;0,0;0,0;9,74;65,53;94,15;0,0;362,81000000000006;General Shopper
C001030;Cliente 1030;35,0;1611,42;Quito;Premium;26050,95;2600,0;4;20,67;0,0;0,0;0,0;13,1;0,0;161,06;78,85;0,0;0,0;0,0;273,68;General Shopper
C001031;Cliente 1031;22,0;611,7;Manta;Joven;100686,2;1200,0;4;0,0;0,0;0,0;15,88;0,0;0,0;0,0;49,73;34,910000000000004;0,0;7,42;107,94;General Shopper
C001032;Cliente 1032;26,0;557,1;Guayaquil;Mass;9389,01;900,0;2;0,0;0,0;37,92;40,24;51,089999999999996;0,0;0,0;34,0;28,73;37,09;131,01999999999998;360,09;General Shopper
C001033;Cliente 1033;36,0;538,06;Quito;Joven;1770,18;1400,0;2;0,0;267,36;133,45999999999998;0,0;0,0;0,0;0,0;6,1;0,0;35,11;38,51;480,54;General Shopper
C001034;Cliente 1034;48,0;808,64;Quito;Mass;5073,09;0,0;1;0,0;0,0;0,0;0,0;0,0;0,0;0,0;0,0;0,0;0,0;0,0;0,0;Sin Consumo
C001035;Cliente 1035;48,0;1002,62;Quito;Mass;9731,83;2200,0;4;17,11;0,0;119,77000000000001;33,55;0,0;0,0;99,37;111,36999999999999;104,82;0,0;132,18;618,1700000000001;General Shopper
C001036;Cliente 1036;37,0;1059,35;Desconocida;Mass;0,0;0,0;1;0,0;0,0;0,0;0,0;0,0;0,0;0,0;0,0;0,0;0,0;0,0;0,0;Sin Consumo
C001037;Cliente 1037;29,0;589,33;Guayaquil;Mass;6210,87;0,0;2;0,0;0,0;0,0;0,0;0,0;0,0;0,0;0,0;0,0;0,0;0,0;0,0;Sin Consumo
C001038;Cliente 1038;32,0;350,0;Quito;Joven;3204,69;500,0;3;8,7;15,22;65,59;24,42;40,91;0,0;0,0;6,05;17,24;22,3;40,019999999999996;240,45;General Shopper
C001039;Cliente 1039;44,0;1631,74;Loja;Affluent;19927,190000000002;3800,0;3;244,04;858,38;12,32;0,0;0,0;0,0;42,16;132,82;112,41;0,0;0,0;1402,13;General Shopper
C001040;Cliente 1040;63,0;731,18;Ambato;Joven;5992,54;1900,0;3;85,79;0,0;25,38;14,88;0,0;0,0;119,76;103,88999999999999;65,65;13,370000000000001;120,62;549,34;General Shopper
C001041;Cliente 1041;48,0;860,55;Guayaquil;Mass;4847,59;2200,0;2;0,0;64,3;0,0;32,43;0,0;0,0;204,01000000000002;97,5;132,20999999999998;106,69;145,87;783,0100000000001;General Shopper
C001042;Cliente 1042;35,0;1302,18;Loja;Mass;3306,1;0,0;1;0,0;0,0;0,0;0,0;0,0;0,0;0,0;0,0;0,0;0,0;0,0;0,0;Sin Consumo
C001043;Cliente 1043;45,0;2114,04;Quito;Mass;5348,76;3900,0;2;90,33;309,19;0,0;100,93;0,0;0,0;151,77;91,44;0,0;33,96;293,21999999999997;1070,84;General Shopper
C001044;Cliente 1044;68,0;3015,08;Guayaquil;Premium;19042,210000000003;0,0;2;0,0;0,0;0,0;0,0;0,0;0,0;0,0;0,0;0,0;0,0;0,0;0,0;Sin Consumo
C001045;Cliente 1045;23,0;1076,74;Guayaquil;Joven;5098,26;1400,0;3;163,81;122,79;166,79000000000002;0,0;0,0;0,0;0,0;0,0;12,02;0,0;41,76;507,17;General Shopper
C001046;Cliente 1046;21,0;666,86;Quito;Mass;1408,1100000000001;2000,0;2;0,0;279,59;0,0;10,69;0,0;0,0;0,0;32,71;0,0;0,0;162,39;485,37999999999994;General Shopper
C001047;Cliente 1047;40,0;1364,13;Guayaquil;Mass;306,99;1500,0;1;0,0;0,0;141,94;57,67;0,0;0,0;0,0;0,0;108,08;0,0;132,19;439,88;General Shopper
C001048;Cliente 1048;30,0;821,43;Ambato;Joven;1606,22;1600,0;2;0,0;0,0;0,0;16,69;0,0;0,0;0,0;103,29;0,0;63,21;0,0;183,19;Streaming Lover
C001049;Cliente 1049;30,0;3689,3;Guayaquil;Pyme;281,16;0,0;1;0,0;0,0;0,0;0,0;0,0;0,0;0,0;0,0;0,0;0,0;0,0;0,0;Sin Consumo
C001050;Cliente 1050;48,0;567,03;Quito;Mass;39522,3;0,0;2;0,0;0,0;0,0;0,0;0,0;0,0;0,0;0,0;0,0;0,0;0,0;0,0;Sin Consumo
C001051;Cliente 1051;18,0;5401,36;Cuenca;Pyme;16354,12;10900,0;2;243,89;0,0;0,0;0,0;0,0;0,0;1859,24;152,25;0,0;0,0;0,0;2255,38;General Shopper
C001052;Cliente 1052;37,0;350,0;Guayaquil;Mass;17545,88;0,0;1;0,0;0,0;0,0;0,0;0,0;0,0;0,0;0,0;0,0;0,0;0,0;0,0;Sin Consumo
C001053;Cliente 1053;18,0;3751,88;Guayaquil;Premium;109210,97;0,0;2;0,0;0,0;0,0;0,0;0,0;0,0;0,0;0,0;0,0;0,0;0,0;0,0;Sin Consumo
C001054;Cliente 1054;38,0;708,09;Cuenca;Mass;14836,89;1400,0;3;177,26;27,76;0,0;14,58;36,86;0,0;9,16;11,47;18,04;0,0;82,97;378,1;General Shopper
C001055;Cliente 1055;38,0;4891,41;Quito;Affluent;18260,109999999997;5400,0;2;236,64;276,07;715,5799999999999;169,05;0,0;0,0;0,0;682,24;0,0;795,26;2342,73;5217,57;General Shopper
C001056;Cliente 1056;53,0;887,52;Quito;Mass;4690,01;1900,0;2;0,0;0,0;0,0;0,0;32,81;0,0;0,0;0,0;0,0;0,0;164,42000000000002;197,23000000000002;Travel Lover
C001057;Cliente 1057;50,0;620,43;Cuenca;Mass;1895,6999999999998;1800,0;2;16,62;0,0;0,0;0,0;0,0;0,0;45,75;19,79;20,64;104,89999999999999;0,0;207,7;Tech Lover
C001058;Cliente 1058;46,0;4483,93;Ambato;Premium;86282,79000000001;13300,0;3;437,52;0,0;1269,03;0,0;0,0;0,0;0,0;0,0;0,0;0,0;0,0;1706,55;Food Lover
C001059;Cliente 1059;18,0;2279,53;Guayaquil;Premium;928,92;5600,0;1;0,0;220,58;766,5799999999999;44,65;0,0;0,0;180,97;0,0;235,82;0,0;0,0;1448,6;Food Lover
C001060;Cliente 1060;45,0;1601,47;Quito;Affluent;127516,95000000001;2900,0;4;0,0;0,0;289,23;0,0;0,0;0,0;0,0;51,37;726,26;0,0;103,92;1170,7800000000002;General Shopper
C001061;Cliente 1061;37,0;630,07;Quito;Joven;18271,55;0,0;1;0,0;0,0;0,0;0,0;0,0;0,0;0,0;0,0;0,0;0,0;0,0;0,0;Sin Consumo
C001062;Cliente 1062;59,0;1040,99;Quito;Mass;58191,22;2400,0;3;0,0;16,53;0,0;108,6;0,0;0,0;176,97;80,85;146,47;62,87;57,59;649,88;General Shopper
C001063;Cliente 1063;34,0;5404,28;Quito;Premium;87090,68;12100,0;3;293,63;1003,37;124,2;104,7;0,0;0,0;0,0;448,03999999999996;1053,0900000000001;0,0;0,0;3027,03;General Shopper
C001064;Cliente 1064;63,0;2076,59;Guayaquil;Affluent;9469,84;2200,0;2;504,66;0,0;23,59;68,55;228,71;0,0;45,88;0,0;164,76;0,0;137,01;1173,16;General Shopper
C001065;Cliente 1065;46,0;2819,34;Quito;Affluent;14567,04;0,0;1;0,0;0,0;0,0;0,0;0,0;0,0;0,0;0,0;0,0;0,0;0,0;0,0;Sin Consumo
C001066;Cliente 1066;36,0;1272,62;Cuenca;Affluent;4516,79;1400,0;2;0,0;0,0;0,0;0,0;0,0;0,0;0,0;57,82;326,26;21,41;0,0;405,49;General Shopper
C001067;Cliente 1067;44,0;879,14;Quito;Mass;2077,58;0,0;1;0,0;0,0;0,0;0,0;0,0;0,0;0,0;0,0;0,0;0,0;0,0;0,0;Sin Consumo
C001068;Cliente 1068;45,0;997,97;Manta;Mass;2491,73;0,0;1;0,0;0,0;0,0;0,0;0,0;0,0;0,0;0,0;0,0;0,0;0,0;0,0;Sin Consumo
C001069;Cliente 1069;38,0;5736,83;Cuenca;Premium;44661,45;0,0;2;0,0;0,0;0,0;0,0;0,0;0,0;0,0;0,0;0,0;0,0;0,0;0,0;Sin Consumo
C001070;Cliente 1070;56,0;1492,52;Quito;Affluent;8058,530000000001;0,0;2;0,0;0,0;0,0;0,0;0,0;0,0;0,0;0,0;0,0;0,0;0,0;0,0;Sin Consumo
C001071;Cliente 1071;40,0;374,33;Quito;Joven;21607,8;500,0;3;0,0;71,83;44,629999999999995;0,0;23,57;0,0;0,0;0,0;0,0;21,88;94,71000000000001;256,62;General Shopper
C001072;Cliente 1072;28,0;707,61;Cuenca;Joven;23877,93;0,0;2;0,0;0,0;0,0;0,0;0,0;0,0;0,0;0,0;0,0;0,0;0,0;0,0;Sin Consumo
C001073;Cliente 1073;37,0;3030,13;Guayaquil;Pyme;16560,66;8800,0;2;0,0;0,0;0,0;239,3;438,04999999999995;0,0;0,0;0,0;2012,24;0,0;0,0;2689,59;General Shopper
C001074;Cliente 1074;30,0;3684,82;Cuenca;Affluent;15863,55;8600,0;2;0,0;95,49;0,0;0,0;129,62;0,0;0,0;0,0;243,67;0,0;128,52;597,3;General Shopper
C001075;Cliente 1075;43,0;712,56;Quito;Mass;10894,800000000001;900,0;2;0,0;26,65;0,0;35,5;0,0;0,0;0,0;27,02;243,72000000000003;0,0;0,0;332,89;General Shopper
C001076;Cliente 1076;44,0;462,46;Quito;Mass;938,66;0,0;1;0,0;0,0;0,0;0,0;0,0;0,0;0,0;0,0;0,0;0,0;0,0;0,0;Sin Consumo
C001077;Cliente 1077;36,0;1269,28;Guayaquil;Mass;115723,61;0,0;2;0,0;0,0;0,0;0,0;0,0;0,0;0,0;0,0;0,0;0,0;0,0;0,0;Sin Consumo
C001078;Cliente 1078;26,0;713,35;Guayaquil;Joven;1137,55;1900,0;2;34,23;227,35999999999999;88,29;92,05000000000001;0,0;0,0;127,78;29,45;56,4;0,0;0,0;655,56;General Shopper
C001079;Cliente 1079;42,0;2800,18;Guayaquil;Affluent;90866,63;7000,0;3;0,0;283,16;0,0;268,78;268,34;0,0;338,79999999999995;1160,28;543,27;0,0;283,52;3146,1499999999996;General Shopper
C001080;Cliente 1080;52,0;697,65;Guayaquil;Mass;592,58;1100,0;1;0,0;132,75;79,6;0,0;0,0;0,0;0,0;316,73;43,11;0,0;0,0;572,19;Streaming Lover
C001081;Cliente 1081;32,0;1963,7;Ambato;Affluent;13455,43;3900,0;3;184,25;107,78;117,71;0,0;43,83;0,0;260,35;96,83;88,65;200,87;378,19;1478,46;General Shopper
C001082;Cliente 1082;56,0;782,8;Guayaquil;Mass;3541,35;2100,0;2;0,0;0,0;215,46;0,0;17,5;0,0;127,05;26,54;24,2;0,0;0,0;410,75;Food Lover
C001083;Cliente 1083;45,0;597,45;Cuenca;Mass;2043,63;1700,0;2;60,96;160,29000000000002;227,23;0,0;0,0;0,0;17,33;0,0;53,85;0,0;0,0;519,6600000000001;General Shopper
C001084;Cliente 1084;27,0;638,66;Desconocida;Mass;57072,020000000004;1100,0;2;0,0;27,47;77,87;64,47999999999999;47,4;0,0;0,0;0,0;318,66999999999996;0,0;0,0;535,8899999999999;General Shopper
C001085;Cliente 1085;45,0;1109,37;Guayaquil;Mass;24352,48;2200,0;3;0,0;133,11;44,28;0,0;0,0;0,0;0,0;0,0;0,0;0,0;143,35;320,74;General Shopper
C001086;Cliente 1086;28,0;884,87;Loja;Mass;32447,51;2000,0;2;0,0;60,980000000000004;19,57;0,0;10,0;0,0;0,0;0,0;33,94;0,0;0,0;124,49000000000001;General Shopper
C001087;Cliente 1087;67,0;415,51;Quito;Joven;961,63;1200,0;3;22,37;0,0;85,3;19,64;35,85;0,0;0,0;44,18;78,87;18,68;0,0;304,89000000000004;General Shopper
C001088;Cliente 1088;18,0;1388,66;Quito;Mass;84153,3;1400,0;3;0,0;0,0;273,12;0,0;0,0;0,0;0,0;95,91;26,75;0,0;129,71;525,49;Food Lover
C001089;Cliente 1089;36,0;958,9;Quito;Mass;17536,989999999998;1600,0;3;0,0;110,35;499,42;0,0;0,0;0,0;78,18;0,0;235,61;0,0;0,0;923,56;Food Lover
C001090;Cliente 1090;35,0;1149,37;Guayaquil;Joven;62388,16;2800,0;3;0,0;79,3;106,21;61,69;0,0;0,0;0,0;22,96;75,85;0,0;0,0;346,01;General Shopper
C001091;Cliente 1091;52,0;1703,75;Guayaquil;Affluent;155237,61;0,0;3;0,0;0,0;0,0;0,0;0,0;0,0;0,0;0,0;0,0;0,0;0,0;0,0;Sin Consumo
C001092;Cliente 1092;42,0;1905,63;Guayaquil;Affluent;47372,33;2500,0;4;0,0;683,3599999999999;27,83;0,0;254,14;0,0;0,0;231,5;348,40999999999997;0,0;0,0;1545,2399999999998;General Shopper
C001093;Cliente 1093;41,0;3445,57;Guayaquil;Affluent;1108,43;7900,0;1;273,21;188,86;107,08;640,99;336,57;0,0;112,91;429,25;553,01;0,0;217,3;2859,1800000000003;General Shopper
C001094;Cliente 1094;35,0;1675,57;Manta;Affluent;10812,310000000001;4100,0;3;317,01;267,23;0,0;0,0;98,19;0,0;66,14;272,76;41,97;236,41;0,0;1299,71;General Shopper
C001095;Cliente 1095;52,0;1273,91;Manta;Affluent;93374,47;3700,0;3;79,19;67,49;350,89;0,0;42,25;0,0;0,0;50,83;57,25;61,66;207,85;917,41;General Shopper
C001096;Cliente 1096;29,0;645,91;Cuenca;Mass;1532,43;0,0;1;0,0;0,0;0,0;0,0;0,0;0,0;0,0;0,0;0,0;0,0;0,0;0,0;Sin Consumo
C001097;Cliente 1097;32,0;965,01;Cuenca;Mass;102844,54;2400,0;2;59,83;43,67;0,0;0,0;193,6;0,0;0,0;50,489999999999995;97,68;0,0;0,0;445,27;General Shopper
C001098;Cliente 1098;18,0;1566,84;Manta;Affluent;30600,29;4600,0;3;0,0;0,0;0,0;0,0;153,72;0,0;50,88;94,39;228,3;175,48;192,34;895,11;General Shopper
C001099;Cliente 1099;69,0;1002,65;Quito;Mass;4812,200000000001;2400,0;2;0,0;65,26;0,0;0,0;0,0;0,0;0,0;145,29;0,0;83,88999999999999;60,17;354,61;General Shopper
C001100;Cliente 1100;29,0;871,55;Quito;Mass;4428,03;2200,0;3;0,0;43,65;18,12;42,6;0,0;0,0;0,0;50,06;0,0;0,0;17,56;171,99;General Shopper
C001101;Cliente 1101;27,0;2491,34;Ambato;Affluent;74028,39;5100,0;4;90,62;151,45999999999998;0,0;178,62;112,51;0,0;155,13;127,62;186,15;0,0;0,0;1002,1099999999999;General Shopper
C001102;Cliente 1102;41,0;4931,14;Manta;Premium;76518,68;12100,0;4;3033,77;169,57;0,0;0,0;0,0;0,0;0,0;664,62;352,94;0,0;126,25;4347,15;General Shopper
C001103;Cliente 1103;58,0;504,33;Guayaquil;Mass;123609,52;500,0;3;0,0;46,2;73,05;77,94;28,63;0,0;0,0;0,0;38,0;0,0;0,0;263,82;General Shopper
C001104;Cliente 1104;29,0;921,9;Guayaquil;Mass;49982,619999999995;0,0;2;0,0;0,0;0,0;0,0;0,0;0,0;0,0;0,0;0,0;0,0;0,0;0,0;Sin Consumo
C001105;Cliente 1105;56,0;422,26;Quito;Mass;1480,8600000000001;800,0;2;37,67;56,4;9,23;28,67;0,0;0,0;0,0;121,26;136,73;176,46;28,17;594,59;General Shopper
C001106;Cliente 1106;52,0;584,23;Manta;Mass;93130,68999999999;1700,0;3;89,17;33,51;26,26;16,21;0,0;0,0;47,489999999999995;0,0;18,47;55,92;0,0;287,03000000000003;General Shopper
C001107;Cliente 1107;68,0;4519,24;Manta;Premium;17745,33;12100,0;2;0,0;0,0;150,53;0,0;0,0;0,0;0,0;167,13;34,83;0,0;130,93;483,42;General Shopper
C001108;Cliente 1108;34,0;1034,26;Manta;Mass;89466,59;0,0;2;0,0;0,0;0,0;0,0;0,0;0,0;0,0;0,0;0,0;0,0;0,0;0,0;Sin Consumo
C001109;Cliente 1109;42,0;444,49;Guayaquil;Joven;2442,25;900,0;2;0,0;0,0;219,78;31,2;0,0;0,0;0,0;0,0;279,53;0,0;52,95;583,46;General Shopper
C001110;Cliente 1110;33,0;1013,03;Guayaquil;Mass;3987,67;1400,0;2;87,56;186,2;93,75;80,37;0,0;0,0;16,13;178,57999999999998;338,71999999999997;0,0;14,29;995,5999999999999;General Shopper
C001111;Cliente 1111;39,0;1223,14;Manta;Mass;91104,68;0,0;1;0,0;0,0;0,0;0,0;0,0;0,0;0,0;0,0;0,0;0,0;0,0;0,0;Sin Consumo
C001112;Cliente 1112;19,0;2833,59;Guayaquil;Mass;125089,42;3900,0;3;0,0;0,0;266,52;188,01;234,18;0,0;0,0;0,0;25,46;382,95000000000005;45,14;1142,26;General Shopper
C001113;Cliente 1113;55,0;4170,39;Quito;Premium;39903,060000000005;12400,0;2;0,0;475,11;1207,83;0,0;0,0;0,0;111,54;458,49;193,17;0,0;733,41;3179,5499999999997;General Shopper
C001114;Cliente 1114;53,0;905,95;Ambato;Mass;3268,89;1600,0;2;39,34;11,26;0,0;78,8;0,0;0,0;30,72;0,0;169,14;15,21;0,0;344,46999999999997;General Shopper
C001115;Cliente 1115;28,0;763,56;Guayaquil;Joven;60273,68;1400,0;4;0,0;115,04;255,82999999999998;122,19;0,0;0,0;7,51;93,43;111,68;0,0;0,0;705,6800000000001;General Shopper
C001116;Cliente 1116;50,0;1240,42;Cuenca;Mass;17372,57;1400,0;3;0,0;27,69;62,160000000000004;0,0;0,0;0,0;137,43;0,0;25,6;258,39000000000004;234,74;746,01;General Shopper
C001117;Cliente 1117;29,0;4267,35;Cuenca;Premium;48937,91;8200,0;4;0,0;0,0;777,97;0,0;0,0;0,0;0,0;520,9200000000001;0,0;0,0;0,0;1298,89;Food Lover
C001118;Cliente 1118;32,0;634,16;Manta;Mass;116305,31;1000,0;3;0,0;34,81;181,95;0,0;91,68;0,0;26,26;0,0;152,2;0,0;0,0;486,9;General Shopper
C001119;Cliente 1119;40,0;481,02;Quito;Mass;4892,04;800,0;3;10,8;18,3;51,96;64,12;13,6;0,0;20,13;18,75;49,71;60,96;0,0;308,33;General Shopper
C001120;Cliente 1120;38,0;880,62;Cuenca;Mass;105890,24;1600,0;2;130,39;124,85;0,0;45,05;38,54;0,0;37,24;0,0;50,160000000000004;61,64;0,0;487,86999999999995;General Shopper
C001121;Cliente 1121;32,0;1212,64;Quito;Mass;1162,46;3000,0;2;266,97;0,0;405,99;0,0;60,75;0,0;0,0;0,0;81,9;0,0;556,46;1372,0700000000002;General Shopper
C001122;Cliente 1122;21,0;2472,84;Quito;Affluent;53035,729999999996;6500,0;4;0,0;0,0;382,24;0,0;77,76;0,0;0,0;0,0;0,0;637,82;427,11;1524,9300000000003;General Shopper
C001123;Cliente 1123;32,0;1061,47;Guayaquil;Mass;4107,54;1700,0;2;45,27;94,62;149,7;0,0;390,8;0,0;0,0;46,55;90,93;0,0;174,96;992,83;General Shopper
C001124;Cliente 1124;52,0;3971,07;Quito;Affluent;19063,670000000002;4800,0;2;0,0;0,0;269,0;0,0;90,85;0,0;0,0;1012,05;213,51;154,66;0,0;1740,07;Streaming Lover
C001125;Cliente 1125;45,0;3639,06;Manta;Premium;101425,75;0,0;3;0,0;0,0;0,0;0,0;0,0;0,0;0,0;0,0;0,0;0,0;0,0;0,0;Sin Consumo
C001126;Cliente 1126;18,0;761,56;Manta;Mass;1036,16;1900,0;2;138,51;0,0;0,0;0,0;0,0;0,0;0,0;0,0;344,75;0,0;16,46;499,71999999999997;General Shopper
C001127;Cliente 1127;49,0;2181,69;Quito;Affluent;86506,43999999999;5600,0;4;0,0;0,0;0,0;0,0;144,07;0,0;0,0;0,0;173,0;0,0;0,0;317,07;General Shopper
C001128;Cliente 1128;18,0;1315,61;Guayaquil;Mass;53281,66;0,0;2;0,0;0,0;0,0;0,0;0,0;0,0;0,0;0,0;0,0;0,0;0,0;0,0;Sin Consumo
C001129;Cliente 1129;22,0;1008,03;Cuenca;Joven;44243,62;2900,0;2;0,0;202,01;152,07999999999998;59,63;40,83;0,0;0,0;0,0;122,08000000000001;0,0;0,0;576,63;General Shopper
C001130;Cliente 1130;18,0;488,53;Guayaquil;Mass;170,3;800,0;1;0,0;7,7;11,74;0,0;0,0;0,0;0,0;47,699999999999996;0,0;82,62;25,6;175,35999999999999;General Shopper
C001131;Cliente 1131;18,0;1083,82;Quito;Mass;7875,08;1800,0;3;22,74;0,0;250,63;0,0;157,55;0,0;0,0;54,15;0,0;290,85;53,13;829,0500000000001;General Shopper
C001132;Cliente 1132;23,0;634,96;Quito;Joven;56720,81;1700,0;2;11,12;15,36;47,98;81,82000000000001;0,0;0,0;73,37;0,0;103,1;59,45;10,09;402,28999999999996;General Shopper
C001133;Cliente 1133;24,0;1164,4;Guayaquil;Mass;694,86;1600,0;1;0,0;0,0;0,0;0,0;0,0;0,0;0,0;333,34999999999997;45,29;18,44;0,0;397,08;Streaming Lover
C001134;Cliente 1134;34,0;1105,86;Manta;Mass;6664,139999999999;2100,0;2;0,0;18,29;398,1;0,0;0,0;0,0;0,0;174,07999999999998;86,07;133,06;34,43;844,0299999999999;General Shopper
C001135;Cliente 1135;35,0;2048,43;Ambato;Premium;46647,82;4900,0;4;125,41;109,37;500,73;111,24;0,0;0,0;308,06;0,0;0,0;273,45;69,26;1497,52;General Shopper
C001136;Cliente 1136;18,0;874,63;Manta;Mass;31318,32;1300,0;3;0,0;42,8;96,53;0,0;0,0;0,0;0,0;16,3;58,1;54,61;167,35999999999999;435,69999999999993;General Shopper
C001137;Cliente 1137;38,0;948,21;Quito;Mass;52763,67;2600,0;2;19,72;0,0;0,0;0,0;0,0;0,0;0,0;0,0;141,03;0,0;0,0;160,75;General Shopper
C001138;Cliente 1138;25,0;1244,71;Quito;Mass;2590,12;3300,0;2;0,0;186,24;0,0;0,0;77,27;0,0;0,0;175,48;50,18;0,0;58,41;547,58;General Shopper
C001139;Cliente 1139;31,0;2469,76;Quito;Affluent;108337,61;3600,0;4;0,0;158,28;1054,34;0,0;244,89;0,0;0,0;60,05;113,26;0,0;0,0;1630,82;Food Lover
C001140;Cliente 1140;31,0;651,6;Guayaquil;Joven;15247,61;1700,0;2;61,4;0,0;10,06;82,24;84,12;0,0;0,0;0,0;0,0;11,89;81,37;331,08;General Shopper
C001141;Cliente 1141;48,0;1153,68;Guayaquil;Joven;120760,97;3300,0;2;36,4;0,0;37,66;0,0;0,0;0,0;24,29;70,84;92,56;31,48;0,0;293,23;General Shopper
C001142;Cliente 1142;35,0;917,62;Guayaquil;Mass;18386,82;0,0;2;0,0;0,0;0,0;0,0;0,0;0,0;0,0;0,0;0,0;0,0;0,0;0,0;Sin Consumo
C001143;Cliente 1143;20,0;7075,0;Guayaquil;Premium;144723,17;20300,0;4;1357,8300000000002;0,0;1555,24;759,19;0,0;0,0;1183,51;0,0;388,53;149,72;0,0;5394,02;General Shopper
C001144;Cliente 1144;46,0;846,56;Guayaquil;Mass;58939,0;1900,0;2;115,24000000000001;11,29;0,0;0,0;209,42;0,0;35,2;0,0;167,22;0,0;115,09;653,46;General Shopper
C001145;Cliente 1145;44,0;440,43;Loja;Mass;223,84;500,0;1;0,0;0,0;12,16;0,0;52,14;0,0;0,0;0,0;0,0;14,989999999999998;0,0;79,28999999999999;General Shopper
C001146;Cliente 1146;18,0;1348,39;Cuenca;Mass;2384,26;0,0;1;0,0;0,0;0,0;0,0;0,0;0,0;0,0;0,0;0,0;0,0;0,0;0,0;Sin Consumo
C001147;Cliente 1147;28,0;2769,68;Ambato;Premium;50769,36;4000,0;4;0,0;0,0;442,23;0,0;0,0;0,0;0,0;0,0;44,73;0,0;506,16999999999996;993,13;Travel Lover
C001148;Cliente 1148;43,0;434,22;Quito;Mass;26385,17;0,0;2;0,0;0,0;0,0;0,0;0,0;0,0;0,0;0,0;0,0;0,0;0,0;0,0;Sin Consumo
C001149;Cliente 1149;26,0;2352,69;Guayaquil;Affluent;82495,35;6100,0;3;45,98;137,12;0,0;0,0;0,0;0,0;0,0;252,17999999999998;234,85000000000002;0,0;0,0;670,13;General Shopper
C001150;Cliente 1150;22,0;1170,43;Ambato;Mass;3761,73;2900,0;2;0,0;0,0;139,57;128,88;74,74000000000001;0,0;0,0;13,63;33,91;345,31;0,0;736,04;General Shopper
C001151;Cliente 1151;31,0;1033,24;Quito;Mass;3346,54;0,0;1;0,0;0,0;0,0;0,0;0,0;0,0;0,0;0,0;0,0;0,0;0,0;0,0;Sin Consumo
C001152;Cliente 1152;29,0;691,7;Manta;Mass;2256,08;1800,0;3;0,0;16,38;60,83;0,0;43,08;0,0;64,32;0,0;15,75;207,48;488,07;895,91;Travel Lover
C001153;Cliente 1153;30,0;6713,74;Loja;Premium;14330,43;12100,0;3;0,0;663,95;1778,6;0,0;0,0;0,0;0,0;0,0;233,6;0,0;1277,04;3953,19;General Shopper
C001154;Cliente 1154;38,0;2395,4;Ambato;Affluent;41778,439999999995;4700,0;3;75,38;228,24;77,79;0,0;0,0;0,0;0,0;0,0;236,01999999999998;956,6199999999999;57,53;1631,58;Tech Lover
C001155;Cliente 1155;37,0;754,58;Guayaquil;Mass;95866,29999999999;1200,0;4;0,0;28,07;9,96;56,35;0,0;0,0;0,0;139,26;102,66999999999999;375,27;0,0;711,5799999999999;Tech Lover
C001156;Cliente 1156;22,0;2024,98;Cuenca;Affluent;11655,88;4200,0;2;230,73000000000002;190,84;0,0;395,21;55,62;0,0;0,0;46,11;404,61;113,28;124,32;1560,7199999999998;General Shopper
C001157;Cliente 1157;37,0;2185,15;Quito;Pyme;2802,36;5500,0;2;0,0;19,58;295,53999999999996;0,0;0,0;0,0;0,0;433,95;0,0;42,92;191,92;983,9099999999999;General Shopper
C001158;Cliente 1158;58,0;867,75;Quito;Mass;114856,83;2100,0;2;0,0;66,05000000000001;6,15;19,52;82,58;0,0;58,37;103,79;187,16;0,0;36,39;560,01;General Shopper
C001159;Cliente 1159;27,0;1454,5;Manta;Affluent;90297,84999999999;2600,0;3;0,0;256,40999999999997;0,0;0,0;0,0;0,0;0,0;70,86;83,18;80,01;137,43;627,89;General Shopper
C001160;Cliente 1160;46,0;1187,6;Manta;Mass;8452,14;0,0;2;0,0;0,0;0,0;0,0;0,0;0,0;0,0;0,0;0,0;0,0;0,0;0,0;Sin Consumo
C001161;Cliente 1161;28,0;979,2;Guayaquil;Mass;26407,15;0,0;1;0,0;0,0;0,0;0,0;0,0;0,0;0,0;0,0;0,0;0,0;0,0;0,0;Sin Consumo
C001162;Cliente 1162;39,0;539,46;Quito;Mass;613,54;1300,0;2;0,0;0,0;0,0;53,63;78,52000000000001;0,0;51,81;73,5;78,34;66,42;18,75;420,97;General Shopper
C001163;Cliente 1163;38,0;1038,05;Cuenca;Mass;1299,0;2100,0;2;0,0;18,9;0,0;0,0;0,0;0,0;0,0;38,12;0,0;172,5;700,1500000000001;929,6700000000001;Travel Lover
C001164;Cliente 1164;47,0;614,4;Loja;Mass;3300,25;0,0;2;0,0;0,0;0,0;0,0;0,0;0,0;0,0;0,0;0,0;0,0;0,0;0,0;Sin Consumo
C001165;Cliente 1165;43,0;749,12;Guayaquil;Mass;819,47;2100,0;1;0,0;40,91;0,0;0,0;361,45000000000005;0,0;0,0;32,67;0,0;59,91;0,0;494,94000000000005;General Shopper
C001166;Cliente 1166;36,0;2741,29;Guayaquil;Affluent;2023,93;6100,0;1;0,0;83,05;0,0;43,85;0,0;0,0;127,82;0,0;108,2;1144,1;111,93;1618,95;Tech Lover
C001167;Cliente 1167;46,0;1208,97;Quito;Mass;96573,69;0,0;1;0,0;0,0;0,0;0,0;0,0;0,0;0,0;0,0;0,0;0,0;0,0;0,0;Sin Consumo
C001168;Cliente 1168;38,0;2359,49;Quito;Affluent;70443,01;4800,0;3;0,0;0,0;179,43;160,13;0,0;0,0;49,77;1067,4699999999998;297,69;131,62;84,06;1970,1699999999996;Streaming Lover
C001169;Cliente 1169;31,0;3846,12;Guayaquil;Premium;38585,4;11500,0;3;0,0;407,2;171,39;0,0;115,18;0,0;25,12;0,0;262,65;0,0;2011,1699999999998;2992,71;Travel Lover
C001170;Cliente 1170;46,0;1729,21;Loja;Affluent;36162,649999999994;4200,0;4;22,43;20,12;159,19;391,44000000000005;105,81;0,0;0,0;188,29;339,97;122,74;0,0;1349,99;General Shopper
C001171;Cliente 1171;47,0;1098,76;Quito;Mass;7208,24;1200,0;2;39,29;27,03;314,43;0,0;220,0;0,0;0,0;0,0;242,71;114,13;0,0;957,59;General Shopper
C001172;Cliente 1172;33,0;1529,34;Guayaquil;Affluent;26300,62;1900,0;3;18,9;29,02;60,21;80,89;0,0;0,0;0,0;0,0;0,0;0,0;505,63;694,65;Travel Lover
C001173;Cliente 1173;34,0;989,23;Quito;Mass;2745,69;1300,0;2;139,69;637,39;0,0;116,16;0,0;0,0;0,0;0,0;0,0;9,69;0,0;902,93;General Shopper
C001174;Cliente 1174;42,0;729,85;Guayaquil;Mass;2007,3600000000001;1700,0;2;79,09;72,05;0,0;42,09;0,0;0,0;36,55;0,0;15,8;171,8;75,27;492,65;General Shopper
C001175;Cliente 1175;35,0;3976,34;Guayaquil;Premium;64585,86;4900,0;2;0,0;0,0;0,0;0,0;0,0;0,0;0,0;0,0;0,0;0,0;693,58;693,58;Travel Lover
C001176;Cliente 1176;38,0;655,73;Guayaquil;Mass;18476,11;1800,0;2;76,48;0,0;152,63;0,0;12,57;0,0;0,0;213,92;40,41;86,79;0,0;582,8;General Shopper
C001177;Cliente 1177;18,0;2705,5;Guayaquil;Affluent;7347,16;4700,0;2;170,8;0,0;134,25;165,9;0,0;0,0;0,0;662,87;414,34000000000003;78,06;148,73;1774,95;General Shopper
C001178;Cliente 1178;43,0;2966,11;Guayaquil;Affluent;104597,62000000001;4000,0;2;145,66;0,0;0,0;199,15;152,09;0,0;570,43;0,0;1221,79;0,0;0,0;2289,12;General Shopper
C001179;Cliente 1179;28,0;1007,4;Guayaquil;Mass;3465,0;3000,0;2;0,0;18,09;0,0;0,0;0,0;0,0;0,0;0,0;0,0;94,30000000000001;279,04;391,43000000000006;Travel Lover
C001180;Cliente 1180;37,0;1985,3;Quito;Pyme;11160,59;3600,0;2;0,0;372,29;525,87;303,95000000000005;323,19;0,0;0,0;68,05;0,0;0,0;164,92;1758,2700000000002;General Shopper
C001181;Cliente 1181;34,0;589,76;Quito;Mass;128104,93000000001;1300,0;3;0,0;44,62;0,0;0,0;33,79;0,0;36,93;0,0;0,0;119,85;34,36;269,55;General Shopper
C001182;Cliente 1182;32,0;4665,85;Guayaquil;Premium;152575,11000000002;11200,0;2;0,0;0,0;622,11;684,35;0,0;0,0;424,61;0,0;422,9;204,0;0,0;2357,9700000000003;General Shopper
C001183;Cliente 1183;18,0;669,61;Guayaquil;Mass;92049,64;0,0;2;0,0;0,0;0,0;0,0;0,0;0,0;0,0;0,0;0,0;0,0;0,0;0,0;Sin Consumo
C001184;Cliente 1184;26,0;1088,49;Guayaquil;Mass;7579,07;0,0;1;0,0;0,0;0,0;0,0;0,0;0,0;0,0;0,0;0,0;0,0;0,0;0,0;Sin Consumo
C001185;Cliente 1185;34,0;602,55;Quito;Joven;662,06;1100,0;1;134,35;0,0;69,01;30,3;0,0;0,0;59,59;68,56;0,0;44,09;114,06;519,96;General Shopper
C001186;Cliente 1186;36,0;1276,71;Cuenca;Joven;4458,030000000001;2800,0;2;0,0;0,0;15,16;0,0;0,0;0,0;0,0;435,27;0,0;0,0;0,0;450,43;Streaming Lover
C001187;Cliente 1187;19,0;1927,48;Cuenca;Affluent;12029,07;4900,0;2;0,0;0,0;0,0;0,0;0,0;0,0;0,0;0,0;43,18;0,0;496,43;539,61;Travel Lover
C001188;Cliente 1188;36,0;3212,29;Guayaquil;Pyme;85497,97;0,0;2;0,0;0,0;0,0;0,0;0,0;0,0;0,0;0,0;0,0;0,0;0,0;0,0;Sin Consumo
C001189;Cliente 1189;30,0;837,04;Guayaquil;Mass;12281,74;2000,0;4;0,0;33,17;0,0;0,0;0,0;0,0;82,2;0,0;182,77;0,0;0,0;298,14000000000004;General Shopper
C001190;Cliente 1190;49,0;4134,83;Guayaquil;Premium;43221,29;12100,0;4;0,0;372,19;0,0;0,0;0,0;0,0;0,0;0,0;105,14;2017,37;0,0;2494,7;Tech Lover
C001191;Cliente 1191;40,0;1255,23;Cuenca;Mass;3461,29;2500,0;2;0,0;102,07;117,6;0,0;174,71999999999997;0,0;0,0;45,93;71,04;0,0;0,0;511,3599999999999;General Shopper
C001192;Cliente 1192;54,0;741,22;Quito;Joven;278,11;1000,0;1;140,17;0,0;72,73;14,94;27,3;0,0;55,14;15,8;107,89999999999999;0,0;32,02;465,99999999999994;General Shopper
C001193;Cliente 1193;25,0;6049,38;Cuenca;Premium;95845,98000000001;16000,0;4;0,0;0,0;2819,67;0,0;0,0;0,0;827,05;0,0;509,69;972,03;0,0;5128,44;Food Lover
C001194;Cliente 1194;35,0;2391,27;Quito;Affluent;21201,21;6100,0;4;0,0;0,0;155,69;0,0;152,28;0,0;0,0;75,78;212,02;0,0;469,76;1065,53;General Shopper
C001195;Cliente 1195;68,0;3235,69;Guayaquil;Premium;21851,98;5400,0;3;334,53;0,0;290,66999999999996;27,75;462,94;0,0;0,0;0,0;170,5;0,0;657,98;1944,37;General Shopper
C001196;Cliente 1196;65,0;1005,52;Desconocida;Mass;94037,29000000001;2500,0;3;0,0;49,92;102,02;0,0;0,0;0,0;0,0;27,53;10,82;125,21;0,0;315,5;General Shopper
C001197;Cliente 1197;32,0;1067,47;Guayaquil;Mass;72816,8;1300,0;3;0,0;23,67;34,49;197,46;289,18;0,0;442,99;0,0;0,0;34,57;0,0;1022,3600000000001;General Shopper
C001198;Cliente 1198;48,0;753,79;Quito;Mass;3363,12;2200,0;2;0,0;77,44;0,0;0,0;16,21;0,0;15,24;0,0;13,73;57,33;0,0;179,95;General Shopper
C001199;Cliente 1199;29,0;1726,62;Quito;Affluent;89351,4;4800,0;2;0,0;71,43;0,0;298,04;0,0;0,0;0,0;368,13;0,0;0,0;161,58;899,1800000000001;General Shopper
C001200;Cliente 1200;19,0;1433,44;Cuenca;Mass;2281,66;0,0;1;0,0;0,0;0,0;0,0;0,0;0,0;0,0;0,0;0,0;0,0;0,0;0,0;Sin Consumo
C001201;Cliente 1201;25,0;2464,33;Guayaquil;Affluent;87864,79999999999;6200,0;3;33,92;144,51999999999998;125,21;205,04000000000002;34,71;0,0;0,0;0,0;146,44;0,0;43,980000000000004;733,82;General Shopper
C001202;Cliente 1202;43,0;1886,66;Guayaquil;Affluent;20061,66;3300,0;3;108,44;148,75;0,0;67,16;102,29;0,0;0,0;335,19;0,0;191,69;459,56;1413,08;General Shopper
C001203;Cliente 1203;43,0;514,92;Quito;Joven;19983,04;0,0;1;0,0;0,0;0,0;0,0;0,0;0,0;0,0;0,0;0,0;0,0;0,0;0,0;Sin Consumo
C001204;Cliente 1204;24,0;1669,62;Guayaquil;Affluent;52431,270000000004;2200,0;4;0,0;50,72;0,0;48,76;177,63;0,0;94,96;114,64;0,0;12,32;257,6;756,6299999999999;General Shopper
C001205;Cliente 1205;25,0;3172,19;Manta;Pyme;122093,64;0,0;2;0,0;0,0;0,0;0,0;0,0;0,0;0,0;0,0;0,0;0,0;0,0;0,0;Sin Consumo
C001206;Cliente 1206;47,0;1387,68;Guayaquil;Mass;10949,79;1800,0;3;0,0;0,0;0,0;0,0;0,0;0,0;82,37;52,03;0,0;0,0;0,0;134,4;General Shopper
C001207;Cliente 1207;56,0;5089,73;Quito;Affluent;105199,15;11500,0;3;0,0;563,4300000000001;467,38;91,44;0,0;0,0;0,0;2285,92;0,0;116,02;300,22;3824,41;Streaming Lover
C001208;Cliente 1208;55,0;3339,94;Quito;Premium;2774,49;8200,0;1;753,47;0,0;0,0;42,01;749,12;0,0;0,0;0,0;751,24;269,72;0,0;2565,5600000000004;General Shopper
C001209;Cliente 1209;22,0;2089,7;Guayaquil;Affluent;6312,12;4900,0;2;0,0;30,78;0,0;149,92;0,0;0,0;55,61;127,47;68,78;71,35;0,0;503,90999999999997;General Shopper
C001210;Cliente 1210;40,0;964,7;Quito;Mass;78493,79;0,0;1;0,0;0,0;0,0;0,0;0,0;0,0;0,0;0,0;0,0;0,0;0,0;0,0;Sin Consumo
C001211;Cliente 1211;51,0;712,17;Guayaquil;Mass;5627,21;2100,0;3;249,37;126,19;0,0;0,0;128,76;0,0;174,23;0,0;75,55;46,85;35,55;836,5;General Shopper
C001212;Cliente 1212;51,0;2277,81;Guayaquil;Affluent;103519,62;0,0;4;0,0;0,0;0,0;0,0;0,0;0,0;0,0;0,0;0,0;0,0;0,0;0,0;Sin Consumo
C001213;Cliente 1213;20,0;798,21;Cuenca;Mass;85895,76;2300,0;3;65,24;0,0;23,4;0,0;0,0;0,0;231,04000000000002;0,0;49,1;16,92;379,21000000000004;764,9100000000001;General Shopper
C001214;Cliente 1214;25,0;920,9;Cuenca;Mass;866,3800000000001;1900,0;2;126,25999999999999;142,71;0,0;0,0;162,43;0,0;0,0;311,95;0,0;120,93;0,0;864,28;General Shopper
C001215;Cliente 1215;52,0;753,39;Guayaquil;Mass;22225,2;0,0;1;0,0;0,0;0,0;0,0;0,0;0,0;0,0;0,0;0,0;0,0;0,0;0,0;Sin Consumo
C001216;Cliente 1216;50,0;470,81;Quito;Joven;4284,97;1200,0;3;66,37;0,0;50,05;0,0;6,94;0,0;39,07;72,31;0,0;13,58;142,36;390,68000000000006;General Shopper
C001217;Cliente 1217;42,0;4394,84;Quito;Premium;30916,32;9600,0;3;81,49;0,0;233,61;228,24;259,21999999999997;0,0;0,0;219,56;143,02;0,0;0,0;1165,1399999999999;General Shopper
C001218;Cliente 1218;53,0;423,55;Loja;Mass;96145,03;1200,0;2;17,97;0,0;21,76;52,02;70,45;0,0;0,0;0,0;10,7;8,8;0,0;181,70000000000002;General Shopper
C001219;Cliente 1219;18,0;6232,12;Cuenca;Premium;30862,24;7400,0;3;515,92;1635,49;0,0;185,18;597,31;0,0;197,68;353,36;322,83;209,49;0,0;4017,2599999999993;General Shopper
C001220;Cliente 1220;38,0;404,05;Manta;Joven;94362,04;900,0;2;27,15;19,73;20,39;235,36;0,0;0,0;0,0;11,37;0,0;12,99;31,54;358,53000000000003;General Shopper
C001221;Cliente 1221;39,0;508,66;Guayaquil;Mass;25197,129999999997;800,0;2;121,78;12,44;0,0;134,33;57,41;0,0;16,83;0,0;104,58;0,0;21,17;468,54;General Shopper
C001222;Cliente 1222;24,0;851,6;Quito;Mass;1151,72;1900,0;1;0,0;162,21;259,40999999999997;28,68;0,0;0,0;0,0;0,0;99,19;50,68;43,06;643,23;General Shopper
C001223;Cliente 1223;25,0;660,73;Cuenca;Joven;2675,05;0,0;1;0,0;0,0;0,0;0,0;0,0;0,0;0,0;0,0;0,0;0,0;0,0;0,0;Sin Consumo
C001224;Cliente 1224;62,0;452,45;Quito;Joven;50481,45;800,0;2;0,0;0,0;4,05;0,0;77,96000000000001;0,0;0,0;0,0;22,28;0,0;7,04;111,33000000000001;General Shopper
C001225;Cliente 1225;47,0;4269,08;Quito;Affluent;130610,98;0,0;2;0,0;0,0;0,0;0,0;0,0;0,0;0,0;0,0;0,0;0,0;0,0;0,0;Sin Consumo
C001226;Cliente 1226;32,0;4224,23;Cuenca;Premium;54310,75;8700,0;4;0,0;0,0;140,67;0,0;717,1;0,0;0,0;0,0;0,0;254,16;457,07;1569,0;General Shopper
C001227;Cliente 1227;32,0;350,0;Guayaquil;Joven;1000,44;900,0;2;17,89;25,04;0,0;96,92;136,83;0,0;3,52;4,68;0,0;48,089999999999996;54,86;387,83;General Shopper
C001228;Cliente 1228;44,0;3041,17;Cuenca;Pyme;1590,61;3500,0;1;0,0;0,0;523,0600000000001;0,0;392,13;0,0;474,19;186,5;0,0;0,0;0,0;1575,88;General Shopper
C001229;Cliente 1229;36,0;3733,66;Quito;Pyme;-100,0;0,0;1;0,0;0,0;0,0;0,0;0,0;0,0;0,0;0,0;0,0;0,0;0,0;0,0;Sin Consumo
C001230;Cliente 1230;31,0;3533,86;Cuenca;Affluent;7843,08;4700,0;2;82,81;0,0;193,19;0,0;0,0;0,0;347,84000000000003;0,0;230,18;0,0;159,77;1013,79;General Shopper
C001231;Cliente 1231;62,0;810,8;Ambato;Mass;16232,550000000001;800,0;2;34,72;0,0;77,46;0,0;0,0;0,0;0,0;38,39;18,92;0,0;0,0;169,49;General Shopper
C001232;Cliente 1232;18,0;2181,03;Cuenca;Affluent;17658,49;0,0;1;0,0;0,0;0,0;0,0;0,0;0,0;0,0;0,0;0,0;0,0;0,0;0,0;Sin Consumo
C001233;Cliente 1233;49,0;5660,37;Guayaquil;Premium;96451,86;16100,0;3;521,91;0,0;0,0;0,0;964,54;0,0;0,0;1045,99;382,26;0,0;1223,25;4137,95;General Shopper
C001234;Cliente 1234;31,0;613,32;Quito;Mass;102135,42;1600,0;4;0,0;18,5;285,8;0,0;0,0;0,0;0,0;0,0;34,53;0,0;50,92;389,75000000000006;Food Lover
C001235;Cliente 1235;42,0;635,65;Quito;Joven;78987,09;1400,0;2;23,18;0,0;28,45;0,0;19,18;0,0;0,0;0,0;27,65;0,0;24,61;123,07;General Shopper
C001236;Cliente 1236;52,0;2875,66;Manta;Premium;21136,59;8100,0;3;0,0;0,0;44,4;0,0;0,0;0,0;0,0;159,69;192,95;226,95;0,0;623,99;General Shopper
C001237;Cliente 1237;39,0;574,32;Quito;Mass;9940,01;1600,0;2;0,0;44,42;0,0;16,6;37,44;0,0;17,88;0,0;0,0;0,0;0,0;116,34;General Shopper
C001238;Cliente 1238;23,0;2625,14;Cuenca;Affluent;2618,17;5700,0;2;0,0;114,53;205,78;0,0;223,68;0,0;0,0;0,0;242,47;442,79999999999995;0,0;1229,26;General Shopper
C001239;Cliente 1239;55,0;814,94;Guayaquil;Mass;4662,34;0,0;2;0,0;0,0;0,0;0,0;0,0;0,0;0,0;0,0;0,0;0,0;0,0;0,0;Sin Consumo
C001240;Cliente 1240;39,0;1315,56;Guayaquil;Affluent;921,66;2900,0;1;0,0;0,0;87,04;0,0;0,0;0,0;68,54;62,48;0,0;0,0;68,13;286,19;General Shopper
C001241;Cliente 1241;36,0;1764,35;Ambato;Affluent;8663,72;3300,0;3;0,0;352,82000000000005;1061,22;0,0;434,56;0,0;0,0;339,31;79,23;0,0;0,0;2267,14;General Shopper
C001242;Cliente 1242;36,0;2129,56;Ambato;Affluent;23716,82;5900,0;3;0,0;0,0;265,25;0,0;0,0;0,0;0,0;0,0;261,03;0,0;0,0;526,28;Food Lover
C001243;Cliente 1243;50,0;1954,89;Guayaquil;Mass;354,89;2000,0;2;111,8;173,82;174,76999999999998;116,51;0,0;0,0;0,0;52,38;202,21;0,0;431,79999999999995;1263,29;General Shopper
C001244;Cliente 1244;45,0;883,21;Cuenca;Mass;2228,27;1200,0;2;0,0;0,0;15,29;48,68;0,0;0,0;23,99;0,0;200,46;0,0;109,26;397,68;General Shopper
C001245;Cliente 1245;52,0;2084,4;Guayaquil;Affluent;24683,34;5600,0;3;0,0;0,0;0,0;0,0;0,0;0,0;0,0;522,22;56,29;0,0;0,0;578,51;Streaming Lover
C001246;Cliente 1246;27,0;2955,96;Guayaquil;Premium;26770,97;7100,0;3;2989,34;76,73;0,0;0,0;0,0;0,0;0,0;334,64;1565,8300000000002;128,93;0,0;5095,470000000001;General Shopper
C001247;Cliente 1247;52,0;1477,61;Quito;Mass;11325,64;2500,0;3;34,11;478,45;92,34;0,0;0,0;0,0;64,38;0,0;940,99;134,87;0,0;1745,1399999999999;General Shopper
C001248;Cliente 1248;47,0;2442,61;Quito;Affluent;10676,89;6500,0;2;0,0;0,0;715,1;0,0;0,0;0,0;0,0;698,67;0,0;0,0;0,0;1413,77;Food Lover
C001249;Cliente 1249;43,0;1156,61;Guayaquil;Mass;10941,22;2000,0;3;33,07;219,08999999999997;0,0;0,0;193,45;0,0;0,0;63,33;0,0;25,02;0,0;533,9599999999999;General Shopper
C001250;Cliente 1250;35,0;2916,91;Guayaquil;Pyme;19763,68;7500,0;2;0,0;0,0;1191,99;0,0;0,0;0,0;0,0;0,0;0,0;0,0;0,0;1191,99;Food Lover
C001251;Cliente 1251;29,0;1349,65;Guayaquil;Mass;1143,61;2300,0;1;42,08;200,8;0,0;21,53;92,7;0,0;25,88;75,76;127,4;57,04;0,0;643,1899999999999;General Shopper
C001252;Cliente 1252;22,0;1102,59;Ambato;Mass;5486,52;0,0;1;0,0;0,0;0,0;0,0;0,0;0,0;0,0;0,0;0,0;0,0;0,0;0,0;Sin Consumo
C001253;Cliente 1253;31,0;2630,16;Guayaquil;Pyme;79179,03;3400,0;2;65,6;0,0;0,0;0,0;0,0;0,0;0,0;347,67999999999995;0,0;426,25;74,18;913,71;General Shopper
C001254;Cliente 1254;46,0;827,24;Guayaquil;Mass;83112,64;2000,0;3;84,53;14,08;0,0;0,0;0,0;0,0;19,26;114,33;0,0;533,36;0,0;765,56;Tech Lover
C001255;Cliente 1255;28,0;1422,95;Quito;Mass;6773,540000000001;3200,0;2;0,0;0,0;35,88;125,21;64,2;0,0;0,0;0,0;354,85;0,0;0,0;580,14;General Shopper
C001256;Cliente 1256;24,0;1115,06;Guayaquil;Mass;1446,24;0,0;1;0,0;0,0;0,0;0,0;0,0;0,0;0,0;0,0;0,0;0,0;0,0;0,0;Sin Consumo
C001257;Cliente 1257;40,0;1648,1;Guayaquil;Mass;4764,48;2200,0;2;0,0;85,01;137,81;8,92;0,0;0,0;23,38;0,0;34,19;52,03;0,0;341,34000000000003;General Shopper
C001258;Cliente 1258;47,0;942,97;Quito;Mass;3336,8900000000003;2500,0;2;251,87;95,26;0,0;0,0;118,10000000000001;0,0;244,16;54,4;0,0;73,42;32,64;869,8499999999999;General Shopper
C001259;Cliente 1259;45,0;670,3;Quito;Mass;15493,18;1900,0;3;0,0;22,93;186,84;21,27;0,0;0,0;0,0;64,64;118,52;0,0;0,0;414,20000000000005;General Shopper
C001260;Cliente 1260;18,0;3567,11;Loja;Affluent;84852,64;7900,0;2;0,0;176,94;518,92;0,0;0,0;0,0;0,0;286,38;795,08;100,49;97,5;1975,31;General Shopper
C001261;Cliente 1261;23,0;350,0;Guayaquil;Joven;156,32;600,0;1;82,62;14,13;79,23;0,0;9,1;0,0;0,0;0,0;26,84;16,81;0,0;228,73000000000002;General Shopper
C001262;Cliente 1262;42,0;1949,59;Guayaquil;Affluent;14699,42;2300,0;4;0,0;240,3;66,41;0,0;0,0;0,0;0,0;872,27;213,32;160,15;0,0;1552,45;Streaming Lover
C001263;Cliente 1263;51,0;859,19;Quito;Mass;479,94;2000,0;1;0,0;108,94;14,03;94,27;0,0;0,0;368,47;0,0;0,0;94,73;88,24;768,6800000000001;General Shopper
C001264;Cliente 1264;57,0;471,1;Guayaquil;Mass;23472,69;800,0;4;89,95;27,72;11,25;0,0;0,0;0,0;0,0;80,56;130,7;31,86;20,9;392,94;General Shopper
C001265;Cliente 1265;50,0;1785,13;Guayaquil;Affluent;1011,69;3100,0;1;0,0;418,0;126,42;0,0;175,44;0,0;0,0;169,38;0,0;1229,22;0,0;2118,46;Tech Lover
C001266;Cliente 1266;34,0;1466,84;Quito;Mass;29892,420000000002;0,0;4;0,0;0,0;0,0;0,0;0,0;0,0;0,0;0,0;0,0;0,0;0,0;0,0;Sin Consumo
C001267;Cliente 1267;41,0;4644,62;Quito;Premium;109384,06999999999;7400,0;3;721,11;0,0;862,68;374,14;0,0;0,0;0,0;0,0;494,08;0,0;252,81;2704,8199999999997;General Shopper
C001268;Cliente 1268;36,0;428,24;Guayaquil;Joven;15871,25;0,0;3;0,0;0,0;0,0;0,0;0,0;0,0;0,0;0,0;0,0;0,0;0,0;0,0;Sin Consumo
C001269;Cliente 1269;34,0;1159,74;Quito;Mass;121344,77;2600,0;2;67,18;0,0;0,0;0,0;0,0;0,0;0,0;84,02;193,55;71,02;267,28;683,05;General Shopper
C001270;Cliente 1270;32,0;535,31;Ambato;Mass;15084,300000000001;0,0;3;0,0;0,0;0,0;0,0;0,0;0,0;0,0;0,0;0,0;0,0;0,0;0,0;Sin Consumo
C001271;Cliente 1271;42,0;861,47;Guayaquil;Mass;4499,99;2200,0;2;0,0;16,09;97,82;162,33;0,0;0,0;11,99;87,22999999999999;84,68;334,71000000000004;0,0;794,85;General Shopper
C001272;Cliente 1272;45,0;2012,91;Ambato;Mass;42023,95;0,0;1;0,0;0,0;0,0;0,0;0,0;0,0;0,0;0,0;0,0;0,0;0,0;0,0;Sin Consumo
C001273;Cliente 1273;47,0;691,28;Quito;Mass;1675,13;0,0;1;0,0;0,0;0,0;0,0;0,0;0,0;0,0;0,0;0,0;0,0;0,0;0,0;Sin Consumo
C001274;Cliente 1274;27,0;481,35;Quito;Joven;2358,79;0,0;1;0,0;0,0;0,0;0,0;0,0;0,0;0,0;0,0;0,0;0,0;0,0;0,0;Sin Consumo
C001275;Cliente 1275;18,0;588,47;Quito;Mass;126,59;1000,0;1;32,51;89,02;0,0;0,0;0,0;0,0;0,0;69,66;174,14;17,64;33,75;416,71999999999997;General Shopper
C001276;Cliente 1276;23,0;1053,99;Quito;Mass;1978,95;1100,0;2;0,0;204,61;460,84000000000003;0,0;0,0;0,0;86,08;134,92000000000002;151,70999999999998;239,15;103,23;1380,5400000000002;General Shopper
C001277;Cliente 1277;72,0;1463,95;Loja;Mass;8170,92;3900,0;2;0,0;135,12;982,3600000000001;123,66;0,0;0,0;55,16;0,0;119,30000000000001;153,17;144,08;1712,8500000000004;Food Lover
C001278;Cliente 1278;56,0;1989,56;Loja;Affluent;3716,79;3100,0;2;0,0;0,0;437,31;410,11;0,0;0,0;116,32000000000001;61,51;0,0;405,62;125,27;1556,1399999999999;General Shopper
C001279;Cliente 1279;50,0;3855,23;Quito;Premium;11825,64;8700,0;3;0,0;0,0;2189,68;0,0;0,0;0,0;491,63;0,0;186,81;0,0;108,86;2976,98;Food Lover
C001280;Cliente 1280;38,0;601,7;Quito;Mass;7379,17;700,0;3;0,0;0,0;66,62;0,0;0,0;0,0;0,0;0,0;24,46;0,0;65,39;156,47000000000003;General Shopper
C001281;Cliente 1281;50,0;5937,85;Guayaquil;Premium;24610,82;11300,0;2;621,47;0,0;0,0;0,0;983,96;0,0;0,0;397,28;2461,31;0,0;0,0;4464,02;General Shopper
C001282;Cliente 1282;29,0;1111,41;Cuenca;Joven;28959,460000000003;3000,0;2;0,0;69,21;88,58;0,0;77,6;0,0;141,64000000000001;114,2;60,35;90,79;0,0;642,37;General Shopper
C001283;Cliente 1283;47,0;2805,12;Ambato;Affluent;15622,439999999999;3500,0;2;0,0;77,61;257,91;312,88;283,36;0,0;292,83;337,61;64,88;0,0;398,12;2025,1999999999998;General Shopper
C001284;Cliente 1284;27,0;3073,48;Guayaquil;Affluent;69016,5;0,0;2;0,0;0,0;0,0;0,0;0,0;0,0;0,0;0,0;0,0;0,0;0,0;0,0;Sin Consumo
C001285;Cliente 1285;36,0;681,98;Quito;Mass;66170,15000000001;900,0;3;0,0;122,41;379,32000000000005;0,0;0,0;0,0;85,13;0,0;48,239999999999995;0,0;30,86;665,96;Food Lover
C001286;Cliente 1286;42,0;7075,74;Guayaquil;Premium;8537,41;16400,0;2;152,47;460,87;0,0;103,41;0,0;0,0;715,28;1118,48;83,44;1316,53;462,92;4413,4;General Shopper
C001287;Cliente 1287;26,0;6595,43;Guayaquil;Premium;13661,48;17600,0;2;0,0;0,0;855,57;0,0;1293,12;0,0;871,53;0,0;1183,42;366,01;0,0;4569,65;General Shopper
C001288;Cliente 1288;31,0;988,87;Guayaquil;Mass;4315,49;2300,0;2;0,0;0,0;117,93;0,0;65,32;0,0;15,71;87,38;0,0;0,0;0,0;286,34000000000003;General Shopper
C001289;Cliente 1289;51,0;4273,72;Quito;Premium;5352,38;6200,0;2;275,15;839,1500000000001;242,85000000000002;0,0;488,49;0,0;0,0;720,74;265,11;0,0;0,0;2831,4900000000002;General Shopper
C001290;Cliente 1290;25,0;840,91;Quito;Mass;2046,79;2400,0;2;0,0;55,86;149,48;0,0;0,0;0,0;0,0;0,0;0,0;89,56;0,0;294,9;Food Lover
C001291;Cliente 1291;36,0;2992,57;Guayaquil;Affluent;32192,440000000002;3500,0;3;139,81;0,0;304,56;0,0;979,62;0,0;0,0;0,0;952,0699999999999;71,14;0,0;2447,2;General Shopper
C001292;Cliente 1292;36,0;1812,92;Quito;Affluent;6731,31;3200,0;2;0,0;0,0;374,21999999999997;36,68;0,0;0,0;0,0;0,0;0,0;0,0;0,0;410,9;Food Lover
C001293;Cliente 1293;38,0;562,73;Ambato;Mass;10004,25;1000,0;2;0,0;13,38;142,89;0,0;0,0;0,0;0,0;0,0;14,93;8,16;94,98;274,34;Food Lover
C001294;Cliente 1294;60,0;2017,29;Guayaquil;Affluent;61561,880000000005;0,0;3;0,0;0,0;0,0;0,0;0,0;0,0;0,0;0,0;0,0;0,0;0,0;0,0;Sin Consumo
C001295;Cliente 1295;44,0;1086,43;Quito;Affluent;92530,25000000001;1200,0;4;0,0;0,0;255,12;0,0;0,0;0,0;210,4;23,12;0,0;328,63;44,32;861,59;General Shopper
C001296;Cliente 1296;48,0;2443,47;Quito;Premium;19625,82;0,0;2;0,0;0,0;0,0;0,0;0,0;0,0;0,0;0,0;0,0;0,0;0,0;0,0;Sin Consumo
C001297;Cliente 1297;18,0;923,61;Quito;Joven;18973,02;1200,0;2;0,0;32,69;19,18;0,0;0,0;0,0;36,15;145,07999999999998;0,0;0,0;0,0;233,1;Streaming Lover
C001298;Cliente 1298;64,0;1030,53;Guayaquil;Mass;17773,59;0,0;2;0,0;0,0;0,0;0,0;0,0;0,0;0,0;0,0;0,0;0,0;0,0;0,0;Sin Consumo
C001299;Cliente 1299;48,0;469,83;Quito;Mass;0,0;0,0;1;0,0;0,0;0,0;0,0;0,0;0,0;0,0;0,0;0,0;0,0;0,0;0,0;Sin Consumo
C001300;Cliente 1300;59,0;3921,28;Guayaquil;Pyme;47375,06;0,0;2;0,0;0,0;0,0;0,0;0,0;0,0;0,0;0,0;0,0;0,0;0,0;0,0;Sin Consumo
C001301;Cliente 1301;56,0;2829,63;Loja;Affluent;59767,26;0,0;2;0,0;0,0;0,0;0,0;0,0;0,0;0,0;0,0;0,0;0,0;0,0;0,0;Sin Consumo
C001302;Cliente 1302;33,0;1864,58;Guayaquil;Mass;53549,55;5200,0;2;164,41;312,11;213,29;496,78;0,0;0,0;246,65;45,79;78,06;249,64;119,94;1926,67;General Shopper
C001303;Cliente 1303;28,0;501,77;Guayaquil;Mass;70636,47;0,0;2;0,0;0,0;0,0;0,0;0,0;0,0;0,0;0,0;0,0;0,0;0,0;0,0;Sin Consumo
C001304;Cliente 1304;29,0;899,68;Guayaquil;Mass;4003,3599999999997;1800,0;2;31,32;206,05;364,53;0,0;0,0;0,0;0,0;0,0;86,49;0,0;0,0;688,39;Food Lover
C001305;Cliente 1305;34,0;934,35;Quito;Mass;1032,09;1900,0;1;0,0;16,29;0,0;30,98;0,0;0,0;0,0;0,0;0,0;0,0;214,92999999999998;262,2;Travel Lover
C001306;Cliente 1306;38,0;1255,87;Guayaquil;Mass;6684,75;0,0;1;0,0;0,0;0,0;0,0;0,0;0,0;0,0;0,0;0,0;0,0;0,0;0,0;Sin Consumo
C001307;Cliente 1307;61,0;628,73;Guayaquil;Mass;92447,40999999999;0,0;2;0,0;0,0;0,0;0,0;0,0;0,0;0,0;0,0;0,0;0,0;0,0;0,0;Sin Consumo
C001308;Cliente 1308;37,0;738,81;Cuenca;Mass;6997,879999999999;1100,0;3;0,0;0,0;0,0;0,0;0,0;0,0;0,0;0,0;31,22;54,49;49,309999999999995;135,02;General Shopper
C001309;Cliente 1309;37,0;1483,0;Guayaquil;Mass;52309,240000000005;3000,0;3;0,0;119,29;377,19;0,0;48,68;0,0;0,0;138,11;0,0;0,0;488,18;1171,45;General Shopper
C001310;Cliente 1310;48,0;485,56;Guayaquil;Joven;19212,07;600,0;2;0,0;0,0;86,03999999999999;0,0;135,42000000000002;0,0;0,0;0,0;0,0;0,0;0,0;221,46;General Shopper
C001311;Cliente 1311;27,0;459,76;Ambato;Joven;2995,13;1400,0;2;0,0;31,13;0,0;73,69999999999999;0,0;0,0;0,0;118,25;21,08;46,68;0,0;290,84;General Shopper
C001312;Cliente 1312;36,0;848,55;Quito;Mass;8455,45;2400,0;2;0,0;56,57;252,83;0,0;103,8;0,0;34,22;46,22;30,83;0,0;79,68;604,1500000000001;General Shopper
C001313;Cliente 1313;36,0;2777,2;Cuenca;Pyme;1197,86;4200,0;1;31,57;0,0;1209,8200000000002;0,0;205,51999999999998;0,0;0,0;126,58000000000001;361,5;0,0;370,8;2305,7900000000004;Food Lover
C001314;Cliente 1314;36,0;5231,98;Guayaquil;Premium;44688,74;8800,0;4;0,0;380,58;333,5;0,0;0,0;0,0;678,88;0,0;0,0;0,0;1733,85;3126,81;Travel Lover
C001315;Cliente 1315;27,0;868,69;Cuenca;Mass;67355,95;0,0;3;0,0;0,0;0,0;0,0;0,0;0,0;0,0;0,0;0,0;0,0;0,0;0,0;Sin Consumo
C001316;Cliente 1316;49,0;3639,22;Quito;Premium;32683,199999999997;0,0;2;0,0;0,0;0,0;0,0;0,0;0,0;0,0;0,0;0,0;0,0;0,0;0,0;Sin Consumo
C001317;Cliente 1317;46,0;2954,68;Guayaquil;Pyme;105035,51000000001;6000,0;3;0,0;100,54;894,99;44,96;0,0;0,0;28,7;0,0;0,0;0,0;0,0;1069,19;Food Lover
C001318;Cliente 1318;45,0;689,42;Loja;Mass;25728,629999999997;2000,0;3;0,0;124,19;28,95;0,0;0,0;0,0;0,0;140,05;51,93;233,98000000000002;0,0;579,1;General Shopper
C001319;Cliente 1319;28,0;2178,04;Manta;Affluent;72159,14;2400,0;3;182,1;0,0;0,0;0,0;34,78;0,0;58,56;0,0;0,0;0,0;0,0;275,44;General Shopper
C001320;Cliente 1320;38,0;7250,0;Cuenca;Pyme;90874,13;14300,0;4;0,0;2534,37;449,30000000000007;0,0;452,71999999999997;0,0;0,0;659,74;0,0;172,65;624,43;4893,21;General Shopper
C001321;Cliente 1321;24,0;1610,55;Quito;Mass;32826,41;4100,0;3;0,0;0,0;0,0;0,0;0,0;0,0;549,51;140,49;0,0;0,0;139,8;829,8;General Shopper
C001322;Cliente 1322;29,0;752,04;Loja;Mass;1350,96;0,0;1;0,0;0,0;0,0;0,0;0,0;0,0;0,0;0,0;0,0;0,0;0,0;0,0;Sin Consumo
C001323;Cliente 1323;46,0;586,4;Ambato;Joven;7196,74;800,0;3;143,52;0,0;29,25;25,85;0,0;0,0;0,0;18,24;80,85;69,02;3,8;370,53;General Shopper
C001324;Cliente 1324;38,0;1236,83;Cuenca;Joven;4618,85;0,0;2;0,0;0,0;0,0;0,0;0,0;0,0;0,0;0,0;0,0;0,0;0,0;0,0;Sin Consumo
C001325;Cliente 1325;47,0;2637,52;Quito;Pyme;11232,92;3700,0;2;113,88;532,12;83,11;67,74;0,0;0,0;273,46;0,0;0,0;441,28999999999996;117,29;1628,8899999999999;General Shopper
C001326;Cliente 1326;25,0;974,49;Guayaquil;Mass;57000,82;0,0;2;0,0;0,0;0,0;0,0;0,0;0,0;0,0;0,0;0,0;0,0;0,0;0,0;Sin Consumo
C001327;Cliente 1327;18,0;569,36;Loja;Mass;24134,05;1100,0;2;0,0;0,0;42,64;0,0;0,0;0,0;57,73;0,0;39,21;156,91;0,0;296,49;Tech Lover
C001328;Cliente 1328;35,0;3967,62;Quito;Affluent;84859,66;7900,0;3;0,0;217,82;2105,36;0,0;502,99;0,0;0,0;157,61;0,0;183,59;326,03;3493,4000000000005;Food Lover
C001329;Cliente 1329;50,0;617,24;Guayaquil;Mass;268,56;1100,0;3;0,0;0,0;0,0;34,71;0,0;0,0;0,0;75,85;77,25;22,04;0,0;209,85;General Shopper
C001330;Cliente 1330;18,0;907,1;Ambato;Mass;17413,48;2200,0;3;0,0;0,0;0,0;0,0;0,0;0,0;0,0;0,0;82,67;391,01;165,96;639,64;Tech Lover
C001331;Cliente 1331;55,0;3976,15;Quito;Premium;47670,28;7900,0;3;0,0;0,0;979,14;1001,98;191,33;0,0;185,16;625,42;302,34000000000003;596,99;0,0;3882,3599999999997;General Shopper
C001332;Cliente 1332;38,0;579,31;Loja;Mass;1377,3000000000002;1000,0;2;0,0;0,0;61,85;0,0;0,0;0,0;13,05;0,0;31,26;0,0;68,78;174,94;General Shopper
C001333;Cliente 1333;35,0;2156,49;Quito;Affluent;134004,65;3600,0;4;63,55;0,0;177,22;0,0;389,27;0,0;93,48;0,0;478,91;141,92;0,0;1344,3500000000001;General Shopper
C001334;Cliente 1334;42,0;950,87;Cuenca;Mass;36215,22;0,0;2;0,0;0,0;0,0;0,0;0,0;0,0;0,0;0,0;0,0;0,0;0,0;0,0;Sin Consumo
C001335;Cliente 1335;51,0;3925,14;Cuenca;Premium;26540,6;9200,0;3;0,0;143,86;283,09;0,0;0,0;0,0;0,0;1293,4299999999998;177,67;0,0;0,0;1898,05;Streaming Lover
C001336;Cliente 1336;50,0;1189,12;Cuenca;Joven;654,78;2000,0;1;48,12;28,24;257,33000000000004;0,0;0,0;0,0;0,0;0,0;792,4;74,02;169,2;1369,3100000000002;General Shopper
C001337;Cliente 1337;37,0;3724,17;Cuenca;Premium;22506,71;4800,0;3;123,76;272,5;915,13;117,79;0,0;0,0;739,56;282,41;280,76;434,7;0,0;3166,6099999999997;General Shopper
C001338;Cliente 1338;52,0;515,06;Cuenca;Joven;936,02;1000,0;2;0,0;28,33;0,0;0,0;0,0;0,0;0,0;0,0;116,23;0,0;0,0;144,56;General Shopper
C001339;Cliente 1339;43,0;2379,39;Guayaquil;Affluent;143171,41;0,0;2;0,0;0,0;0,0;0,0;0,0;0,0;0,0;0,0;0,0;0,0;0,0;0,0;Sin Consumo
C001340;Cliente 1340;37,0;2629,0;Quito;Pyme;36117,05;4700,0;3;0,0;63,22;500,98;0,0;127,53999999999999;0,0;64,17;559,9200000000001;38,58;325,37;0,0;1679,7800000000002;General Shopper
C001341;Cliente 1341;32,0;821,09;Manta;Mass;24526,62;900,0;2;0,0;0,0;189,04000000000002;0,0;116,32;0,0;0,0;58,62;32,44;0,0;351,22;747,6400000000001;General Shopper
C001342;Cliente 1342;42,0;532,55;Guayaquil;Joven;41187,39;1500,0;4;0,0;0,0;28,86;0,0;0,0;0,0;25,99;21,04;104,16999999999999;391,26;19,259999999999998;590,5799999999999;Tech Lover
C001343;Cliente 1343;57,0;978,59;Guayaquil;Mass;17261,73;2000,0;2;0,0;0,0;0,0;0,0;114,03;0,0;278,5;0,0;138,87;163,02;0,0;694,42;General Shopper
C001344;Cliente 1344;63,0;664,11;Quito;Mass;88736,77;0,0;3;0,0;0,0;0,0;0,0;0,0;0,0;0,0;0,0;0,0;0,0;0,0;0,0;Sin Consumo
C001345;Cliente 1345;48,0;4897,34;Guayaquil;Premium;89425,4;8700,0;4;0,0;542,89;0,0;0,0;0,0;0,0;0,0;0,0;0,0;0,0;1208,76;1751,65;Travel Lover
C001346;Cliente 1346;33,0;1778,67;Quito;Pyme;20586,629999999997;0,0;2;0,0;0,0;0,0;0,0;0,0;0,0;0,0;0,0;0,0;0,0;0,0;0,0;Sin Consumo
C001347;Cliente 1347;41,0;1171,99;Quito;Mass;7368,610000000001;1600,0;3;0,0;0,0;72,55;0,0;35,84;0,0;21,39;54,95;0,0;41,21;0,0;225,94000000000003;General Shopper
C001348;Cliente 1348;51,0;580,2;Guayaquil;Mass;5441,860000000001;0,0;2;0,0;0,0;0,0;0,0;0,0;0,0;0,0;0,0;0,0;0,0;0,0;0,0;Sin Consumo
C001349;Cliente 1349;38,0;535,74;Guayaquil;Joven;68455,03;1400,0;3;31,22;0,0;50,16;0,0;0,0;0,0;0,0;0,0;161,07;0,0;81,73;324,18;General Shopper
C001350;Cliente 1350;29,0;1360,67;Cuenca;Mass;6476,07;3800,0;2;82,18;136,72;162,56;66,34;70,57;0,0;80,50999999999999;64,79;0,0;126,29;0,0;789,96;General Shopper
C001351;Cliente 1351;29,0;840,84;Quito;Mass;14153,019999999999;1000,0;3;0,0;46,03;24,29;0,0;0,0;0,0;0,0;163,98000000000002;133,09;93,42;0,0;460,81000000000006;General Shopper
C001352;Cliente 1352;36,0;1014,65;Quito;Mass;24147,58;2300,0;3;0,0;77,9;11,26;132,79;0,0;0,0;0,0;0,0;0,0;30,14;0,0;252,08999999999997;General Shopper
C001353;Cliente 1353;46,0;1316,39;Quito;Mass;30744,75;2600,0;4;0,0;871,35;0,0;60,97;45,26;0,0;41,44;0,0;0,0;253,7;75,33;1348,05;General Shopper
C001354;Cliente 1354;58,0;705,08;Quito;Mass;107240,67;0,0;2;0,0;0,0;0,0;0,0;0,0;0,0;0,0;0,0;0,0;0,0;0,0;0,0;Sin Consumo
C001355;Cliente 1355;50,0;1164,09;Quito;Mass;72483,56999999999;2800,0;3;0,0;42,25;0,0;37,34;0,0;0,0;32,17;0,0;0,0;92,61;0,0;204,37;General Shopper
C001356;Cliente 1356;34,0;2557,24;Ambato;Mass;100944,13;6600,0;3;177,34;142,27;0,0;0,0;0,0;0,0;142,82;50,11;0,0;86,35;320,3;919,19;General Shopper
C001357;Cliente 1357;24,0;976,97;Loja;Mass;9443,67;1700,0;4;0,0;0,0;32,4;34,65;0,0;0,0;0,0;25,71;193,96;53,14;0,0;339,86;General Shopper
C001358;Cliente 1358;40,0;2644,18;Guayaquil;Pyme;53289,159999999996;7300,0;2;0,0;568,14;69,08;0,0;58,56;0,0;126,58;234,31;0,0;186,85999999999999;705,02;1948,55;General Shopper
C001359;Cliente 1359;38,0;1982,17;Cuenca;Premium;63516,15;3000,0;4;0,0;155,5;116,59;0,0;0,0;0,0;225,01;886,13;0,0;184,24;81,4;1648,8700000000001;Streaming Lover
C001360;Cliente 1360;43,0;2605,66;Ambato;Affluent;40991,51;3100,0;2;0,0;490,72;1306,25;0,0;496,96;0,0;332,47;57,39;149,46;0,0;42,02;2875,27;General Shopper
C001361;Cliente 1361;50,0;3066,38;Quito;Affluent;13088,96;0,0;1;0,0;0,0;0,0;0,0;0,0;0,0;0,0;0,0;0,0;0,0;0,0;0,0;Sin Consumo
C001362;Cliente 1362;23,0;6519,54;Manta;Pyme;91666,82;14600,0;2;0,0;0,0;0,0;336,4;153,57;0,0;0,0;600,42;0,0;0,0;1679,52;2769,91;Travel Lover
C001363;Cliente 1363;51,0;1981,91;Ambato;Affluent;912,33;4100,0;1;51,87;166,71;0,0;292,63;0,0;0,0;0,0;59,76;0,0;1225,47;42,0;1838,44;Tech Lover
C001364;Cliente 1364;36,0;2344,19;Manta;Affluent;261,96;4100,0;1;0,0;269,14;187,76;0,0;0,0;0,0;0,0;0,0;203,37;269,85;0,0;930,12;General Shopper
C001365;Cliente 1365;67,0;1137,0;Guayaquil;Affluent;6224,15;2200,0;2;0,0;137,7;37,35;0,0;0,0;0,0;578,03;71,36;352,45000000000005;0,0;0,0;1176,89;General Shopper
C001366;Cliente 1366;18,0;2477,51;Cuenca;Premium;15577,86;0,0;1;0,0;0,0;0,0;0,0;0,0;0,0;0,0;0,0;0,0;0,0;0,0;0,0;Sin Consumo
C001367;Cliente 1367;49,0;911,61;Quito;Mass;86799,17;2500,0;4;0,0;62,7;0,0;0,0;0,0;0,0;0,0;0,0;29,42;32,5;0,0;124,62;General Shopper
C001368;Cliente 1368;48,0;2416,08;Guayaquil;Affluent;9846,32;6300,0;3;450,79;0,0;0,0;132,21;122,89;0,0;0,0;895,3199999999999;71,86;0,0;162,21;1835,28;General Shopper
C001369;Cliente 1369;34,0;839,47;Guayaquil;Mass;19838,38;0,0;1;0,0;0,0;0,0;0,0;0,0;0,0;0,0;0,0;0,0;0,0;0,0;0,0;Sin Consumo
C001370;Cliente 1370;42,0;882,47;Cuenca;Mass;79493,85;0,0;2;0,0;0,0;0,0;0,0;0,0;0,0;0,0;0,0;0,0;0,0;0,0;0,0;Sin Consumo
C001371;Cliente 1371;45,0;5276,95;Manta;Affluent;27503,64;12800,0;3;0,0;66,61;2273,3900000000003;0,0;103,3;0,0;66,47;134,14;754,66;0,0;0,0;3398,5700000000006;Food Lover
C001372;Cliente 1372;37,0;1218,21;Cuenca;Mass;108351,65000000001;2600,0;4;0,0;0,0;0,0;0,0;246,59;0,0;0,0;0,0;23,67;93,51;0,0;363,77;General Shopper
C001373;Cliente 1373;57,0;502,21;Guayaquil;Joven;38362,37;800,0;2;27,28;17,08;36,11;176,26;37,99;0,0;0,0;0,0;159,27999999999997;11,67;0,0;465,67;General Shopper
C001374;Cliente 1374;41,0;2374,23;Quito;Premium;163220,46000000002;0,0;4;0,0;0,0;0,0;0,0;0,0;0,0;0,0;0,0;0,0;0,0;0,0;0,0;Sin Consumo
C001375;Cliente 1375;45,0;524,9;Quito;Mass;409,74;1500,0;1;0,0;0,0;77,68;7,48;0,0;0,0;91,05;51,04;0,0;76,73;0,0;303,98;General Shopper
C001376;Cliente 1376;33,0;2950,19;Guayaquil;Pyme;11735,8;6300,0;2;0,0;0,0;0,0;0,0;0,0;0,0;0,0;56,5;392,96000000000004;0,0;422,78;872,24;General Shopper
C001377;Cliente 1377;38,0;1119,85;Quito;Joven;96352,65;3100,0;2;0,0;104,4;84,8;0,0;0,0;0,0;0,0;123,05;113,85;0,0;0,0;426,09999999999997;General Shopper
C001378;Cliente 1378;29,0;462,01;Guayaquil;Mass;8027,0;500,0;2;0,0;13,17;0,0;0,0;0,0;0,0;0,0;0,0;0,0;129,63;0,0;142,79999999999998;Tech Lover
C001379;Cliente 1379;62,0;1688,96;Guayaquil;Joven;4100,45;3000,0;2;0,0;388,65999999999997;49,44;0,0;0,0;0,0;0,0;441,15;53,09;0,0;140,74;1073,08;General Shopper
C001380;Cliente 1380;18,0;862,92;Quito;Mass;23224,76;1300,0;2;0,0;0,0;88,54;193,85;0,0;0,0;0,0;100,97;10,24;523,09;0,0;916,69;Tech Lover
C001381;Cliente 1381;53,0;2351,78;Ambato;Pyme;32941,5;0,0;2;0,0;0,0;0,0;0,0;0,0;0,0;0,0;0,0;0,0;0,0;0,0;0,0;Sin Consumo
C001382;Cliente 1382;30,0;2132,78;Ambato;Affluent;34322,979999999996;5800,0;4;156,47;0,0;212,92;0,0;69,09;0,0;0,0;0,0;371,09999999999997;0,0;0,0;809,5799999999999;General Shopper
C001383;Cliente 1383;41,0;4285,75;Ambato;Affluent;19207,45;11400,0;2;0,0;0,0;488,4;0,0;0,0;0,0;0,0;1055,22;0,0;0,0;0,0;1543,62;Streaming Lover
C001384;Cliente 1384;30,0;3841,34;Cuenca;Affluent;21983,56;8600,0;2;369,5;0,0;960,7700000000001;0,0;0,0;0,0;0,0;197,28;229,28;0,0;201,72;1958,55;General Shopper
C001385;Cliente 1385;46,0;3444,15;Cuenca;Affluent;1696,29;4200,0;2;0,0;69,96;106,04;135,01;0,0;0,0;0,0;0,0;29,31;0,0;0,0;340,32;General Shopper
C001386;Cliente 1386;45,0;1808,64;Manta;Pyme;35421,28;0,0;3;0,0;0,0;0,0;0,0;0,0;0,0;0,0;0,0;0,0;0,0;0,0;0,0;Sin Consumo
C001387;Cliente 1387;55,0;1839,61;Quito;Affluent;16218,15;3300,0;2;73,78;0,0;0,0;0,0;202,3;0,0;0,0;0,0;138,21;244,17;119,33;777,79;General Shopper
C001388;Cliente 1388;44,0;2991,7;Guayaquil;Premium;1844,08;7900,0;2;0,0;154,81;0,0;0,0;0,0;0,0;0,0;1795,8400000000001;701,03;0,0;0,0;2651,68;Streaming Lover
C001389;Cliente 1389;46,0;934,03;Quito;Mass;3458,0099999999998;0,0;2;0,0;0,0;0,0;0,0;0,0;0,0;0,0;0,0;0,0;0,0;0,0;0,0;Sin Consumo
C001390;Cliente 1390;46,0;2104,66;Guayaquil;Affluent;78529,61;0,0;4;0,0;0,0;0,0;0,0;0,0;0,0;0,0;0,0;0,0;0,0;0,0;0,0;Sin Consumo
C001391;Cliente 1391;55,0;3430,37;Guayaquil;Affluent;15104,54;5700,0;2;0,0;504,71999999999997;212,96;0,0;0,0;0,0;0,0;0,0;259,64;0,0;496,88;1474,1999999999998;General Shopper
C001392;Cliente 1392;45,0;1380,09;Ambato;Mass;23638,980000000003;1400,0;2;368,94;0,0;0,0;79,33;77,34;0,0;149,81;335,26;675,6600000000001;0,0;449,68;2136,02;General Shopper
C001393;Cliente 1393;37,0;981,0;Cuenca;Mass;3129,91;0,0;1;0,0;0,0;0,0;0,0;0,0;0,0;0,0;0,0;0,0;0,0;0,0;0,0;Sin Consumo
C001394;Cliente 1394;30,0;2496,9;Guayaquil;Affluent;12538,0;6700,0;4;0,0;0,0;0,0;0,0;107,91;0,0;0,0;131,27;407,71000000000004;168,8;0,0;815,69;General Shopper
C001395;Cliente 1395;44,0;438,86;Guayaquil;Joven;109,65;500,0;1;0,0;0,0;33,22;0,0;0,0;0,0;0,0;8,27;75,84;109,36;0,0;226,69;General Shopper
C001396;Cliente 1396;31,0;818,22;Quito;Mass;17612,69;0,0;1;0,0;0,0;0,0;0,0;0,0;0,0;0,0;0,0;0,0;0,0;0,0;0,0;Sin Consumo
C001397;Cliente 1397;35,0;731,67;Cuenca;Mass;21755,43;1900,0;2;72,78;0,0;65,97;0,0;38,27;0,0;31,81;119,28;0,0;5,83;0,0;333,94;General Shopper
C001398;Cliente 1398;35,0;512,31;Quito;Mass;75905,90999999999;1000,0;4;0,0;85,88;5,8;76,68;57,989999999999995;0,0;0,0;37,41;0,0;34,01;0,0;297,77;General Shopper
C001399;Cliente 1399;49,0;962,64;Manta;Mass;21590,32;2600,0;2;0,0;162,89;0,0;136,8;146,13;0,0;0,0;54,309999999999995;0,0;0,0;192,05;692,1800000000001;General Shopper
C001400;Cliente 1400;47,0;1985,16;Guayaquil;Affluent;101860,29999999999;2600,0;3;307,74;0,0;0,0;0,0;0,0;0,0;0,0;0,0;645,42;0,0;0,0;953,16;General Shopper
C001401;Cliente 1401;30,0;1011,59;Guayaquil;Mass;1587,62;0,0;1;0,0;0,0;0,0;0,0;0,0;0,0;0,0;0,0;0,0;0,0;0,0;0,0;Sin Consumo
C001402;Cliente 1402;52,0;752,86;Quito;Mass;8428,33;0,0;2;0,0;0,0;0,0;0,0;0,0;0,0;0,0;0,0;0,0;0,0;0,0;0,0;Sin Consumo
C001403;Cliente 1403;29,0;2582,06;Quito;Affluent;17597,86;7200,0;3;0,0;184,91;194,97;307,13;0,0;0,0;0,0;0,0;419,09000000000003;118,26;0,0;1224,36;General Shopper
C001404;Cliente 1404;36,0;756,77;Guayaquil;Mass;16643,85;0,0;1;0,0;0,0;0,0;0,0;0,0;0,0;0,0;0,0;0,0;0,0;0,0;0,0;Sin Consumo
C001405;Cliente 1405;22,0;673,45;Ambato;Mass;14190,35;1400,0;2;0,0;0,0;86,04;0,0;0,0;0,0;0,0;70,06;28,29;0,0;0,0;184,39;General Shopper
C001406;Cliente 1406;30,0;5284,03;Guayaquil;Pyme;139434,85;0,0;4;0,0;0,0;0,0;0,0;0,0;0,0;0,0;0,0;0,0;0,0;0,0;0,0;Sin Consumo
C001407;Cliente 1407;22,0;630,56;Ambato;Mass;23111,9;0,0;1;0,0;0,0;0,0;0,0;0,0;0,0;0,0;0,0;0,0;0,0;0,0;0,0;Sin Consumo
C001408;Cliente 1408;21,0;559,62;Guayaquil;Joven;980,5899999999999;900,0;2;0,0;0,0;31,14;0,0;29,93;0,0;9,61;70,28999999999999;112,27000000000001;0,0;0,0;253,24;General Shopper
C001409;Cliente 1409;36,0;3015,72;Ambato;Affluent;56202,07;4700,0;4;0,0;0,0;429,34000000000003;0,0;0,0;0,0;0,0;1173,02;453,95;561,41;0,0;2617,72;General Shopper
C001410;Cliente 1410;43,0;4201,04;Quito;Affluent;14391,45;8500,0;2;59,39;0,0;497,22;0,0;0,0;0,0;0,0;0,0;631,61;0,0;541,6999999999999;1729,92;General Shopper
C001411;Cliente 1411;42,0;3441,93;Cuenca;Affluent;102342,85;7200,0;2;58,26;0,0;325,6;0,0;0,0;0,0;0,0;60,54;304,78999999999996;2872,52;0,0;3621,71;Tech Lover
C001412;Cliente 1412;49,0;901,19;Cuenca;Mass;21574,99;1000,0;2;165,25;275,23;40,41;0,0;0,0;0,0;0,0;0,0;103,25999999999999;0,0;0,0;584,15;General Shopper
C001413;Cliente 1413;23,0;783,36;Guayaquil;Mass;20343,59;2100,0;2;162,1;0,0;0,0;0,0;45,67;0,0;0,0;0,0;120,39;0,0;0,0;328,15999999999997;General Shopper
C001414;Cliente 1414;54,0;3373,15;Guayaquil;Premium;33388,38;8900,0;2;460,80999999999995;426,34;90,66;0,0;582,14;0,0;89,94;629,02;71,95;0,0;0,0;2350,8599999999997;General Shopper
C001415;Cliente 1415;40,0;463,4;Manta;Joven;11519,130000000001;1200,0;2;0,0;22,25;0,0;0,0;0,0;0,0;0,0;0,0;0,0;0,0;209,29999999999998;231,54999999999998;Travel Lover
C001416;Cliente 1416;38,0;3977,08;Loja;Pyme;72329,31;0,0;2;0,0;0,0;0,0;0,0;0,0;0,0;0,0;0,0;0,0;0,0;0,0;0,0;Sin Consumo
C001417;Cliente 1417;48,0;784,48;Guayaquil;Mass;223,62;1800,0;1;39,04;0,0;0,0;113,24;0,0;0,0;9,11;127,12;391,99;0,0;0,0;680,5;General Shopper
C001418;Cliente 1418;33,0;2491,55;Quito;Affluent;29317,86;3800,0;4;0,0;0,0;0,0;0,0;0,0;0,0;0,0;909,66;145,05;20,48;0,0;1075,19;Streaming Lover
C001419;Cliente 1419;52,0;419,03;Guayaquil;Mass;76288,39;1200,0;4;0,0;0,0;0,0;0,0;0,0;0,0;0,0;0,0;55,58;32,49;40,75;128,82;General Shopper
C001420;Cliente 1420;33,0;923,03;Manta;Mass;21275,33;2400,0;2;0,0;0,0;52,68;595,28;209,76999999999998;0,0;97,03;184,47;80,85;0,0;0,0;1220,08;General Shopper
C001421;Cliente 1421;36,0;1818,38;Manta;Affluent;45426,92;3700,0;3;128,44;113,49;90,07;206,95999999999998;355,3;0,0;185,59;0,0;0,0;30,45;57,56;1167,86;General Shopper
C001422;Cliente 1422;42,0;1307,79;Quito;Affluent;19408,2;0,0;1;0,0;0,0;0,0;0,0;0,0;0,0;0,0;0,0;0,0;0,0;0,0;0,0;Sin Consumo
C001423;Cliente 1423;48,0;626,65;Quito;Joven;73861,58;800,0;4;0,0;13,34;0,0;0,0;0,0;0,0;42,11;26,16;0,0;0,0;216,31;297,92;Travel Lover
C001424;Cliente 1424;55,0;774,59;Guayaquil;Mass;3996,4300000000003;2300,0;3;0,0;0,0;198,13;33,8;14,36;0,0;0,0;7,26;0,0;0,0;92,6;346,15;Food Lover
C001425;Cliente 1425;37,0;3807,81;Guayaquil;Premium;10205,42;0,0;2;0,0;0,0;0,0;0,0;0,0;0,0;0,0;0,0;0,0;0,0;0,0;0,0;Sin Consumo
C001426;Cliente 1426;40,0;5753,58;Guayaquil;Premium;133639,56;7500,0;3;496,89;27,25;216,68;0,0;0,0;0,0;0,0;2017,7;0,0;532,37;0,0;3290,89;Streaming Lover
C001427;Cliente 1427;54,0;822,14;Desconocida;Mass;72646,30000000002;900,0;3;0,0;75,86;12,19;181,6;63,06;0,0;20,53;52,07;19,75;19,07;395,03999999999996;839,1699999999998;General Shopper
C001428;Cliente 1428;34,0;2623,6;Quito;Pyme;97471,03;0,0;2;0,0;0,0;0,0;0,0;0,0;0,0;0,0;0,0;0,0;0,0;0,0;0,0;Sin Consumo
C001429;Cliente 1429;53,0;1521,0;Guayaquil;Affluent;61420,5;3500,0;3;0,0;0,0;0,0;0,0;27,96;0,0;95,44;110,53;78,56;33,69;0,0;346,18;General Shopper
C001430;Cliente 1430;50,0;792,27;Loja;Mass;5499,58;1900,0;3;0,0;97,93;320,95;0,0;0,0;0,0;0,0;18,17;0,0;0,0;66,03;503,08000000000004;Food Lover
C001431;Cliente 1431;42,0;937,87;Guayaquil;Mass;84375,56999999999;0,0;2;0,0;0,0;0,0;0,0;0,0;0,0;0,0;0,0;0,0;0,0;0,0;0,0;Sin Consumo
C001432;Cliente 1432;41,0;761,05;Quito;Mass;2650,12;900,0;2;0,0;12,22;16,51;0,0;0,0;0,0;0,0;40,54;99,69;0,0;81,59;250,54999999999998;General Shopper
C001433;Cliente 1433;18,0;812,81;Guayaquil;Mass;6545,99;1800,0;4;0,0;0,0;0,0;0,0;25,1;0,0;0,0;50,36;460,09999999999997;0,0;20,4;555,9599999999999;General Shopper
C001434;Cliente 1434;47,0;1225,68;Cuenca;Mass;20860,87;1700,0;3;0,0;0,0;21,12;112,96;90,42;0,0;0,0;0,0;446,60999999999996;0,0;0,0;671,1099999999999;General Shopper
C001435;Cliente 1435;30,0;543,08;Ambato;Mass;57020,969999999994;600,0;3;0,0;22,59;0,0;0,0;0,0;0,0;40,59;0,0;0,0;50,18;0,0;113,36000000000001;General Shopper
C001436;Cliente 1436;24,0;1591,92;Quito;Mass;9188,7;0,0;2;0,0;0,0;0,0;0,0;0,0;0,0;0,0;0,0;0,0;0,0;0,0;0,0;Sin Consumo
C001437;Cliente 1437;44,0;1222,79;Guayaquil;Mass;5667,77;1400,0;3;63,3;0,0;41,67;26,61;159,57999999999998;0,0;0,0;92,15;191,39;0,0;36,83;611,53;General Shopper
C001438;Cliente 1438;49,0;834,8;Ambato;Mass;19723,109999999997;2200,0;3;219,64;0,0;227,27;0,0;0,0;0,0;0,0;24,93;215,77;106,39;35,54;829,54;General Shopper
C001439;Cliente 1439;25,0;960,05;Quito;Affluent;4567,47;2600,0;2;35,88;207,32;23,65;0,0;82,13;0,0;0,0;25,55;93,14;84,15;0,0;551,8199999999999;General Shopper
C001440;Cliente 1440;31,0;716,14;Quito;Joven;4639,139999999999;1100,0;3;181,55;0,0;149,61;101,01;21,39;0,0;48,58;41,05;43,510000000000005;30,83;0,0;617,5300000000001;General Shopper
C001441;Cliente 1441;28,0;751,3;Quito;Joven;44579,61;1200,0;2;0,0;0,0;63,33;11,67;0,0;0,0;0,0;108,78;44,57;0,0;88,12;316,47;General Shopper
C001442;Cliente 1442;50,0;1033,23;Guayaquil;Joven;104154,08;2000,0;2;171,51;0,0;47,01;0,0;0,0;0,0;0,0;0,0;148,19;0,0;0,0;366,71;General Shopper
C001443;Cliente 1443;61,0;620,01;Ambato;Mass;6194,19;1800,0;2;0,0;90,5;87,77;0,0;18,72;0,0;0,0;0,0;0,0;0,0;30,13;227,11999999999998;General Shopper
C001444;Cliente 1444;38,0;704,13;Loja;Mass;15510,7;1000,0;3;0,0;16,89;0,0;61,95;0,0;0,0;0,0;61,209999999999994;42,54;0,0;29,31;211,9;General Shopper
C001445;Cliente 1445;27,0;888,8;Guayaquil;Mass;6455,660000000001;2500,0;2;0,0;27,15;332,03999999999996;0,0;9,72;0,0;238,47;183,23000000000002;148,56;0,0;0,0;939,17;General Shopper
C001446;Cliente 1446;19,0;5186,27;Quito;Pyme;28106,86;10200,0;3;0,0;0,0;834,19;247,76;1521,47;0,0;595,52;492,7;1099,55;144,63;87,13;5022,95;General Shopper
C001447;Cliente 1447;25,0;487,6;Cuenca;Mass;6459,98;0,0;2;0,0;0,0;0,0;0,0;0,0;0,0;0,0;0,0;0,0;0,0;0,0;0,0;Sin Consumo
C001448;Cliente 1448;52,0;1225,57;Guayaquil;Affluent;104604,6;2300,0;3;0,0;0,0;497,15;0,0;0,0;0,0;0,0;108,29;170,57;0,0;0,0;776,01;Food Lover
C001449;Cliente 1449;51,0;725,29;Guayaquil;Joven;1647,8200000000002;1900,0;3;20,19;0,0;100,05;0,0;0,0;0,0;0,0;43,14;0,0;136,06;0,0;299,44;General Shopper
C001450;Cliente 1450;25,0;1941,71;Quito;Affluent;10336,64;4900,0;3;192,36;23,19;0,0;14,38;155,14;0,0;0,0;900,93;35,31;432,84999999999997;213,95;1968,1100000000001;General Shopper
C001451;Cliente 1451;61,0;888,64;Guayaquil;Mass;3351,1499999999996;2200,0;2;18,91;0,0;0,0;102,74;9,43;0,0;0,0;0,0;297,84000000000003;0,0;0,0;428,92;General Shopper
C001452;Cliente 1452;31,0;472,14;Quito;Mass;20431,71;1300,0;2;0,0;41,260000000000005;52,370000000000005;48,68;0,0;0,0;0,0;30,32;118,44999999999999;13,5;11,33;315,90999999999997;General Shopper
C001453;Cliente 1453;20,0;1441,41;Ambato;Pyme;5020,77;2600,0;2;137,57;69,36;0,0;79,9;21,8;0,0;0,0;158,25;108,05;0,0;52,4;627,33;General Shopper
C001454;Cliente 1454;47,0;1173,62;Guayaquil;Mass;10690,57;3400,0;3;0,0;47,32;135,81;0,0;55,33;0,0;0,0;118,92;0,0;132,02;82,66;572,06;General Shopper
C001455;Cliente 1455;22,0;587,5;Ambato;Mass;56890,909999999996;1700,0;2;17,62;48,72;4,69;9,65;0,0;0,0;262,28;28,41;54,22;15,56;0,0;441,15;General Shopper
C001456;Cliente 1456;36,0;1709,64;Guayaquil;Affluent;78579,22;3000,0;2;89,56;167,49;125,9;275,25;50,3;0,0;356,37;88,44;0,0;0,0;22,63;1175,94;General Shopper
C001457;Cliente 1457;30,0;731,97;Guayaquil;Mass;57429,99;1300,0;3;38,88;12,84;55,04;9,57;0,0;0,0;0,0;113,08000000000001;63,92;0,0;245,54000000000002;538,87;General Shopper
C001458;Cliente 1458;45,0;1469,01;Guayaquil;Mass;2585,05;0,0;1;0,0;0,0;0,0;0,0;0,0;0,0;0,0;0,0;0,0;0,0;0,0;0,0;Sin Consumo
C001459;Cliente 1459;45,0;865,81;Guayaquil;Mass;10005,96;1200,0;4;0,0;60,21;0,0;0,0;0,0;0,0;206,98;179,75;0,0;23,62;22,2;492,76;General Shopper
C001460;Cliente 1460;36,0;2363,82;Quito;Premium;7715,14;6800,0;2;0,0;0,0;250,67;0,0;423,09;0,0;0,0;165,15;76,93;95,21;170,63;1181,6799999999998;General Shopper
C001461;Cliente 1461;29,0;1057,68;Quito;Mass;101055,4;1900,0;2;0,0;0,0;127,97999999999999;0,0;105,8;0,0;0,0;86,54;0,0;274,33000000000004;0,0;594,6500000000001;General Shopper
C001462;Cliente 1462;21,0;515,4;Quito;Joven;366,94;1000,0;1;0,0;99,22;0,0;0,0;123,94;0,0;0,0;52,739999999999995;0,0;64,33;0,0;340,22999999999996;General Shopper
C001463;Cliente 1463;35,0;846,22;Guayaquil;Joven;7279,8099999999995;2300,0;3;0,0;0,0;64,27;0,0;0,0;0,0;0,0;26,13;0,0;18,27;89,58;198,25;General Shopper
C001464;Cliente 1464;38,0;6482,36;Guayaquil;Premium;13342,94;0,0;1;0,0;0,0;0,0;0,0;0,0;0,0;0,0;0,0;0,0;0,0;0,0;0,0;Sin Consumo
C001465;Cliente 1465;31,0;6500,55;Guayaquil;Premium;57334,729999999996;14100,0;3;1140,1399999999999;327,57;313,41;245,78;0,0;0,0;270,93;733,51;1003,51;242,44;2479,44;6756,73;General Shopper
C001466;Cliente 1466;32,0;932,68;Quito;Mass;15247,46;0,0;2;0,0;0,0;0,0;0,0;0,0;0,0;0,0;0,0;0,0;0,0;0,0;0,0;Sin Consumo
C001467;Cliente 1467;21,0;2071,99;Cuenca;Affluent;13736,22;3400,0;3;0,0;78,83;179,35;0,0;219,65;0,0;85,88;173,87;0,0;0,0;401,47;1139,05;General Shopper
C001468;Cliente 1468;43,0;3340,94;Quito;Affluent;53857,9;0,0;1;0,0;0,0;0,0;0,0;0,0;0,0;0,0;0,0;0,0;0,0;0,0;0,0;Sin Consumo
C001469;Cliente 1469;40,0;980,04;Quito;Mass;7226,83;1600,0;3;0,0;0,0;0,0;0,0;0,0;0,0;17,85;104,91999999999999;124,25999999999999;0,0;0,0;247,02999999999997;General Shopper
C001470;Cliente 1470;18,0;1533,17;Guayaquil;Pyme;19665,29;4400,0;4;0,0;299,98;582,54;79,96;95,62;0,0;0,0;0,0;241,36;39,62;0,0;1339,08;General Shopper
C001471;Cliente 1471;39,0;637,98;Ambato;Mass;5156,94;1100,0;2;0,0;238,86;24,66;0,0;0,0;0,0;33,05;0,0;0,0;29,42;0,0;325,99000000000007;General Shopper
C001472;Cliente 1472;43,0;3510,21;Guayaquil;Affluent;78978,36;8900,0;4;0,0;57,63;193,83;0,0;0,0;0,0;163,14;513,6;0,0;857,14;353,72;2139,0600000000004;General Shopper
C001473;Cliente 1473;40,0;1671,56;Cuenca;Affluent;2454,42;2700,0;2;18,25;83,34;167,0;0,0;54,11;0,0;0,0;72,02;0,0;0,0;0,0;394,72;General Shopper
C001474;Cliente 1474;51,0;1200,18;Quito;Mass;103179,19;2600,0;2;83,21;200,13;85,17;11,62;0,0;0,0;0,0;0,0;67,83;205,95999999999998;0,0;653,92;General Shopper
C001475;Cliente 1475;43,0;1793,01;Guayaquil;Pyme;134192,51;3100,0;2;156,44;30,76;0,0;0,0;98,65;0,0;35,06;51,9;0,0;81,66;96,08;550,5500000000001;General Shopper
C001476;Cliente 1476;42,0;2704,3;Quito;Pyme;12886,12;0,0;1;0,0;0,0;0,0;0,0;0,0;0,0;0,0;0,0;0,0;0,0;0,0;0,0;Sin Consumo
C001477;Cliente 1477;20,0;1828,43;Guayaquil;Affluent;16875,26;2000,0;2;0,0;875,5899999999999;540,6800000000001;0,0;46,71;0,0;0,0;0,0;0,0;0,0;150,93;1613,91;General Shopper
C001478;Cliente 1478;38,0;2281,94;Cuenca;Affluent;24891,17;4900,0;3;245,89999999999998;255,05;0,0;0,0;72,17;0,0;146,14;0,0;0,0;1169,5;301,26;2190,02;Tech Lover
C001479;Cliente 1479;43,0;777,6;Quito;Mass;1989,08;1400,0;2;0,0;19,3;0,0;51,68;0,0;0,0;0,0;24,68;49,39;130,32999999999998;54,74;330,12;General Shopper
C001480;Cliente 1480;21,0;3364,48;Quito;Premium;118862,44;7500,0;4;226,03;0,0;328,4;0,0;0,0;0,0;544,24;0,0;373,01;310,6;0,0;1782,2799999999997;General Shopper
C001481;Cliente 1481;39,0;1058,95;Quito;Mass;58542,43;2800,0;2;0,0;0,0;0,0;0,0;35,8;0,0;0,0;17,61;95,26;54,01;0,0;202,68;General Shopper
C001482;Cliente 1482;37,0;591,82;Cuenca;Mass;5105,71;0,0;1;0,0;0,0;0,0;0,0;0,0;0,0;0,0;0,0;0,0;0,0;0,0;0,0;Sin Consumo
C001483;Cliente 1483;33,0;1688,74;Cuenca;Affluent;6493,120000000001;4100,0;2;0,0;0,0;44,02;26,89;0,0;0,0;271,96;0,0;44,08;0,0;0,0;386,94999999999993;General Shopper
C001484;Cliente 1484;36,0;1995,37;Guayaquil;Pyme;29951,64;4400,0;3;143,47;159,25;140,48;252,34;117,22;0,0;217,77;113,33;0,0;0,0;0,0;1143,86;General Shopper
C001485;Cliente 1485;40,0;831,8;Guayaquil;Mass;2455,23;0,0;1;0,0;0,0;0,0;0,0;0,0;0,0;0,0;0,0;0,0;0,0;0,0;0,0;Sin Consumo
C001486;Cliente 1486;34,0;600,41;Quito;Joven;80405,73999999999;0,0;2;0,0;0,0;0,0;0,0;0,0;0,0;0,0;0,0;0,0;0,0;0,0;0,0;Sin Consumo
C001487;Cliente 1487;24,0;1465,83;Cuenca;Mass;47703,369999999995;0,0;2;0,0;0,0;0,0;0,0;0,0;0,0;0,0;0,0;0,0;0,0;0,0;0,0;Sin Consumo
C001488;Cliente 1488;42,0;916,96;Manta;Mass;4126,7699999999995;1200,0;2;57,5;70,31;0,0;0,0;0,0;0,0;0,0;51,120000000000005;0,0;70,91;0,0;249,84;General Shopper
C001489;Cliente 1489;46,0;1821,74;Cuenca;Affluent;9981,4;5300,0;3;99,28;0,0;101,22;78,54;0,0;0,0;243,8;0,0;285,6;0,0;0,0;808,44;General Shopper
C001490;Cliente 1490;29,0;1056,58;Quito;Mass;351,89;3000,0;1;0,0;198,82999999999998;399,03999999999996;0,0;0,0;0,0;60,02;0,0;52,88;107,5;20,24;838,5099999999999;General Shopper
C001491;Cliente 1491;26,0;2786,48;Quito;Pyme;115866,49;5200,0;4;305,32;257,78;1701,15;193,73;186,22;0,0;443,71;0,0;90,47;58,75;92,9;3330,03;Food Lover
C001492;Cliente 1492;40,0;774,02;Manta;Joven;90466,58;1800,0;4;0,0;149,09;0,0;0,0;0,0;0,0;0,0;267,46;65,0;0,0;34,58;516,13;Streaming Lover
C001493;Cliente 1493;39,0;988,95;Guayaquil;Joven;2242,82;0,0;1;0,0;0,0;0,0;0,0;0,0;0,0;0,0;0,0;0,0;0,0;0,0;0,0;Sin Consumo
C001494;Cliente 1494;49,0;822,81;Quito;Joven;20003,219999999998;0,0;3;0,0;0,0;0,0;0,0;0,0;0,0;0,0;0,0;0,0;0,0;0,0;0,0;Sin Consumo
C001495;Cliente 1495;37,0;794,34;Guayaquil;Mass;8357,619999999999;2200,0;3;0,0;0,0;41,47;0,0;55,730000000000004;0,0;0,0;0,0;0,0;0,0;0,0;97,2;General Shopper
C001496;Cliente 1496;41,0;624,02;Quito;Mass;3686,5499999999997;900,0;2;0,0;0,0;0,0;0,0;140,7;0,0;0,0;16,82;31,43;0,0;0,0;188,95;General Shopper
C001497;Cliente 1497;36,0;481,75;Quito;Joven;78392,31999999999;1200,0;2;0,0;251,36;5,16;31,05;38,89;0,0;0,0;50,64;115,14;0,0;0,0;492,24;General Shopper
C001498;Cliente 1498;31,0;1401,26;Guayaquil;Mass;98955,36;1900,0;3;0,0;0,0;0,0;0,0;0,0;0,0;376,74;158,94;0,0;0,0;173,89;709,57;General Shopper
C001499;Cliente 1499;33,0;3151,49;Loja;Premium;94643,26999999999;8600,0;4;0,0;590,5799999999999;135,09;338,36;151,96;0,0;83,87;196,86;120,56;0,0;676,5600000000001;2293,84;General Shopper
C001500;Cliente 1500;37,0;2411,82;Quito;Affluent;17495,14;6700,0;2;83,96;97,45;100,31;728,0;168,96;0,0;0,0;152,3;0,0;0,0;0,0;1330,98;General Shopper
C001501;Cliente 1501;35,0;685,8;Quito;Mass;80863,96;1000,0;2;10,79;0,0;0,0;0,0;0,0;0,0;0,0;24,17;0,0;101,85;32,06;168,87;Tech Lover
C001502;Cliente 1502;29,0;1252,91;Guayaquil;Mass;6627,26;2800,0;3;0,0;0,0;100,4;0,0;0,0;0,0;0,0;0,0;0,0;0,0;132,76;233,16;Travel Lover
C001503;Cliente 1503;30,0;4018,88;Manta;Premium;9235,93;0,0;2;0,0;0,0;0,0;0,0;0,0;0,0;0,0;0,0;0,0;0,0;0,0;0,0;Sin Consumo
C001504;Cliente 1504;43,0;4300,21;Guayaquil;Premium;51336,61;0,0;2;0,0;0,0;0,0;0,0;0,0;0,0;0,0;0,0;0,0;0,0;0,0;0,0;Sin Consumo
C001505;Cliente 1505;24,0;2623,76;Guayaquil;Pyme;24438,99;3500,0;3;0,0;207,31;810,8199999999999;39,46;0,0;0,0;0,0;1000,1600000000001;0,0;0,0;0,0;2057,75;General Shopper
C001506;Cliente 1506;47,0;3387,78;Quito;Pyme;18850,35;0,0;1;0,0;0,0;0,0;0,0;0,0;0,0;0,0;0,0;0,0;0,0;0,0;0,0;Sin Consumo
C001507;Cliente 1507;29,0;1410,27;Cuenca;Mass;55261,99;3800,0;4;0,0;0,0;315,65;221,01999999999998;67,44;0,0;0,0;59,41;213,94;24,46;391,88;1293,8000000000002;General Shopper
C001508;Cliente 1508;34,0;853,66;Quito;Mass;2464,35;0,0;1;0,0;0,0;0,0;0,0;0,0;0,0;0,0;0,0;0,0;0,0;0,0;0,0;Sin Consumo
C001509;Cliente 1509;51,0;789,42;Quito;Joven;23489,87;800,0;2;0,0;0,0;0,0;0,0;0,0;0,0;59,1;0,0;74,82;94,31;0,0;228,23;General Shopper
C001510;Cliente 1510;52,0;1227,38;Quito;Mass;596,54;1300,0;1;0,0;0,0;312,36;0,0;184,87;0,0;0,0;58,69;351,64;0,0;0,0;907,5600000000001;General Shopper
C001511;Cliente 1511;42,0;1101,93;Ambato;Joven;77519,48;1500,0;4;0,0;38,65;0,0;41,25;0,0;0,0;225,07;355,14;0,0;0,0;204,85000000000002;864,96;General Shopper
C001512;Cliente 1512;47,0;2942,34;Cuenca;Affluent;9804,07;5700,0;2;0,0;0,0;311,94;326,83;683,21;0,0;0,0;148,04;205,86;824,96;249,81;2750,65;General Shopper
C001513;Cliente 1513;47,0;975,35;Guayaquil;Mass;2342,3199999999997;2300,0;2;7,81;0,0;51,23;0,0;0,0;0,0;0,0;0,0;56,57;5,8;0,0;121,41;General Shopper
C001514;Cliente 1514;65,0;6632,69;Quito;Premium;34598,93;10600,0;2;0,0;0,0;233,91;210,57;763,31;0,0;0,0;0,0;530,6;0,0;0,0;1738,3899999999999;General Shopper
C001515;Cliente 1515;45,0;639,34;Manta;Joven;3217,95;1200,0;2;0,0;68,66;16,63;0,0;0,0;0,0;0,0;118,13999999999999;33,03;118,46;103,39;458,30999999999995;General Shopper
C001516;Cliente 1516;18,0;581,1;Guayaquil;Mass;1525,48;1700,0;2;41,58;21,87;41,12;144,19;281,66;0,0;90,88;68,78;24,86;0,0;34,61;749,5500000000001;General Shopper
C001517;Cliente 1517;45,0;5070,78;Guayaquil;Premium;56004,84;0,0;2;0,0;0,0;0,0;0,0;0,0;0,0;0,0;0,0;0,0;0,0;0,0;0,0;Sin Consumo
C001518;Cliente 1518;31,0;815,7;Guayaquil;Mass;5598,22;0,0;1;0,0;0,0;0,0;0,0;0,0;0,0;0,0;0,0;0,0;0,0;0,0;0,0;Sin Consumo
C001519;Cliente 1519;43,0;729,55;Quito;Mass;3475,52;2200,0;2;118,38;39,89;135,46;0,0;0,0;0,0;0,0;0,0;44,89;0,0;16,22;354,84000000000003;General Shopper
C001520;Cliente 1520;27,0;910,19;Manta;Mass;-100,0;0,0;1;0,0;0,0;0,0;0,0;0,0;0,0;0,0;0,0;0,0;0,0;0,0;0,0;Sin Consumo
C001521;Cliente 1521;43,0;576,1;Guayaquil;Mass;7189,610000000001;1000,0;3;71,97;0,0;0,0;0,0;77,17;0,0;0,0;31,04;0,0;0,0;0,0;180,18;General Shopper
C001522;Cliente 1522;45,0;2386,56;Quito;Pyme;16428,35;4500,0;2;0,0;316,95;0,0;0,0;0,0;0,0;25,91;212,74;201,53;44,77;44,81;846,71;General Shopper
C001523;Cliente 1523;33,0;1047,59;Quito;Mass;102293,76000000001;0,0;2;0,0;0,0;0,0;0,0;0,0;0,0;0,0;0,0;0,0;0,0;0,0;0,0;Sin Consumo
C001524;Cliente 1524;60,0;496,4;Cuenca;Joven;3012,0299999999997;1100,0;3;0,0;0,0;0,0;120,03;0,0;0,0;0,0;32,92;14,99;47,02;0,0;214,96;General Shopper
C001525;Cliente 1525;41,0;2041,88;Cuenca;Affluent;11859,48;2900,0;3;111,26;0,0;0,0;0,0;87,76;0,0;0,0;0,0;563,63;0,0;87,88;850,53;General Shopper
C001526;Cliente 1526;47,0;547,97;Quito;Joven;85655,37;1600,0;2;0,0;52,18;45,66;0,0;16,31;0,0;12,86;161,25;55,65;0,0;39,47;383,38;General Shopper
C001527;Cliente 1527;37,0;909,53;Guayaquil;Joven;18238,49;1500,0;2;0,0;0,0;0,0;0,0;0,0;0,0;171,14999999999998;0,0;77,53999999999999;531,09;0,0;779,78;Tech Lover
C001528;Cliente 1528;25,0;1036,7;Ambato;Mass;79226,94;0,0;3;0,0;0,0;0,0;0,0;0,0;0,0;0,0;0,0;0,0;0,0;0,0;0,0;Sin Consumo
C001529;Cliente 1529;37,0;676,99;Quito;Joven;1741,32;0,0;1;0,0;0,0;0,0;0,0;0,0;0,0;0,0;0,0;0,0;0,0;0,0;0,0;Sin Consumo
C001530;Cliente 1530;51,0;1191,18;Guayaquil;Mass;4636,08;1800,0;2;67,13;127,86;87,81;0,0;0,0;0,0;0,0;40,58;108,17;240,4;138,93;810,8800000000001;General Shopper
C001531;Cliente 1531;43,0;3326,04;Guayaquil;Affluent;19581,67;8200,0;2;0,0;58,88;155,52;0,0;349,18;0,0;163,3;520,92;762,63;0,0;0,0;2010,43;General Shopper
C001532;Cliente 1532;28,0;998,28;Guayaquil;Joven;17441,77;2700,0;3;0,0;106,32;73,41;32,1;0,0;0,0;0,0;487,94;15,12;0,0;0,0;714,89;Streaming Lover
C001533;Cliente 1533;53,0;1922,96;Quito;Affluent;12355,19;4700,0;3;0,0;0,0;0,0;0,0;0,0;0,0;0,0;0,0;131,18;0,0;858,5799999999999;989,76;Travel Lover
C001534;Cliente 1534;50,0;4234,56;Ambato;Pyme;1283,81;7600,0;1;0,0;372,4;68,23;341,84999999999997;0,0;0,0;0,0;920,53;247,54;797,71;0,0;2748,26;General Shopper
C001535;Cliente 1535;29,0;784,72;Quito;Joven;25640,89;1800,0;3;0,0;88,82;71,73;0,0;0,0;0,0;0,0;0,0;217,95;0,0;56,3;434,8;General Shopper
C001536;Cliente 1536;28,0;1775,52;Quito;Joven;6352,65;4400,0;2;849,31;276,84;176,54;0,0;540,97;0,0;331,43;203,25;122,34;0,0;416,85;2917,53;General Shopper
C001537;Cliente 1537;52,0;641,3;Guayaquil;Mass;24043,41;1900,0;3;0,0;37,05;0,0;0,0;17,13;0,0;17,14;0,0;0,0;122,85;0,0;194,17;Tech Lover
C001538;Cliente 1538;42,0;1021,96;Guayaquil;Mass;4153,18;0,0;1;0,0;0,0;0,0;0,0;0,0;0,0;0,0;0,0;0,0;0,0;0,0;0,0;Sin Consumo
C001539;Cliente 1539;48,0;949,99;Cuenca;Mass;86659,88;1400,0;4;25,12;0,0;0,0;0,0;17,21;0,0;0,0;0,0;41,26;366,78;16,69;467,06;Tech Lover
C001540;Cliente 1540;40,0;2862,31;Guayaquil;Affluent;139595,71000000002;4600,0;4;174,39;0,0;157,31;358,51;0,0;0,0;514,95;129,63;311,45;292,3;199,07;2137,6099999999997;General Shopper
C001541;Cliente 1541;32,0;711,96;Quito;Mass;60374,39;1700,0;4;0,0;43,07;277,22;184,55;0,0;0,0;0,0;0,0;206,29000000000002;0,0;0,0;711,1300000000001;General Shopper
C001542;Cliente 1542;53,0;3559,57;Cuenca;Premium;35223,240000000005;8900,0;4;720,4599999999999;574,55;260,69;403,22;0,0;0,0;110,97;311,81;201,24;0,0;0,0;2582,9399999999996;General Shopper
C001543;Cliente 1543;30,0;912,57;Quito;Joven;19595,28;0,0;1;0,0;0,0;0,0;0,0;0,0;0,0;0,0;0,0;0,0;0,0;0,0;0,0;Sin Consumo
C001544;Cliente 1544;48,0;853,15;Loja;Joven;73405,18;0,0;3;0,0;0,0;0,0;0,0;0,0;0,0;0,0;0,0;0,0;0,0;0,0;0,0;Sin Consumo
C001545;Cliente 1545;18,0;4769,77;Quito;Premium;27648,449999999997;7600,0;3;0,0;696,7;319,19;0,0;0,0;0,0;0,0;254,39;0,0;607,22;259,07;2136,57;General Shopper
C001546;Cliente 1546;26,0;1021,68;Quito;Mass;102503,92;0,0;2;0,0;0,0;0,0;0,0;0,0;0,0;0,0;0,0;0,0;0,0;0,0;0,0;Sin Consumo
C001547;Cliente 1547;30,0;3298,23;Quito;Pyme;15905,73;0,0;1;0,0;0,0;0,0;0,0;0,0;0,0;0,0;0,0;0,0;0,0;0,0;0,0;Sin Consumo
C001548;Cliente 1548;57,0;1131,08;Guayaquil;Mass;81733,81;0,0;2;0,0;0,0;0,0;0,0;0,0;0,0;0,0;0,0;0,0;0,0;0,0;0,0;Sin Consumo
C001549;Cliente 1549;18,0;350,0;Cuenca;Joven;1324,75;800,0;2;0,0;27,62;12,91;0,0;0,0;0,0;0,0;0,0;15,88;47,45;49,0;152,86;General Shopper
C001550;Cliente 1550;18,0;981,84;Quito;Joven;1812,72;0,0;1;0,0;0,0;0,0;0,0;0,0;0,0;0,0;0,0;0,0;0,0;0,0;0,0;Sin Consumo
C001551;Cliente 1551;25,0;780,41;Quito;Joven;1028,84;2200,0;1;32,76;0,0;0,0;0,0;48,54;0,0;0,0;54,83;191,62;30,31;36,53;394,59000000000003;General Shopper
C001552;Cliente 1552;48,0;2188,86;Guayaquil;Affluent;7379,3099999999995;3200,0;3;0,0;52,04;0,0;213,52;125,31;0,0;378,67;46,25;1853,83;200,07;0,0;2869,69;General Shopper
C001553;Cliente 1553;52,0;920,99;Guayaquil;Mass;150,31;1600,0;1;0,0;23,15;0,0;0,0;0,0;0,0;0,0;0,0;0,0;91,16;51,45;165,76;Tech Lover
C001554;Cliente 1554;56,0;1667,45;Cuenca;Affluent;5699,849999999999;4700,0;2;0,0;319,01;566,51;111,73;0,0;0,0;276,96;82,28;157,43;155,04000000000002;61,1;1730,06;General Shopper
C001555;Cliente 1555;62,0;4726,8;Cuenca;Premium;56305,26;6400,0;3;386,82;161,91;829,81;148,96;190,62;0,0;0,0;331,19;0,0;0,0;937,66;2986,97;General Shopper
C001556;Cliente 1556;41,0;3933,01;Desconocida;Affluent;1973,86;5600,0;1;0,0;149,26;0,0;306,48;890,71;0,0;0,0;0,0;108,01;0,0;277,22;1731,68;General Shopper
C001557;Cliente 1557;31,0;790,6;Guayaquil;Mass;74686,11;800,0;2;0,0;71,34;158,56;69,27;0,0;0,0;0,0;349,07;16,92;0,0;0,0;665,16;Streaming Lover
C001558;Cliente 1558;18,0;774,4;Cuenca;Mass;33563,25;0,0;1;0,0;0,0;0,0;0,0;0,0;0,0;0,0;0,0;0,0;0,0;0,0;0,0;Sin Consumo
C001559;Cliente 1559;46,0;783,45;Manta;Mass;1934,78;2300,0;2;183,15;201,02;0,0;0,0;0,0;0,0;7,6;259,38;0,0;79,81;62,629999999999995;793,59;General Shopper
C001560;Cliente 1560;44,0;1993,43;Guayaquil;Affluent;18721,92;0,0;2;0,0;0,0;0,0;0,0;0,0;0,0;0,0;0,0;0,0;0,0;0,0;0,0;Sin Consumo
C001561;Cliente 1561;28,0;629,96;Ambato;Joven;81496,68;1200,0;2;0,0;25,73;0,0;0,0;23,27;0,0;0,0;28,48;49,31;0,0;42,39;169,18;General Shopper
C001562;Cliente 1562;38,0;1356,21;Quito;Mass;16111,23;2900,0;2;0,0;503,79999999999995;75,12;0,0;0,0;0,0;0,0;0,0;56,42;0,0;0,0;635,3399999999999;General Shopper
C001563;Cliente 1563;62,0;570,62;Quito;Mass;35811,15;600,0;4;0,0;45,84;294,19;0,0;0,0;0,0;0,0;0,0;0,0;55,76;47,03;442,81999999999994;Food Lover
C001564;Cliente 1564;39,0;730,78;Guayaquil;Mass;4241,08;0,0;1;0,0;0,0;0,0;0,0;0,0;0,0;0,0;0,0;0,0;0,0;0,0;0,0;Sin Consumo
C001565;Cliente 1565;35,0;2973,57;Guayaquil;Pyme;12262,6;0,0;1;0,0;0,0;0,0;0,0;0,0;0,0;0,0;0,0;0,0;0,0;0,0;0,0;Sin Consumo
C001566;Cliente 1566;29,0;385,67;Manta;Mass;6014,6900000000005;0,0;2;0,0;0,0;0,0;0,0;0,0;0,0;0,0;0,0;0,0;0,0;0,0;0,0;Sin Consumo
C001567;Cliente 1567;40,0;4534,21;Guayaquil;Pyme;67277,0;4600,0;4;0,0;0,0;1944,16;0,0;0,0;0,0;528,35;340,31;642,9300000000001;683,61;305,07;4444,429999999999;General Shopper
C001568;Cliente 1568;77,0;816,73;Quito;Joven;136763,13999999998;2000,0;4;0,0;38,25;15,6;0,0;51,75;0,0;0,0;132,29;15,44;0,0;18,46;271,78999999999996;General Shopper
C001569;Cliente 1569;50,0;3086,44;Loja;Premium;85169,83;3300,0;2;238,89;2580,0299999999997;0,0;141,46;0,0;0,0;0,0;0,0;0,0;0,0;142,29000000000002;3102,6699999999996;General Shopper
C001570;Cliente 1570;47,0;802,03;Manta;Mass;16219,08;1000,0;2;0,0;0,0;130,27;0,0;0,0;0,0;0,0;0,0;14,68;0,0;241,94;386,89;Travel Lover
C001571;Cliente 1571;49,0;2212,23;Guayaquil;Affluent;9359,66;3000,0;2;186,47;190,65;0,0;115,3;0,0;0,0;41,21;402,81;392,73;108,52;0,0;1437,69;General Shopper
C001572;Cliente 1572;35,0;753,08;Quito;Mass;15743,81;1200,0;2;0,0;0,0;0,0;0,0;0,0;0,0;97,3;0,0;126,41999999999999;0,0;0,0;223,71999999999997;General Shopper
C001573;Cliente 1573;18,0;564,58;Quito;Mass;3441,04;800,0;2;0,0;0,0;0,0;160,72;44,79;0,0;18,09;0,0;0,0;36,75;289,93;550,28;Travel Lover
C001574;Cliente 1574;42,0;3157,48;Loja;Premium;73160,65;0,0;1;0,0;0,0;0,0;0,0;0,0;0,0;0,0;0,0;0,0;0,0;0,0;0,0;Sin Consumo
C001575;Cliente 1575;24,0;5508,21;Quito;Premium;119934,89;12500,0;3;279,98;1556,4899999999998;82,56;314,98;180,74;0,0;734,5;0,0;420,3;0,0;240,81;3810,3599999999997;General Shopper
C001576;Cliente 1576;38,0;2174,57;Guayaquil;Mass;16643,49;3600,0;2;71,47;0,0;317,13;0,0;0,0;0,0;0,0;950,52;0,0;390,71;66,76;1796,59;Streaming Lover
C001577;Cliente 1577;51,0;964,82;Guayaquil;Mass;4763,29;0,0;1;0,0;0,0;0,0;0,0;0,0;0,0;0,0;0,0;0,0;0,0;0,0;0,0;Sin Consumo
C001578;Cliente 1578;39,0;552,13;Guayaquil;Joven;384,02;1500,0;2;0,0;18,18;0,0;0,0;0,0;0,0;112,09;0,0;0,0;0,0;58,62;188,89000000000001;General Shopper
C001579;Cliente 1579;28,0;6233,73;Manta;Premium;36247,11;9200,0;3;96,8;316,94;186,13;752,47;0,0;0,0;0,0;0,0;0,0;344,32;344,52;2041,18;General Shopper
C001580;Cliente 1580;39,0;561,91;Quito;Mass;166,13;1400,0;1;70,99;119,05000000000001;142,66;0,0;0,0;0,0;0,0;15,97;15,65;0,0;0,0;364,32000000000005;General Shopper
C001581;Cliente 1581;49,0;995,58;Quito;Mass;622,65;1700,0;1;0,0;0,0;4,93;0,0;0,0;0,0;129,05;347,65;177,44;99,91;71,39;830,3699999999998;General Shopper
C001582;Cliente 1582;49,0;609,03;Cuenca;Joven;108676,36;1000,0;3;0,0;0,0;175,31;0,0;0,0;0,0;22,57;126,42999999999999;26,1;42,27;30,64;423,31999999999994;General Shopper
C001583;Cliente 1583;23,0;545,47;Guayaquil;Mass;71688,58;1200,0;2;0,0;86,03999999999999;145,42000000000002;67,31;3,04;0,0;0,0;0,0;57,82;119,17999999999999;101,86999999999999;580,68;General Shopper
C001584;Cliente 1584;24,0;665,23;Guayaquil;Mass;12825,65;1100,0;2;50,09;70,53;21,18;0,0;0,0;0,0;0,0;32,44;0,0;78,08;0,0;252,32;General Shopper
C001585;Cliente 1585;25,0;2990,35;Guayaquil;Pyme;2771,06;4300,0;2;183,47;0,0;0,0;151,55;0,0;0,0;0,0;0,0;562,02;181,2;187,83;1266,07;General Shopper
C001586;Cliente 1586;33,0;1228,98;Quito;Mass;19347,3;2000,0;2;0,0;0,0;139,12;153,81;0,0;0,0;0,0;0,0;0,0;339,18;0,0;632,11;Tech Lover
C001587;Cliente 1587;36,0;4721,9;Quito;Pyme;21585,93;12900,0;2;583,46;0,0;171,66;319,71;637,95;0,0;639,72;561,22;0,0;571,38;699,88;4184,9800000000005;General Shopper
C001588;Cliente 1588;78,0;898,34;Guayaquil;Mass;4421,73;1300,0;2;0,0;116,23;0,0;127,69999999999999;111,43;0,0;26,06;62,17;26,18;0,0;0,0;469,77;General Shopper
C001589;Cliente 1589;41,0;3379,56;Manta;Pyme;107451,26000000001;4500,0;3;0,0;164,42;598,5999999999999;108,67;41,32;0,0;254,63;142,2;344,63;185,4;0,0;1839,87;General Shopper
C001590;Cliente 1590;48,0;4918,18;Manta;Premium;11623,54;9900,0;2;59,34;0,0;150,0;0,0;0,0;0,0;0,0;0,0;738,59;142,73;0,0;1090,66;General Shopper
C001591;Cliente 1591;37,0;650,91;Guayaquil;Mass;362,44;900,0;2;0,0;0,0;27,8;97,5;0,0;0,0;0,0;0,0;55,74;0,0;279,84;460,88;Travel Lover
C001592;Cliente 1592;29,0;939,95;Guayaquil;Mass;3514,1800000000003;1800,0;2;80,02;86,08;125,94999999999999;0,0;318,59;0,0;0,0;0,0;92,33;46,79;0,0;749,7599999999999;General Shopper
C001593;Cliente 1593;34,0;1982,54;Guayaquil;Affluent;91023,53;2100,0;4;0,0;0,0;1017,11;72,67;0,0;0,0;0,0;0,0;496,96;0,0;570,51;2157,25;General Shopper
C001594;Cliente 1594;30,0;2466,54;Quito;Affluent;81110,42;3600,0;3;95,63;213,18;433,77;244,49;0,0;0,0;269,93;0,0;117,59;0,0;304,82;1679,4099999999999;General Shopper
C001595;Cliente 1595;35,0;1083,69;Guayaquil;Affluent;1960,98;1800,0;2;0,0;0,0;192,07999999999998;0,0;20,18;0,0;137,18;0,0;0,0;46,63;0,0;396,07;General Shopper
C001596;Cliente 1596;28,0;2964,52;Guayaquil;Affluent;89893,85;0,0;2;0,0;0,0;0,0;0,0;0,0;0,0;0,0;0,0;0,0;0,0;0,0;0,0;Sin Consumo
C001597;Cliente 1597;41,0;1843,78;Quito;Pyme;9779,52;0,0;2;0,0;0,0;0,0;0,0;0,0;0,0;0,0;0,0;0,0;0,0;0,0;0,0;Sin Consumo
C001598;Cliente 1598;45,0;3764,87;Guayaquil;Premium;109658,71;9000,0;4;0,0;907,29;0,0;0,0;0,0;0,0;0,0;1215,6;61,85;656,33;0,0;2841,0699999999997;General Shopper
C001599;Cliente 1599;47,0;3766,18;Guayaquil;Pyme;2708,23;10000,0;1;247,88;260,41;249,41;0,0;0,0;0,0;0,0;378,66;160,59;106,02;0,0;1402,97;General Shopper
C001600;Cliente 1600;33,0;787,15;Quito;Mass;35466,86;1100,0;3;62,36;61,99;0,0;0,0;0,0;0,0;92,56;0,0;78,29;48,57;0,0;343,77000000000004;General Shopper
C001601;Cliente 1601;44,0;713,38;Guayaquil;Mass;3061,56;900,0;2;0,0;73,53999999999999;202,95;27,41;37,46;0,0;69,93;0,0;222,91000000000003;0,0;97,61;731,8100000000001;General Shopper
C001602;Cliente 1602;56,0;3486,42;Ambato;Pyme;106416,96;0,0;3;0,0;0,0;0,0;0,0;0,0;0,0;0,0;0,0;0,0;0,0;0,0;0,0;Sin Consumo
C001603;Cliente 1603;41,0;2504,43;Quito;Affluent;31206,809999999998;6100,0;3;0,0;0,0;0,0;0,0;0,0;0,0;337,53999999999996;321,96;87,39;37,04;0,0;783,9299999999998;General Shopper
C001604;Cliente 1604;21,0;1058,16;Guayaquil;Mass;27926,14;2000,0;3;0,0;18,72;0,0;0,0;360,49;0,0;0,0;144,07;485,72;0,0;0,0;1009,0;General Shopper
C001605;Cliente 1605;18,0;4199,66;Quito;Pyme;19802,86;7000,0;2;671,92;0,0;0,0;73,65;231,46;0,0;37,99;0,0;573,3399999999999;273,73;0,0;1862,09;General Shopper
C001606;Cliente 1606;30,0;2779,09;Guayaquil;Affluent;19398,68;6800,0;3;0,0;0,0;0,0;0,0;156,94;0,0;863,51;0,0;178,64;0,0;189,9;1388,9900000000002;General Shopper
C001607;Cliente 1607;27,0;600,95;Guayaquil;Joven;3212,2699999999995;1700,0;2;72,84;0,0;51,29;52,67;12,15;0,0;0,0;63,76;106,47;0,0;0,0;359,18;General Shopper
C001608;Cliente 1608;40,0;3325,51;Quito;Pyme;68113,34;3700,0;2;65,13;143,96;0,0;572,79;0,0;0,0;0,0;482,11;0,0;0,0;239,15;1503,14;General Shopper
C001609;Cliente 1609;48,0;468,41;Quito;Joven;184,78;700,0;1;0,0;29,009999999999998;33,410000000000004;87,47;0,0;0,0;0,0;5,56;0,0;41,35;0,0;196,79999999999998;General Shopper
C001610;Cliente 1610;42,0;2244,7;Loja;Affluent;9406,26;0,0;1;0,0;0,0;0,0;0,0;0,0;0,0;0,0;0,0;0,0;0,0;0,0;0,0;Sin Consumo
C001611;Cliente 1611;43,0;852,06;Cuenca;Joven;132,44;1100,0;1;0,0;0,0;67,35;0,0;24,76;0,0;0,0;0,0;345,17;0,0;117,96;555,24;General Shopper
C001612;Cliente 1612;45,0;5140,35;Guayaquil;Pyme;20138,14;0,0;1;0,0;0,0;0,0;0,0;0,0;0,0;0,0;0,0;0,0;0,0;0,0;0,0;Sin Consumo
C001613;Cliente 1613;46,0;601,98;Guayaquil;Joven;3479,05;0,0;1;0,0;0,0;0,0;0,0;0,0;0,0;0,0;0,0;0,0;0,0;0,0;0,0;Sin Consumo
C001614;Cliente 1614;54,0;2794,94;Cuenca;Pyme;3770,4300000000003;4300,0;3;0,0;560,3100000000001;318,59;195,3;621,37;0,0;0,0;298,49;154,36;0,0;0,0;2148,42;General Shopper
C001615;Cliente 1615;36,0;1113,8;Quito;Mass;8122,78;3300,0;3;31,37;0,0;0,0;0,0;0,0;0,0;0,0;0,0;98,41;0,0;0,0;129,78;General Shopper
C001616;Cliente 1616;38,0;1021,74;Guayaquil;Mass;65332,47;2200,0;2;0,0;19,84;125,63;516,58;79,87;0,0;24,3;46,84;103,2;26,62;81,34;1024,22;General Shopper
C001617;Cliente 1617;47,0;889,81;Guayaquil;Mass;112273,48000000001;1100,0;3;22,01;15,04;219,85;36,48;62,04;0,0;0,0;0,0;151,21;0,0;92,97;599,6;General Shopper
C001618;Cliente 1618;34,0;3848,27;Guayaquil;Affluent;117767,81;11100,0;4;170,54;289,1;609,21;139,47;183,38;0,0;257,11;750,59;0,0;334,89;310,97;3045,26;General Shopper
C001619;Cliente 1619;37,0;901,77;Guayaquil;Mass;85772,35;0,0;1;0,0;0,0;0,0;0,0;0,0;0,0;0,0;0,0;0,0;0,0;0,0;0,0;Sin Consumo
C001620;Cliente 1620;45,0;1090,87;Quito;Mass;6827,31;0,0;1;0,0;0,0;0,0;0,0;0,0;0,0;0,0;0,0;0,0;0,0;0,0;0,0;Sin Consumo
C001621;Cliente 1621;32,0;1747,23;Guayaquil;Mass;5487,200000000001;4500,0;2;0,0;370,26;490,25;0,0;0,0;0,0;100,91;0,0;189,43;74,34;184,2;1409,3899999999999;General Shopper
C001622;Cliente 1622;21,0;1336,86;Cuenca;Mass;18326,03;0,0;2;0,0;0,0;0,0;0,0;0,0;0,0;0,0;0,0;0,0;0,0;0,0;0,0;Sin Consumo
C001623;Cliente 1623;41,0;4331,43;Guayaquil;Premium;44377,05;10400,0;4;0,0;222,55;0,0;305,87;0,0;0,0;0,0;2030,62;2050,67;263,12;0,0;4872,83;General Shopper
C001624;Cliente 1624;37,0;913,64;Guayaquil;Mass;16578,93;2200,0;2;78,86;218,63;0,0;0,0;275,31;0,0;24,67;0,0;98,16;204,72;54,24;954,59;General Shopper
C001625;Cliente 1625;28,0;2679,66;Loja;Affluent;121347,72;3000,0;3;0,0;307,04999999999995;552,62;211,25;0,0;0,0;0,0;831,87;52,01;0,0;0,0;1954,8000000000002;General Shopper
C001626;Cliente 1626;39,0;4446,94;Guayaquil;Premium;109538,91;0,0;3;0,0;0,0;0,0;0,0;0,0;0,0;0,0;0,0;0,0;0,0;0,0;0,0;Sin Consumo
C001627;Cliente 1627;46,0;3778,56;Ambato;Pyme;18946,75;5700,0;2;0,0;0,0;280,59999999999997;227,17;96,51;0,0;541,21;364,61;734,8499999999999;128,96;0,0;2373,91;General Shopper
C001628;Cliente 1628;56,0;1242,46;Cuenca;Mass;76762,25;2600,0;2;0,0;67,4;315,87;114,42;0,0;0,0;0,0;156,01;55,31;135,44;333,15999999999997;1177,6100000000001;General Shopper
C001629;Cliente 1629;34,0;2636,08;Loja;Pyme;12997,47;7800,0;2;0,0;0,0;218,53000000000003;0,0;135,02;0,0;54,72;288,74;0,0;0,0;0,0;697,01;General Shopper
C001630;Cliente 1630;50,0;554,4;Guayaquil;Joven;1828,43;0,0;1;0,0;0,0;0,0;0,0;0,0;0,0;0,0;0,0;0,0;0,0;0,0;0,0;Sin Consumo
C001631;Cliente 1631;30,0;788,67;Quito;Mass;132311,8;1800,0;4;26,51;111,88;0,0;0,0;0,0;0,0;42,84;48,53;0,0;189,24;0,0;419,0;General Shopper
C001632;Cliente 1632;33,0;2229,21;Guayaquil;Affluent;18659,18;3500,0;3;0,0;159,81;952,0699999999999;0,0;0,0;0,0;352,98;0,0;0,0;175,99;0,0;1640,85;Food Lover
C001633;Cliente 1633;39,0;668,62;Loja;Joven;1716,12;0,0;1;0,0;0,0;0,0;0,0;0,0;0,0;0,0;0,0;0,0;0,0;0,0;0,0;Sin Consumo
C001634;Cliente 1634;32,0;2032,89;Guayaquil;Affluent;22362,75;5500,0;3;0,0;890,85;29,83;362,65999999999997;317,28999999999996;0,0;198,04;35,7;0,0;315,09;0,0;2149,46;General Shopper
C001635;Cliente 1635;30,0;618,26;Guayaquil;Mass;1994,21;1000,0;2;0,0;0,0;69,96000000000001;0,0;16,3;0,0;0,0;8,29;34,71;74,58;0,0;203,83999999999997;General Shopper
C001636;Cliente 1636;46,0;1537,46;Quito;Affluent;19599,690000000002;4300,0;2;0,0;358,87;0,0;99,78;0,0;0,0;0,0;62,44;0,0;289,72;0,0;810,81;General Shopper
C001637;Cliente 1637;53,0;615,76;Quito;Joven;3294,27;1400,0;2;128,05;0,0;48,03;45,84;0,0;0,0;175,4;0,0;0,0;0,0;204,54000000000002;601,8600000000001;General Shopper
C001638;Cliente 1638;27,0;829,28;Cuenca;Mass;5964,45;2400,0;3;0,0;90,75;147,16;0,0;0,0;0,0;0,0;32,23;0,0;66,98;25,87;362,99;General Shopper
C001639;Cliente 1639;46,0;1590,97;Manta;Affluent;98495,68999999999;0,0;3;0,0;0,0;0,0;0,0;0,0;0,0;0,0;0,0;0,0;0,0;0,0;0,0;Sin Consumo
C001640;Cliente 1640;32,0;3014,74;Guayaquil;Pyme;17920,36;5000,0;2;133,37;0,0;0,0;0,0;118,81;0,0;0,0;0,0;830,99;0,0;0,0;1083,17;General Shopper
C001641;Cliente 1641;39,0;1835,35;Ambato;Affluent;12686,310000000001;5200,0;4;0,0;412,77;188,86;0,0;0,0;0,0;149,82;875,24;0,0;54,95;79,65;1761,2900000000002;General Shopper
C001642;Cliente 1642;22,0;6664,01;Quito;Premium;67204,16;20000,0;4;0,0;393,86;0,0;0,0;352,61;0,0;0,0;93,36;222,94;0,0;962,99;2025,76;General Shopper
C001643;Cliente 1643;26,0;1338,55;Quito;Affluent;65047,83;1700,0;4;0,0;0,0;0,0;0,0;0,0;0,0;0,0;143,76;0,0;0,0;191,54000000000002;335,3;Travel Lover
C001644;Cliente 1644;40,0;4784,92;Cuenca;Premium;73477,92;0,0;1;0,0;0,0;0,0;0,0;0,0;0,0;0,0;0,0;0,0;0,0;0,0;0,0;Sin Consumo
C001645;Cliente 1645;48,0;1224,59;Guayaquil;Mass;21925,21;2600,0;3;72,4;240,23;0,0;0,0;0,0;0,0;0,0;0,0;0,0;85,50999999999999;0,0;398,14;General Shopper
C001646;Cliente 1646;37,0;4310,65;Guayaquil;Premium;21912,59;4400,0;3;323,11;81,0;0,0;971,73;77,26;0,0;0,0;86,45;815,86;1003,75;762,23;4121,39;General Shopper
C001647;Cliente 1647;30,0;752,91;Loja;Joven;3622,48;1600,0;2;0,0;215,63;0,0;0,0;0,0;0,0;0,0;42,86;5,51;0,0;0,0;264,0;General Shopper
C001648;Cliente 1648;29,0;374,93;Quito;Joven;97286,76000000001;1100,0;3;0,0;8,09;40,86;23,67;24,11;0,0;18,17;113,63;27,22;12,76;0,0;268,51;General Shopper
C001649;Cliente 1649;35,0;2370,33;Quito;Pyme;135950,92;5800,0;2;0,0;52,86;0,0;0,0;0,0;0,0;94,7;210,11;100,09;698,13;0,0;1155,89;Tech Lover
C001650;Cliente 1650;30,0;1034,92;Guayaquil;Mass;23391,92;3000,0;3;0,0;0,0;60,17;0,0;20,22;0,0;26,66;22,46;0,0;0,0;72,82;202,32999999999998;General Shopper
C001651;Cliente 1651;44,0;658,2;Quito;Mass;8758,43;1200,0;3;0,0;0,0;56,47;0,0;0,0;0,0;8,68;54,2;36,79;0,0;18,48;174,62;General Shopper
C001652;Cliente 1652;30,0;821,83;Guayaquil;Mass;90880,55;1400,0;3;0,0;0,0;215,36;22,46;143,55;0,0;27,16;0,0;70,57;28,76;21,93;529,79;General Shopper
C001653;Cliente 1653;30,0;3856,16;Quito;Pyme;10124,99;11500,0;2;0,0;0,0;1134,92;0,0;295,11;0,0;0,0;0,0;0,0;0,0;221,1;1651,13;Food Lover
C001654;Cliente 1654;48,0;2916,64;Guayaquil;Premium;22373,6;0,0;3;0,0;0,0;0,0;0,0;0,0;0,0;0,0;0,0;0,0;0,0;0,0;0,0;Sin Consumo
C001655;Cliente 1655;48,0;1085,39;Guayaquil;Mass;2909,06;0,0;1;0,0;0,0;0,0;0,0;0,0;0,0;0,0;0,0;0,0;0,0;0,0;0,0;Sin Consumo
C001656;Cliente 1656;66,0;942,15;Quito;Mass;4002,84;0,0;1;0,0;0,0;0,0;0,0;0,0;0,0;0,0;0,0;0,0;0,0;0,0;0,0;Sin Consumo
C001657;Cliente 1657;22,0;970,58;Quito;Joven;4126,0;2300,0;3;0,0;0,0;0,0;0,0;61,0;0,0;0,0;17,35;37,19;14,77;0,0;130,31;General Shopper
C001658;Cliente 1658;39,0;743,63;Quito;Mass;1719,2399999999998;1500,0;2;0,0;0,0;193,72;0,0;0,0;0,0;0,0;12,55;355,04;0,0;0,0;561,3100000000001;General Shopper
C001659;Cliente 1659;39,0;611,23;Loja;Mass;28450,87;1400,0;3;0,0;7,62;0,0;11,5;0,0;0,0;0,0;0,0;82,09;0,0;6,33;107,54;General Shopper
C001660;Cliente 1660;53,0;667,98;Guayaquil;Mass;785,52;0,0;1;0,0;0,0;0,0;0,0;0,0;0,0;0,0;0,0;0,0;0,0;0,0;0,0;Sin Consumo
C001661;Cliente 1661;48,0;3493,3;Loja;Pyme;13302,95;9900,0;2;0,0;0,0;133,23;974,77;619,23;0,0;0,0;296,15999999999997;0,0;222,21;617,77;2863,37;General Shopper
C001662;Cliente 1662;30,0;877,66;Quito;Mass;20406,19;0,0;1;0,0;0,0;0,0;0,0;0,0;0,0;0,0;0,0;0,0;0,0;0,0;0,0;Sin Consumo
C001663;Cliente 1663;33,0;3135,17;Quito;Premium;74806,78;0,0;2;0,0;0,0;0,0;0,0;0,0;0,0;0,0;0,0;0,0;0,0;0,0;0,0;Sin Consumo
C001664;Cliente 1664;42,0;606,05;Cuenca;Mass;2312,45;1400,0;2;0,0;160,46;0,0;20,9;0,0;0,0;0,0;76,94;0,0;0,0;48,2;306,5;General Shopper
C001665;Cliente 1665;30,0;790,1;Ambato;Mass;816,83;0,0;1;0,0;0,0;0,0;0,0;0,0;0,0;0,0;0,0;0,0;0,0;0,0;0,0;Sin Consumo
C001666;Cliente 1666;32,0;5118,06;Guayaquil;Premium;52541,45;9300,0;4;0,0;0,0;334,69;207,5;0,0;0,0;272,97;0,0;288,8;0,0;0,0;1103,96;General Shopper
C001667;Cliente 1667;31,0;1590,19;Quito;Mass;30368,440000000002;2300,0;4;0,0;56,77;0,0;0,0;0,0;0,0;0,0;0,0;307,92;778,87;34,41;1177,97;Tech Lover
C001668;Cliente 1668;32,0;3138,46;Quito;Affluent;3019,43;3600,0;2;226,71;305,17;0,0;0,0;0,0;0,0;0,0;367,14000000000004;70,13;81,67;0,0;1050,8200000000002;General Shopper
C001669;Cliente 1669;62,0;877,15;Quito;Mass;5217,8;2300,0;2;0,0;24,87;291,03000000000003;7,34;94,39;0,0;0,0;0,0;121,65;14,63;98,6;652,51;General Shopper
C001670;Cliente 1670;28,0;4861,33;Quito;Premium;59596,42;12600,0;3;412,47;932,06;0,0;1187,67;0,0;0,0;750,9;0,0;0,0;0,0;842,2;4125,3;General Shopper
C001671;Cliente 1671;37,0;1267,11;Guayaquil;Mass;46036,93;3300,0;3;0,0;25,15;265,96999999999997;45,32;153,06;0,0;0,0;0,0;0,0;0,0;0,0;489,49999999999994;Food Lover
C001672;Cliente 1672;28,0;2221,26;Quito;Affluent;15807,91;3900,0;3;0,0;0,0;974,7399999999999;0,0;0,0;0,0;0,0;0,0;58,71;0,0;81,06;1114,5099999999998;Food Lover
C001673;Cliente 1673;44,0;1021,82;Guayaquil;Mass;1454,4;3100,0;2;0,0;0,0;26,04;72,56;0,0;0,0;0,0;0,0;0,0;225,42000000000002;0,0;324,02;Tech Lover
C001674;Cliente 1674;36,0;2362,21;Cuenca;Pyme;92260,09999999999;5100,0;2;0,0;183,68;348,61;368,07;0,0;0,0;0,0;0,0;0,0;0,0;111,01;1011,3700000000001;General Shopper
C001675;Cliente 1675;58,0;1297,91;Guayaquil;Mass;113121,1;0,0;2;0,0;0,0;0,0;0,0;0,0;0,0;0,0;0,0;0,0;0,0;0,0;0,0;Sin Consumo
C001676;Cliente 1676;43,0;566,8;Guayaquil;Mass;23860,76;600,0;3;0,0;19,55;16,43;123,78;122,97999999999999;0,0;17,64;0,0;0,0;28,31;42,96;371,65;General Shopper
C001677;Cliente 1677;21,0;558,59;Quito;Joven;294,04;900,0;1;0,0;138,35;16,06;101,2;0,0;0,0;82,89;0,0;88,04;145,18;0,0;571,72;General Shopper
C001678;Cliente 1678;37,0;829,32;Cuenca;Mass;26587,469999999998;2000,0;2;0,0;78,77000000000001;156,20999999999998;0,0;0,0;0,0;0,0;77,34;63,85;0,0;84,4;460,56999999999994;General Shopper
C001679;Cliente 1679;38,0;460,52;Loja;Mass;101839,68000000001;0,0;2;0,0;0,0;0,0;0,0;0,0;0,0;0,0;0,0;0,0;0,0;0,0;0,0;Sin Consumo
C001680;Cliente 1680;46,0;4316,87;Quito;Premium;23727,510000000002;9900,0;2;585,27;0,0;260,13;0,0;0,0;0,0;256,21;0,0;765,64;0,0;0,0;1867,25;General Shopper
C001681;Cliente 1681;45,0;2216,71;Guayaquil;Affluent;70375,94;4100,0;2;23,57;0,0;337,12;0,0;0,0;0,0;0,0;0,0;195,3;0,0;0,0;555,99;Food Lover
C001682;Cliente 1682;49,0;666,87;Quito;Joven;27435,72;900,0;3;19,66;0,0;0,0;0,0;0,0;0,0;0,0;0,0;27,34;188,7;54,01;289,71;Tech Lover
C001683;Cliente 1683;49,0;1646,2;Guayaquil;Affluent;14990,58;1900,0;2;0,0;61,71;21,14;23,01;172,14;0,0;487,83;32,83;0,0;336,06;112,44;1247,16;General Shopper
C001684;Cliente 1684;43,0;1174,02;Guayaquil;Mass;49148,78;3100,0;3;33,65;0,0;53,53;50,24;0,0;0,0;0,0;112,51;91,09;529,16;95,75;965,9300000000001;Tech Lover
C001685;Cliente 1685;49,0;1023,74;Desconocida;Mass;49154,759999999995;2200,0;2;0,0;42,36;179,6;24,31;40,84;0,0;112,44000000000001;0,0;0,0;183,98;128,9;712,43;General Shopper
C001686;Cliente 1686;18,0;891,58;Quito;Mass;47747,53999999999;2100,0;3;38,06;90,13;0,0;0,0;0,0;0,0;67,2;0,0;76,38;0,0;0,0;271,77;General Shopper
C001687;Cliente 1687;19,0;414,75;Quito;Joven;2970,1;500,0;2;0,0;0,0;0,0;0,0;0,0;0,0;0,0;66,72;11,68;13,71;0,0;92,11000000000001;Streaming Lover
C001688;Cliente 1688;43,0;515,76;Cuenca;Mass;-15,489999999999995;500,0;2;15,56;107,15;0,0;0,0;45,17;0,0;0,0;0,0;109,19999999999999;21,96;0,0;299,04;General Shopper
C001689;Cliente 1689;46,0;2154,15;Guayaquil;Affluent;6891,84;0,0;1;0,0;0,0;0,0;0,0;0,0;0,0;0,0;0,0;0,0;0,0;0,0;0,0;Sin Consumo
C001690;Cliente 1690;31,0;998,85;Guayaquil;Mass;107395,03;2500,0;4;0,0;0,0;0,0;0,0;0,0;0,0;75,03;0,0;25,33;55,96;0,0;156,32;General Shopper
C001691;Cliente 1691;29,0;1625,04;Quito;Affluent;18504,469999999998;0,0;2;0,0;0,0;0,0;0,0;0,0;0,0;0,0;0,0;0,0;0,0;0,0;0,0;Sin Consumo
C001692;Cliente 1692;23,0;559,7;Guayaquil;Mass;5850,18;900,0;3;0,0;0,0;31,029999999999998;0,0;38,64;0,0;0,0;0,0;359,39;60,18;68,72999999999999;557,9699999999999;General Shopper
C001693;Cliente 1693;48,0;1905,81;Quito;Affluent;89548,08;2400,0;2;35,7;0,0;0,0;0,0;0,0;0,0;138,13;0,0;125,80000000000001;0,0;0,0;299,63;General Shopper
C001694;Cliente 1694;23,0;1452,77;Manta;Mass;50168,32000000001;2100,0;3;0,0;692,4000000000001;0,0;106,22;0,0;0,0;69,8;79,85;0,0;0,0;325,12;1273,39;General Shopper
C001695;Cliente 1695;55,0;937,84;Guayaquil;Joven;498,07;1000,0;1;0,0;148,41;0,0;0,0;0,0;0,0;42,42;0,0;139,81;141,41;105,89;577,9399999999999;General Shopper
C001696;Cliente 1696;32,0;592,94;Quito;Joven;98642,65;1500,0;4;0,0;32,92;0,0;0,0;0,0;0,0;0,0;272,73;40,81;106,03;0,0;452,49;Streaming Lover
C001697;Cliente 1697;24,0;843,4;Guayaquil;Mass;1197,5;0,0;1;0,0;0,0;0,0;0,0;0,0;0,0;0,0;0,0;0,0;0,0;0,0;0,0;Sin Consumo
C001698;Cliente 1698;43,0;2614,0;Loja;Affluent;4473,22;6000,0;2;0,0;0,0;935,88;257,09;65,93;0,0;195,99;288,77;87,45;485,6;0,0;2316,71;General Shopper
C001699;Cliente 1699;24,0;5861,34;Quito;Premium;107064,31000000001;0,0;2;0,0;0,0;0,0;0,0;0,0;0,0;0,0;0,0;0,0;0,0;0,0;0,0;Sin Consumo
C001700;Cliente 1700;33,0;2933,08;Manta;Pyme;372,76;3500,0;1;198,25;0,0;0,0;841,9799999999999;0,0;0,0;46,81;0,0;0,0;0,0;0,0;1087,04;General Shopper
C001701;Cliente 1701;39,0;650,35;Manta;Mass;1875,74;1000,0;2;26,76;0,0;91,22999999999999;0,0;51,4;0,0;252,57;0,0;181,54;0,0;63,86;667,36;General Shopper
C001702;Cliente 1702;35,0;2437,35;Quito;Affluent;138441,58;5500,0;3;97,89;0,0;0,0;0,0;0,0;0,0;114,97;520,37;184,96;0,0;590,13;1508,3200000000002;General Shopper
C001703;Cliente 1703;34,0;3762,88;Manta;Premium;69157,82;0,0;2;0,0;0,0;0,0;0,0;0,0;0,0;0,0;0,0;0,0;0,0;0,0;0,0;Sin Consumo
C001704;Cliente 1704;32,0;643,83;Quito;Mass;73176,61;0,0;1;0,0;0,0;0,0;0,0;0,0;0,0;0,0;0,0;0,0;0,0;0,0;0,0;Sin Consumo
C001705;Cliente 1705;29,0;731,92;Quito;Mass;0,0;1800,0;1;19,96;12,62;0,0;200,79000000000002;10,37;0,0;110,78;0,0;123,22;0,0;0,0;477,74;General Shopper
C001706;Cliente 1706;66,0;2178,44;Cuenca;Affluent;106083,62;0,0;2;0,0;0,0;0,0;0,0;0,0;0,0;0,0;0,0;0,0;0,0;0,0;0,0;Sin Consumo
C001707;Cliente 1707;42,0;897,74;Quito;Joven;1062,82;0,0;1;0,0;0,0;0,0;0,0;0,0;0,0;0,0;0,0;0,0;0,0;0,0;0,0;Sin Consumo
C001708;Cliente 1708;32,0;1202,49;Guayaquil;Mass;50698,97;0,0;2;0,0;0,0;0,0;0,0;0,0;0,0;0,0;0,0;0,0;0,0;0,0;0,0;Sin Consumo
C001709;Cliente 1709;48,0;1165,92;Ambato;Mass;23130,36;3300,0;2;0,0;39,2;0,0;64,2;0,0;0,0;0,0;0,0;149,93;46,57;69,54;369,44000000000005;General Shopper
C001710;Cliente 1710;37,0;1053,11;Quito;Mass;11035,34;2300,0;2;0,0;115,11;191,38;0,0;0,0;0,0;0,0;96,25;96,68;58,08;0,0;557,5;General Shopper
C001711;Cliente 1711;36,0;3569,95;Loja;Premium;21289,739999999998;7100,0;2;0,0;0,0;273,21;348,09;402,64;0,0;0,0;396,20000000000005;314,58;0,0;697,69;2432,41;General Shopper
C001712;Cliente 1712;23,0;2896,76;Guayaquil;Premium;39378,07;6600,0;3;0,0;0,0;16,55;879,27;401,12;0,0;0,0;149,01;111,81;441,57;896,36;2895,69;General Shopper
C001713;Cliente 1713;27,0;5406,7;Guayaquil;Premium;48915,33;12300,0;3;2138,05;0,0;1023,96;403,1;271,81;0,0;0,0;0,0;347,86;385,65;826,85;5397,280000000001;General Shopper
C001714;Cliente 1714;46,0;851,86;Ambato;Mass;5371,8099999999995;2100,0;2;0,0;134,71;0,0;0,0;97,52000000000001;0,0;0,0;0,0;0,0;102,34;0,0;334,57000000000005;General Shopper
C001715;Cliente 1715;36,0;790,28;Quito;Mass;3029,49;1000,0;2;0,0;0,0;31,36;111,06;51,44;0,0;42,86;204,44;102,35;179,93;0,0;723,44;General Shopper
C001716;Cliente 1716;51,0;590,73;Guayaquil;Mass;22399,899999999998;1600,0;2;14,63;0,0;0,0;34,79;0,0;0,0;0,0;0,0;74,04;0,0;5,67;129,13;General Shopper
C001717;Cliente 1717;32,0;8806,3;Guayaquil;Premium;43535,78;14600,0;3;0,0;370,46;360,1;117,54;80,09;0,0;0,0;1364,8000000000002;0,0;0,0;289,09;2582,0800000000004;Streaming Lover
C001718;Cliente 1718;42,0;662,2;Cuenca;Mass;10028,91;1300,0;2;0,0;138,0;85,57000000000001;0,0;0,0;0,0;0,0;170,55;55,0;198,09;51,08;698,2900000000001;General Shopper
C001719;Cliente 1719;50,0;766,95;Quito;Joven;2393,85;2000,0;2;90,85000000000001;91,47;28,37;14,11;0,0;0,0;0,0;53,74;48,33;108,87;162,1;597,84;General Shopper
C001720;Cliente 1720;29,0;1420,52;Manta;Mass;5404,26;0,0;1;0,0;0,0;0,0;0,0;0,0;0,0;0,0;0,0;0,0;0,0;0,0;0,0;Sin Consumo
C001721;Cliente 1721;48,0;7234,76;Quito;Premium;46922,39;15800,0;3;0,0;0,0;0,0;0,0;724,98;0,0;0,0;1170,43;0,0;0,0;0,0;1895,41;Streaming Lover
C001722;Cliente 1722;18,0;683,18;Quito;Mass;106095,1;1000,0;3;0,0;288,1;41,47;0,0;0,0;0,0;0,0;51,7;33,94;0,0;94,04;509,25000000000006;General Shopper
C001723;Cliente 1723;42,0;1085,37;Guayaquil;Mass;4994,860000000001;2700,0;2;283,06;54,7;34,04;0,0;150,71;0,0;108,65;0,0;0,0;25,83;16,76;673,7500000000001;General Shopper
C001724;Cliente 1724;26,0;1025,83;Quito;Mass;85700,92;2000,0;3;0,0;14,07;0,0;0,0;0,0;0,0;0,0;0,0;273,92;24,87;120,4;433,26;General Shopper
C001725;Cliente 1725;49,0;1048,5;Quito;Mass;65599,6;2900,0;2;0,0;0,0;105,33;25,03;363,81;0,0;25,74;0,0;132,43;0,0;27,74;680,08;General Shopper
C001726;Cliente 1726;37,0;828,19;Ambato;Mass;6627,74;2300,0;3;17,39;0,0;58,79;0,0;0,0;0,0;0,0;0,0;517,53;37,66;0,0;631,37;General Shopper
C001727;Cliente 1727;22,0;882,05;Cuenca;Mass;51451,189999999995;1700,0;3;25,81;0,0;0,0;69,66;125,74;0,0;0,0;323,01;24,2;0,0;0,0;568,42;Streaming Lover
C001728;Cliente 1728;58,0;794,96;Manta;Mass;106551,90000000001;1200,0;3;0,0;96,33;53,61;0,0;0,0;0,0;0,0;235,07;43,12;0,0;0,0;428,13;Streaming Lover
C001729;Cliente 1729;44,0;2800,95;Quito;Affluent;21588,989999999998;0,0;2;0,0;0,0;0,0;0,0;0,0;0,0;0,0;0,0;0,0;0,0;0,0;0,0;Sin Consumo
C001730;Cliente 1730;47,0;578,08;Quito;Mass;42181,11;600,0;2;87,79;47,81;0,0;0,0;33,51;0,0;0,0;280,92;0,0;0,0;0,0;450,03000000000003;Streaming Lover
C001731;Cliente 1731;34,0;2847,29;Cuenca;Premium;9677,43;6400,0;2;0,0;0,0;849,84;73,58;0,0;0,0;627,71;0,0;91,73;0,0;249,68;1892,5400000000002;General Shopper
C001732;Cliente 1732;32,0;798,34;Cuenca;Mass;24801,62;0,0;1;0,0;0,0;0,0;0,0;0,0;0,0;0,0;0,0;0,0;0,0;0,0;0,0;Sin Consumo
C001733;Cliente 1733;27,0;6102,53;Quito;Premium;76774,0;10200,0;4;0,0;0,0;514,51;583,18;0,0;0,0;0,0;0,0;0,0;0,0;965,6;2063,29;General Shopper
C001734;Cliente 1734;43,0;1477,21;Quito;Pyme;25844,730000000003;3500,0;2;0,0;0,0;66,09;157,43;0,0;0,0;0,0;0,0;0,0;0,0;1037,44;1260,96;Travel Lover
C001735;Cliente 1735;47,0;593,18;Quito;Mass;378,59;0,0;1;0,0;0,0;0,0;0,0;0,0;0,0;0,0;0,0;0,0;0,0;0,0;0,0;Sin Consumo
C001736;Cliente 1736;41,0;2162,86;Ambato;Mass;58089,98;3600,0;2;0,0;0,0;566,22;0,0;0,0;0,0;0,0;394,49;278,87;0,0;0,0;1239,58;General Shopper
C001737;Cliente 1737;18,0;6709,71;Guayaquil;Premium;89502,45999999999;15400,0;3;0,0;384,26;494,26;0,0;0,0;0,0;761,79;131,25;437,25;254,89;1376,3400000000001;3840,04;General Shopper
C001738;Cliente 1738;35,0;718,84;Desconocida;Joven;64691,6;1800,0;3;0,0;82,7;119,00999999999999;215,22;29,19;0,0;0,0;14,68;23,07;27,5;67,95;579,32;General Shopper
C001739;Cliente 1739;30,0;1389,25;Manta;Pyme;81682,9;0,0;2;0,0;0,0;0,0;0,0;0,0;0,0;0,0;0,0;0,0;0,0;0,0;0,0;Sin Consumo
C001740;Cliente 1740;32,0;4960,06;Quito;Premium;27614,760000000002;10000,0;2;0,0;0,0;0,0;0,0;784,53;0,0;0,0;345,46;254,55;173,44;0,0;1557,98;General Shopper
C001741;Cliente 1741;39,0;2398,95;Cuenca;Pyme;4711,68;2500,0;2;0,0;0,0;0,0;262,05;0,0;0,0;181,76;215,71;1011,02;0,0;0,0;1670,54;General Shopper
C001742;Cliente 1742;59,0;1071,82;Quito;Joven;379,42;1700,0;1;0,0;0,0;0,0;0,0;89,29;0,0;0,0;99,49;56,66;68,35;127,44;441,22999999999996;General Shopper
C001743;Cliente 1743;36,0;2405,61;Quito;Pyme;114796,97;0,0;2;0,0;0,0;0,0;0,0;0,0;0,0;0,0;0,0;0,0;0,0;0,0;0,0;Sin Consumo
C001744;Cliente 1744;26,0;892,33;Cuenca;Joven;15291,2;1300,0;3;0,0;38,64;0,0;0,0;0,0;0,0;0,0;20,91;35,33;45,74;0,0;140,62;General Shopper
C001745;Cliente 1745;46,0;602,81;Quito;Mass;258,38;700,0;1;35,629999999999995;57,89;14,32;0,0;0,0;0,0;30,88;0,0;58,89999999999999;28,01;9,22;234,85;General Shopper
C001746;Cliente 1746;49,0;1281,44;Manta;Pyme;8675,82;2500,0;2;53,27;0,0;253,53;174,69;0,0;0,0;0,0;247,89;0,0;0,0;0,0;729,38;General Shopper
C001747;Cliente 1747;34,0;1244,5;Guayaquil;Mass;706,26;2000,0;1;24,53;29,66;0,0;0,0;0,0;0,0;192,43;274,96;99,07;20,24;0,0;640,8900000000001;General Shopper
C001748;Cliente 1748;40,0;527,84;Quito;Mass;1623,21;0,0;1;0,0;0,0;0,0;0,0;0,0;0,0;0,0;0,0;0,0;0,0;0,0;0,0;Sin Consumo
C001749;Cliente 1749;46,0;2540,07;Quito;Affluent;17394,03;6200,0;3;185,6;0,0;49,66;0,0;0,0;0,0;0,0;0,0;67,2;196,11;0,0;498,57;General Shopper
C001750;Cliente 1750;46,0;615,37;Cuenca;Mass;49654,74;1800,0;2;26,24;57,61;43,349999999999994;176,6;84,33;0,0;0,0;59,05;0,0;5,0;17,98;470,15999999999997;General Shopper
C001751;Cliente 1751;27,0;5392,29;Loja;Premium;14425,01;0,0;1;0,0;0,0;0,0;0,0;0,0;0,0;0,0;0,0;0,0;0,0;0,0;0,0;Sin Consumo
C001752;Cliente 1752;43,0;2353,4;Guayaquil;Pyme;1037,87;5200,0;1;0,0;76,72;666,38;0,0;0,0;0,0;69,05;99,97;128,67;39,48;0,0;1080,27;Food Lover
C001753;Cliente 1753;27,0;3898,7;Guayaquil;Premium;-100,0;0,0;1;0,0;0,0;0,0;0,0;0,0;0,0;0,0;0,0;0,0;0,0;0,0;0,0;Sin Consumo
C001754;Cliente 1754;41,0;646,46;Guayaquil;Mass;12813,13;1700,0;2;32,29;93,91;153,72;0,0;26,78;0,0;0,0;0,0;217,13;27,55;125,86;677,2399999999999;General Shopper
C001755;Cliente 1755;46,0;2462,35;Loja;Mass;99169,4;4800,0;4;220,76;240,27;52,69;9,52;558,88;0,0;0,0;0,0;335,96000000000004;134,98;0,0;1553,06;General Shopper
C001756;Cliente 1756;30,0;1468,03;Quito;Mass;33477,09;0,0;1;0,0;0,0;0,0;0,0;0,0;0,0;0,0;0,0;0,0;0,0;0,0;0,0;Sin Consumo
C001757;Cliente 1757;62,0;3420,5;Quito;Pyme;48403,65;0,0;3;0,0;0,0;0,0;0,0;0,0;0,0;0,0;0,0;0,0;0,0;0,0;0,0;Sin Consumo
C001758;Cliente 1758;35,0;3670,94;Quito;Affluent;76958,39;3800,0;4;0,0;791,67;0,0;0,0;312,79;0,0;145,43;165,06;0,0;0,0;619,14;2034,0899999999997;General Shopper
C001759;Cliente 1759;33,0;3047,98;Cuenca;Pyme;37526,92;4300,0;3;69,22;0,0;302,47;0,0;0,0;0,0;0,0;0,0;0,0;0,0;1309,96;1681,65;Travel Lover
C001760;Cliente 1760;41,0;4465,65;Quito;Affluent;11328,85;6900,0;2;0,0;1109,9;0,0;0,0;0,0;0,0;0,0;0,0;0,0;1554,26;178,65;2842,81;Tech Lover
C001761;Cliente 1761;45,0;710,39;Guayaquil;Mass;144,95;1200,0;1;18,76;56,41;0,0;0,0;0,0;0,0;10,06;51,61;71,47999999999999;13,8;65,81;287,93;General Shopper
C001762;Cliente 1762;51,0;887,19;Quito;Mass;28464,67;2500,0;3;0,0;0,0;0,0;0,0;19,25;0,0;25,69;101,45;59,51;0,0;174,85;380,75;General Shopper
C001763;Cliente 1763;18,0;3464,76;Guayaquil;Pyme;58788,100000000006;8600,0;3;58,31;869,34;96,95;128,92;0,0;0,0;16,6;110,93;122,6;338,96;257,78;2000,39;General Shopper
C001764;Cliente 1764;37,0;1408,61;Ambato;Mass;5568,11;0,0;1;0,0;0,0;0,0;0,0;0,0;0,0;0,0;0,0;0,0;0,0;0,0;0,0;Sin Consumo
C001765;Cliente 1765;18,0;1912,95;Guayaquil;Mass;12519,07;0,0;2;0,0;0,0;0,0;0,0;0,0;0,0;0,0;0,0;0,0;0,0;0,0;0,0;Sin Consumo
C001766;Cliente 1766;70,0;877,84;Manta;Mass;73061,90000000001;1100,0;2;0,0;250,92;0,0;0,0;0,0;0,0;0,0;30,04;44,709999999999994;0,0;262,69;588,3599999999999;General Shopper
C001767;Cliente 1767;43,0;2688,47;Guayaquil;Pyme;102465,23999999999;6400,0;2;45,95;74,33;0,0;0,0;0,0;0,0;0,0;0,0;0,0;379,10999999999996;944,99;1444,38;Travel Lover
C001768;Cliente 1768;37,0;871,36;Quito;Mass;141464,47;1700,0;3;0,0;0,0;86,26;0,0;0,0;0,0;0,0;313,23;0,0;126,18;253,54;779,21;General Shopper
C001769;Cliente 1769;43,0;5077,58;Ambato;Premium;38538,96;14300,0;3;0,0;450,0;283,95;1129,8700000000001;0,0;0,0;0,0;720,9;0,0;2494,87;2689,91;7769,5;General Shopper
C001770;Cliente 1770;53,0;2449,09;Guayaquil;Affluent;148050,1;4300,0;4;105,09;0,0;167,22;0,0;0,0;0,0;0,0;139,19;318,63;0,0;0,0;730,13;General Shopper
C001771;Cliente 1771;44,0;858,05;Quito;Joven;4396,29;2500,0;2;20,83;0,0;0,0;0,0;25,33;0,0;71,57;0,0;140,62;113,84;0,0;372,18999999999994;General Shopper
C001772;Cliente 1772;48,0;997,34;Guayaquil;Mass;118829,25;2000,0;4;8,4;100,71;10,18;122,52000000000001;0,0;0,0;72,7;0,0;0,0;0,0;0,0;314,51;General Shopper
C001773;Cliente 1773;74,0;3214,41;Desconocida;Affluent;76234,03;6800,0;3;0,0;465,62;65,08;73,69;0,0;0,0;0,0;446,98;0,0;0,0;0,0;1051,37;General Shopper
C001774;Cliente 1774;43,0;1543,99;Cuenca;Affluent;1507,9099999999999;1900,0;2;24,28;0,0;351,26;83,23;97,02;0,0;87,96;100,76;687,9;191,98;155,83;1780,2199999999998;General Shopper
C001775;Cliente 1775;43,0;4433,01;Cuenca;Premium;17319,52;6900,0;2;0,0;83,77;0,0;918,96;0,0;0,0;336,13;1451,22;288,33;632,3100000000001;0,0;3710,72;General Shopper
C001776;Cliente 1776;26,0;660,7;Manta;Mass;20825,83;900,0;2;0,0;0,0;70,71;210,26999999999998;46,52;0,0;7,94;50,25;15,0;0,0;0,0;400,68999999999994;General Shopper
C001777;Cliente 1777;57,0;793,43;Loja;Mass;14858,03;0,0;1;0,0;0,0;0,0;0,0;0,0;0,0;0,0;0,0;0,0;0,0;0,0;0,0;Sin Consumo
C001778;Cliente 1778;29,0;785,63;Quito;Mass;605,26;1400,0;1;0,0;100,1;90,29;0,0;68,12;0,0;92,12;61,32;306,71000000000004;0,0;16,86;735,52;General Shopper
C001779;Cliente 1779;21,0;2197,43;Quito;Affluent;25755,56;4300,0;2;268,07;557,26;137,16;0,0;0,0;0,0;406,43;368,28000000000003;0,0;0,0;144,54;1881,7399999999998;General Shopper
C001780;Cliente 1780;51,0;3527,59;Quito;Affluent;5472,719999999999;7100,0;2;0,0;642,52;303,02;270,82;429,13;0,0;988,12;519,55;144,82;0,0;0,0;3297,9799999999996;General Shopper
C001781;Cliente 1781;50,0;2507,99;Guayaquil;Premium;27253,75;5600,0;4;0,0;951,28;65,68;339,87;166,49;0,0;0,0;0,0;504,8;103,00999999999999;0,0;2131,13;General Shopper
C001782;Cliente 1782;50,0;3131,3;Loja;Premium;39296,84;6000,0;3;324,15;448,81;195,47;185,61;0,0;0,0;0,0;0,0;957,4399999999999;0,0;0,0;2111,48;General Shopper
C001783;Cliente 1783;41,0;1221,0;Guayaquil;Mass;6406,8;1700,0;2;0,0;123,38;0,0;208,08;0,0;0,0;0,0;167,45999999999998;185,35999999999999;35,74;201,29999999999998;921,3199999999999;General Shopper
C001784;Cliente 1784;18,0;583,21;Guayaquil;Mass;103145,29;900,0;2;0,0;35,52;0,0;44,64;17,49;0,0;0,0;48,68;0,0;0,0;23,56;169,89;General Shopper
C001785;Cliente 1785;34,0;1097,42;Cuenca;Affluent;7780,7;0,0;2;0,0;0,0;0,0;0,0;0,0;0,0;0,0;0,0;0,0;0,0;0,0;0,0;Sin Consumo
C001786;Cliente 1786;51,0;1495,64;Quito;Affluent;11819,94;1800,0;2;175,27;139,67;0,0;0,0;183,16;0,0;57,91;0,0;0,0;0,0;0,0;556,01;General Shopper
C001787;Cliente 1787;59,0;2503,38;Guayaquil;Pyme;29662,6;3300,0;2;0,0;0,0;0,0;0,0;420,14;0,0;673,8;0,0;239,58999999999997;0,0;0,0;1333,53;General Shopper
C001788;Cliente 1788;47,0;762,63;Guayaquil;Mass;1407,69;1200,0;2;0,0;21,76;48,6;0,0;0,0;0,0;0,0;0,0;12,19;0,0;293,77;376,32;Travel Lover
C001789;Cliente 1789;33,0;3692,32;Guayaquil;Premium;44302,53;4500,0;3;0,0;712,65;115,2;0,0;0,0;0,0;0,0;285,27;312,95;0,0;0,0;1426,0700000000002;General Shopper
C001790;Cliente 1790;24,0;2497,89;Manta;Affluent;107100,59999999999;2600,0;3;39,08;0,0;279,95;0,0;226,54;0,0;0,0;150,74;0,0;29,19;0,0;725,5;General Shopper
C001791;Cliente 1791;40,0;963,79;Quito;Affluent;576,91;2500,0;1;0,0;73,49000000000001;128,88;0,0;0,0;0,0;81,32;116,54;0,0;0,0;167,18;567,4100000000001;General Shopper
C001792;Cliente 1792;21,0;2103,48;Quito;Affluent;72706,13;3400,0;4;0,0;878,53;0,0;0,0;46,66;0,0;0,0;83,23;785,7900000000001;553,03;110,74;2457,9799999999996;General Shopper
C001793;Cliente 1793;44,0;636,16;Guayaquil;Mass;2110,1;700,0;2;39,75;112,44;7,92;127,53;0,0;0,0;23,25;0,0;39,07;0,0;34,3;384,26;General Shopper
C001794;Cliente 1794;19,0;909,85;Cuenca;Mass;7045,43;1600,0;3;14,74;0,0;139,25;0,0;65,94;0,0;0,0;0,0;0,0;0,0;325,02;544,95;Travel Lover
C001795;Cliente 1795;50,0;1151,27;Quito;Mass;4804,21;2900,0;2;0,0;239,34;15,94;0,0;0,0;0,0;0,0;25,08;0,0;305,38;18,39;604,13;Tech Lover
C001796;Cliente 1796;58,0;732,6;Guayaquil;Joven;5465,0599999999995;0,0;2;0,0;0,0;0,0;0,0;0,0;0,0;0,0;0,0;0,0;0,0;0,0;0,0;Sin Consumo
C001797;Cliente 1797;34,0;773,18;Ambato;Mass;4343,03;1100,0;3;0,0;58,31;87,08;21,3;0,0;0,0;0,0;0,0;0,0;27,98;214,48000000000002;409,15;Travel Lover
C001798;Cliente 1798;60,0;692,35;Guayaquil;Joven;2726,02;1200,0;2;0,0;145,91;0,0;0,0;0,0;0,0;0,0;143,39;26,62;82,96;0,0;398,87999999999994;General Shopper
C001799;Cliente 1799;28,0;597,7;Cuenca;Mass;4277,27;0,0;2;0,0;0,0;0,0;0,0;0,0;0,0;0,0;0,0;0,0;0,0;0,0;0,0;Sin Consumo
C001800;Cliente 1800;30,0;988,42;Manta;Mass;15928,31;0,0;1;0,0;0,0;0,0;0,0;0,0;0,0;0,0;0,0;0,0;0,0;0,0;0,0;Sin Consumo
C001801;Cliente 1801;29,0;762,96;Quito;Mass;28353,53;0,0;1;0,0;0,0;0,0;0,0;0,0;0,0;0,0;0,0;0,0;0,0;0,0;0,0;Sin Consumo
C001802;Cliente 1802;42,0;1094,32;Quito;Joven;22933,78;0,0;1;0,0;0,0;0,0;0,0;0,0;0,0;0,0;0,0;0,0;0,0;0,0;0,0;Sin Consumo
C001803;Cliente 1803;20,0;3533,24;Guayaquil;Pyme;107085,88;0,0;3;0,0;0,0;0,0;0,0;0,0;0,0;0,0;0,0;0,0;0,0;0,0;0,0;Sin Consumo
C001804;Cliente 1804;18,0;2547,55;Guayaquil;Affluent;25124,760000000002;6300,0;3;155,51;0,0;0,0;0,0;280,87;0,0;0,0;287,8;0,0;527,04;476,02;1727,24;General Shopper
C001805;Cliente 1805;53,0;1731,55;Guayaquil;Affluent;6300,28;3500,0;2;0,0;67,65;729,29;47,8;98,2;0,0;0,0;109,62;13,75;79,65;0,0;1145,96;Food Lover
C001806;Cliente 1806;45,0;655,98;Guayaquil;Mass;25746,03;0,0;3;0,0;0,0;0,0;0,0;0,0;0,0;0,0;0,0;0,0;0,0;0,0;0,0;Sin Consumo
C001807;Cliente 1807;50,0;854,44;Guayaquil;Mass;44776,85;1400,0;2;0,0;0,0;217,85000000000002;0,0;4,52;0,0;0,0;0,0;75,38;0,0;34,22;331,97;Food Lover
C001808;Cliente 1808;18,0;3833,19;Quito;Premium;34052,61;4400,0;3;0,0;0,0;127,98;0,0;0,0;0,0;514,37;869,3;0,0;455,23;0,0;1966,88;General Shopper
C001809;Cliente 1809;42,0;2295,86;Quito;Affluent;37347,99;5200,0;3;85,36;0,0;0,0;0,0;77,32;0,0;87,45;0,0;0,0;219,91;0,0;470,03999999999996;General Shopper
C001810;Cliente 1810;43,0;1183,72;Guayaquil;Mass;21828,74;3100,0;3;0,0;272,7;202,57;0,0;33,44;0,0;0,0;0,0;34,95;44,96;459,2;1047,82;General Shopper
C001811;Cliente 1811;51,0;1883,3;Loja;Affluent;9297,5;2600,0;2;0,0;73,69;253,46;0,0;0,0;0,0;0,0;0,0;336,03999999999996;0,0;627,66;1290,85;General Shopper
C001812;Cliente 1812;28,0;442,9;Guayaquil;Mass;16377,68;600,0;2;10,98;57,89;0,0;0,0;9,74;0,0;7,26;0,0;0,0;8,48;18,99;113,34;General Shopper
C001813;Cliente 1813;48,0;1172,55;Quito;Joven;459,85;2700,0;2;350,32;0,0;921,75;75,89;57,3;0,0;102,36;0,0;0,0;0,0;40,89;1548,5100000000002;Food Lover
C001814;Cliente 1814;24,0;615,89;Manta;Mass;1298,58;1000,0;2;24,01;110,15;70,4;45,9;0,0;0,0;510,25;38,17;232,59;4,41;0,0;1035,88;General Shopper
C001815;Cliente 1815;45,0;4682,68;Guayaquil;Premium;99585,16;0,0;3;0,0;0,0;0,0;0,0;0,0;0,0;0,0;0,0;0,0;0,0;0,0;0,0;Sin Consumo
C001816;Cliente 1816;47,0;4787,17;Ambato;Premium;21087,08;5500,0;2;224,36;0,0;0,0;76,81;420,45;0,0;0,0;0,0;454,59000000000003;0,0;0,0;1176,21;General Shopper
C001817;Cliente 1817;45,0;781,86;Guayaquil;Mass;12679,42;1900,0;2;0,0;0,0;51,39;28,85;79,26;0,0;0,0;0,0;102,54;77,18;135,34;474,56000000000006;General Shopper
C001818;Cliente 1818;44,0;716,61;Guayaquil;Mass;270,76;2100,0;1;0,0;0,0;0,0;0,0;0,0;0,0;0,0;122,44;13,17;113,71000000000001;148,11;397,43;General Shopper
C001819;Cliente 1819;47,0;932,49;Quito;Mass;34611,78;0,0;2;0,0;0,0;0,0;0,0;0,0;0,0;0,0;0,0;0,0;0,0;0,0;0,0;Sin Consumo
C001820;Cliente 1820;37,0;1935,72;Quito;Pyme;127259,42;5100,0;4;96,75;0,0;137,57;0,0;179,1;0,0;0,0;268,63;106,67;58,75;0,0;847,47;General Shopper
C001821;Cliente 1821;40,0;3537,27;Cuenca;Pyme;111154,67;0,0;2;0,0;0,0;0,0;0,0;0,0;0,0;0,0;0,0;0,0;0,0;0,0;0,0;Sin Consumo
C001822;Cliente 1822;19,0;927,32;Cuenca;Mass;20698,190000000002;1500,0;2;0,0;0,0;23,14;0,0;0,0;0,0;56,51;0,0;0,0;180,65;0,0;260,3;Tech Lover
C001823;Cliente 1823;45,0;492,02;Guayaquil;Joven;3463,56;1000,0;2;0,0;12,25;6,36;0,0;0,0;0,0;76,67;70,74000000000001;0,0;76,7;0,0;242,72000000000003;General Shopper
C001824;Cliente 1824;18,0;1315,82;Quito;Affluent;136283,32;2000,0;3;117,94999999999999;0,0;154,19;121,72;123,06;0,0;192,43;142,14;0,0;0,0;0,0;851,49;General Shopper
C001825;Cliente 1825;48,0;1057,63;Manta;Mass;21671,91;0,0;1;0,0;0,0;0,0;0,0;0,0;0,0;0,0;0,0;0,0;0,0;0,0;0,0;Sin Consumo
C001826;Cliente 1826;50,0;2470,87;Guayaquil;Affluent;60840,520000000004;3400,0;3;186,5;0,0;90,39;512,64;0,0;0,0;0,0;69,99;0,0;325,01;50,96;1235,49;General Shopper
C001827;Cliente 1827;46,0;1911,0;Desconocida;Pyme;96107,67;4500,0;3;117,24;40,3;275,4;0,0;0,0;0,0;0,0;186,65;132,36;0,0;41,61;793,56;General Shopper
C001828;Cliente 1828;36,0;819,32;Cuenca;Mass;1297,03;2300,0;1;0,0;20,95;173,63;0,0;33,49;0,0;156,96;520,15;0,0;150,96;11,15;1067,2900000000002;General Shopper
C001829;Cliente 1829;30,0;845,8;Manta;Mass;3282,78;2100,0;2;54,300000000000004;0,0;20,53;250,85;154,84;0,0;65,1;105,4;324,34000000000003;0,0;0,0;975,3600000000001;General Shopper
C001830;Cliente 1830;29,0;1387,32;Quito;Mass;3516,56;4100,0;2;479,83;152,9;156,68;126,93;0,0;0,0;0,0;148,58;0,0;0,0;127,46;1192,38;General Shopper
C001831;Cliente 1831;33,0;531,3;Guayaquil;Joven;28556,77;600,0;3;0,0;0,0;21,19;0,0;0,0;0,0;0,0;104,52;0,0;152,75;4,92;283,38;Tech Lover
C001832;Cliente 1832;47,0;951,19;Quito;Mass;110109,02;1600,0;2;0,0;0,0;105,72999999999999;0,0;0,0;0,0;0,0;0,0;17,28;0,0;0,0;123,00999999999999;Food Lover
C001833;Cliente 1833;22,0;6267,12;Guayaquil;Pyme;48380,84;0,0;2;0,0;0,0;0,0;0,0;0,0;0,0;0,0;0,0;0,0;0,0;0,0;0,0;Sin Consumo
C001834;Cliente 1834;40,0;2512,63;Quito;Pyme;44186,33;7500,0;4;0,0;436,95;18,96;44,92;0,0;0,0;0,0;89,28;44,01;45,82;0,0;679,94;General Shopper
C001835;Cliente 1835;19,0;517,08;Quito;Mass;28091,66;0,0;2;0,0;0,0;0,0;0,0;0,0;0,0;0,0;0,0;0,0;0,0;0,0;0,0;Sin Consumo
C001836;Cliente 1836;40,0;1810,83;Cuenca;Affluent;1744,1;3500,0;1;38,62;0,0;0,0;0,0;0,0;0,0;0,0;59,44;163,42;112,56;0,0;374,03999999999996;General Shopper
C001837;Cliente 1837;32,0;3113,53;Guayaquil;Pyme;18843,829999999998;3900,0;3;0,0;0,0;273,8;125,75;0,0;0,0;0,0;55,1;542,95;619,04;1223,29;2839,9300000000003;General Shopper
C001838;Cliente 1838;30,0;705,01;Guayaquil;Mass;19042,93;1000,0;3;96,72;0,0;90,81;63,31;89,0;0,0;0,0;0,0;0,0;48,86;80,81;469,51000000000005;General Shopper
C001839;Cliente 1839;48,0;1661,06;Manta;Mass;619,8;1700,0;1;251,97;129,79;68,10000000000001;163,02;0,0;0,0;134,24;0,0;128,0;164,16;25,64;1064,92;General Shopper
C001840;Cliente 1840;28,0;798,04;Guayaquil;Mass;86015,81;2400,0;3;22,32;0,0;0,0;0,0;0,0;0,0;22,25;0,0;0,0;186,66;68,97999999999999;300,21;Tech Lover
C001841;Cliente 1841;32,0;1004,26;Guayaquil;Mass;370,0;1600,0;1;38,29;0,0;125,00999999999999;139,09;0,0;0,0;183,93;0,0;325,88;0,0;0,0;812,2;General Shopper
C001842;Cliente 1842;18,0;989,25;Quito;Mass;8050,12;2900,0;3;0,0;0,0;0,0;384,77;0,0;0,0;193,81;0,0;39,03;0,0;68,0;685,61;General Shopper
C001843;Cliente 1843;40,0;755,57;Quito;Joven;140008,19;0,0;1;0,0;0,0;0,0;0,0;0,0;0,0;0,0;0,0;0,0;0,0;0,0;0,0;Sin Consumo
C001844;Cliente 1844;55,0;3045,11;Guayaquil;Affluent;120226,13;6100,0;3;0,0;615,43;475,21;295,25;157,97;0,0;325,06;0,0;355,93999999999994;0,0;187,31;2412,1699999999996;General Shopper
C001845;Cliente 1845;18,0;1235,47;Quito;Mass;65423,049999999996;0,0;3;0,0;0,0;0,0;0,0;0,0;0,0;0,0;0,0;0,0;0,0;0,0;0,0;Sin Consumo
C001846;Cliente 1846;50,0;829,13;Ambato;Mass;8487,75;1200,0;3;103,81;0,0;0,0;0,0;4,95;0,0;122,67999999999999;30,01;63,4;0,0;0,0;324,85;General Shopper
C001847;Cliente 1847;45,0;3650,34;Quito;Premium;20581,420000000002;10900,0;2;0,0;535,53;0,0;373,55;230,32;0,0;0,0;141,96;0,0;0,0;79,38;1360,7399999999998;General Shopper
C001848;Cliente 1848;46,0;3037,26;Guayaquil;Premium;117456,16;8200,0;3;0,0;648,12;1244,97;0,0;0,0;0,0;0,0;252,23;1156,6;65,67;0,0;3367,59;General Shopper
C001849;Cliente 1849;34,0;529,01;Loja;Mass;19900,79;600,0;3;43,4;59,339999999999996;5,76;0,0;0,0;0,0;0,0;0,0;20,73;6,2;86,96000000000001;222,39;General Shopper
C001850;Cliente 1850;61,0;627,38;Guayaquil;Mass;92868,71;0,0;3;0,0;0,0;0,0;0,0;0,0;0,0;0,0;0,0;0,0;0,0;0,0;0,0;Sin Consumo
C001851;Cliente 1851;45,0;2529,15;Quito;Affluent;31629,570000000003;4500,0;3;137,33;22,79;312,24;0,0;0,0;0,0;90,42;0,0;505,42;350,18;0,0;1418,38;General Shopper
C001852;Cliente 1852;41,0;2706,31;Quito;Pyme;21921,5;0,0;1;0,0;0,0;0,0;0,0;0,0;0,0;0,0;0,0;0,0;0,0;0,0;0,0;Sin Consumo
C001853;Cliente 1853;38,0;556,68;Guayaquil;Mass;23055,32;0,0;2;0,0;0,0;0,0;0,0;0,0;0,0;0,0;0,0;0,0;0,0;0,0;0,0;Sin Consumo
C001854;Cliente 1854;36,0;4009,66;Manta;Pyme;9400,85;10500,0;2;0,0;1083,04;127,71;135,99;55,01;0,0;0,0;356,92;579,77;0,0;1456,77;3795,21;General Shopper
C001855;Cliente 1855;33,0;763,54;Quito;Joven;12982,88;1500,0;3;0,0;0,0;0,0;87,6;0,0;0,0;0,0;15,25;71,25;0,0;185,79;359,89;Travel Lover
C001856;Cliente 1856;19,0;1061,78;Ambato;Mass;28620,440000000002;0,0;2;0,0;0,0;0,0;0,0;0,0;0,0;0,0;0,0;0,0;0,0;0,0;0,0;Sin Consumo
C001857;Cliente 1857;44,0;888,12;Guayaquil;Mass;24505,329999999998;0,0;2;0,0;0,0;0,0;0,0;0,0;0,0;0,0;0,0;0,0;0,0;0,0;0,0;Sin Consumo
C001858;Cliente 1858;24,0;2390,24;Quito;Mass;33065,91;3200,0;4;0,0;283,31;0,0;269,88;68,75;0,0;0,0;113,97;301,02;98,69;0,0;1135,6200000000001;General Shopper
C001859;Cliente 1859;28,0;659,51;Cuenca;Mass;1465,5900000000001;1600,0;2;0,0;98,16;30,95;37,36;0,0;0,0;0,0;108,65;146,99;0,0;0,0;422,11;General Shopper
C001860;Cliente 1860;31,0;682,75;Quito;Mass;4411,95;1900,0;2;0,0;279,0;120,51;0,0;0,0;0,0;115,53;38,4;34,12;0,0;71,69;659,25;General Shopper
C001861;Cliente 1861;41,0;1924,51;Cuenca;Affluent;21857,37;4500,0;4;76,05;0,0;224,03;0,0;118,35;0,0;0,0;64,7;564,16;0,0;69,27;1116,56;General Shopper
C001862;Cliente 1862;64,0;681,23;Ambato;Joven;4850,14;1800,0;3;0,0;16,5;35,69;0,0;50,79;0,0;73,18;13,86;0,0;0,0;17,35;207,36999999999998;General Shopper
C001863;Cliente 1863;72,0;557,23;Quito;Joven;94327,82;0,0;1;0,0;0,0;0,0;0,0;0,0;0,0;0,0;0,0;0,0;0,0;0,0;0,0;Sin Consumo
C001864;Cliente 1864;43,0;3643,47;Ambato;Premium;32885,03;0,0;2;0,0;0,0;0,0;0,0;0,0;0,0;0,0;0,0;0,0;0,0;0,0;0,0;Sin Consumo
C001865;Cliente 1865;30,0;2813,92;Guayaquil;Affluent;86956,31000000001;4400,0;4;324,79999999999995;0,0;158,39;192,2;183,42;0,0;0,0;0,0;907,81;752,6;175,63;2694,85;General Shopper
C001866;Cliente 1866;42,0;1648,48;Quito;Affluent;-77,14;2300,0;2;0,0;0,0;630,47;0,0;143,05;0,0;0,0;187,17;116,09;0,0;0,0;1076,78;Food Lover
C001867;Cliente 1867;40,0;587,81;Guayaquil;Joven;248,32;700,0;1;0,0;49,25;0,0;0,0;0,0;0,0;0,0;0,0;29,68;162,93;0,0;241,86;Tech Lover
C001868;Cliente 1868;40,0;1605,3;Guayaquil;Mass;1429,14;4600,0;1;24,58;247,36;117,5;92,7;59,78;0,0;497,58;130,56;0,0;66,7;0,0;1236,76;General Shopper
C001869;Cliente 1869;40,0;4413,31;Guayaquil;Premium;15766,859999999999;8200,0;3;1218,73;0,0;434,03999999999996;0,0;0,0;0,0;0,0;46,88;251,94;287,26;588,29;2827,14;General Shopper
C001870;Cliente 1870;20,0;2595,35;Loja;Affluent;62583,55;6000,0;4;391,64;0,0;186,65;407,90999999999997;99,66;0,0;483,63;0,0;84,81;144,79;68,8;1867,8899999999996;General Shopper
C001871;Cliente 1871;45,0;1392,55;Cuenca;Affluent;28119,5;3900,0;4;0,0;0,0;0,0;0,0;0,0;0,0;103,84;0,0;97,05;0,0;168,42000000000002;369,31;General Shopper
C001872;Cliente 1872;44,0;992,05;Ambato;Mass;163,26;1000,0;1;0,0;29,65;0,0;0,0;23,81;0,0;53,18;455,02;168,1;263,45;0,0;993,21;General Shopper
C001873;Cliente 1873;47,0;2115,24;Guayaquil;Affluent;10438,48;3500,0;2;0,0;0,0;231,68;296,92;0,0;0,0;0,0;136,01;0,0;0,0;0,0;664,61;General Shopper
C001874;Cliente 1874;64,0;780,14;Manta;Joven;2419,54;1200,0;2;0,0;288,61;19,34;218,42;0,0;0,0;0,0;265,41999999999996;0,0;0,0;35,55;827,3399999999999;General Shopper
C001875;Cliente 1875;39,0;2801,77;Quito;Affluent;22567,360000000004;3600,0;4;0,0;0,0;0,0;0,0;76,71;0,0;0,0;535,46;0,0;0,0;0,0;612,1700000000001;Streaming Lover
C001876;Cliente 1876;37,0;761,95;Guayaquil;Mass;30269,69;0,0;1;0,0;0,0;0,0;0,0;0,0;0,0;0,0;0,0;0,0;0,0;0,0;0,0;Sin Consumo
C001877;Cliente 1877;41,0;8297,84;Guayaquil;Pyme;116193,19;0,0;3;0,0;0,0;0,0;0,0;0,0;0,0;0,0;0,0;0,0;0,0;0,0;0,0;Sin Consumo
C001878;Cliente 1878;63,0;1667,96;Manta;Mass;1091,14;2000,0;1;54,65;32,32;0,0;0,0;0,0;0,0;125,55;270,38;0,0;810,54;0,0;1293,44;Tech Lover
C001879;Cliente 1879;39,0;1401,53;Loja;Mass;15645,38;2000,0;2;0,0;0,0;628,1899999999999;0,0;38,18;0,0;55,4;0,0;32,22;0,0;225,35;979,3399999999999;Food Lover
C001880;Cliente 1880;36,0;690,97;Quito;Mass;6955,81;0,0;1;0,0;0,0;0,0;0,0;0,0;0,0;0,0;0,0;0,0;0,0;0,0;0,0;Sin Consumo
C001881;Cliente 1881;62,0;4609,84;Loja;Pyme;17585,08;0,0;1;0,0;0,0;0,0;0,0;0,0;0,0;0,0;0,0;0,0;0,0;0,0;0,0;Sin Consumo
C001882;Cliente 1882;33,0;572,49;Cuenca;Mass;9110,64;1200,0;3;10,63;53,8;10,26;26,5;0,0;0,0;29,19;58,76;9,21;0,0;33,18;231,53;General Shopper
C001883;Cliente 1883;34,0;488,28;Manta;Mass;113053,06;0,0;1;0,0;0,0;0,0;0,0;0,0;0,0;0,0;0,0;0,0;0,0;0,0;0,0;Sin Consumo
C001884;Cliente 1884;20,0;3923,69;Guayaquil;Pyme;122555,70999999999;4100,0;3;108,27;291,32;308,74;707,27;0,0;0,0;0,0;611,05;2478,0699999999997;0,0;0,0;4504,719999999999;General Shopper
C001885;Cliente 1885;41,0;829,99;Manta;Joven;72628,12999999999;2000,0;3;0,0;170,66;79,12;0,0;33,69;0,0;78,53;51,96;0,0;0,0;184,07999999999998;598,04;General Shopper
C001886;Cliente 1886;56,0;1266,6;Guayaquil;Mass;905,59;2600,0;2;0,0;0,0;450,18;57,47;249,26;0,0;0,0;36,35;0,0;464,45;260,07;1517,78;General Shopper
C001887;Cliente 1887;45,0;1419,54;Quito;Mass;11899,869999999999;0,0;2;0,0;0,0;0,0;0,0;0,0;0,0;0,0;0,0;0,0;0,0;0,0;0,0;Sin Consumo
C001888;Cliente 1888;31,0;431,91;Quito;Joven;842,22;800,0;2;0,0;63,05;43,13;12,7;0,0;0,0;0,0;53,39;34,29;43,49;10,68;260,73;General Shopper
C001889;Cliente 1889;23,0;1637,06;Quito;Mass;229,56;0,0;1;0,0;0,0;0,0;0,0;0,0;0,0;0,0;0,0;0,0;0,0;0,0;0,0;Sin Consumo
C001890;Cliente 1890;38,0;3170,54;Guayaquil;Premium;131343,91;7200,0;3;0,0;0,0;0,0;197,61;213,76;0,0;0,0;242,43;0,0;0,0;219,53;873,3299999999999;General Shopper
C001891;Cliente 1891;34,0;5249,95;Quito;Premium;91600,59;7300,0;3;85,95;0,0;1175,62;61,94;277,8;0,0;0,0;81,78;0,0;677,87;1967,9899999999998;4328,95;General Shopper
C001892;Cliente 1892;45,0;350,0;Quito;Mass;6035,3099999999995;500,0;3;37,66;0,0;0,0;0,0;71,43;0,0;0,0;15,65;119,94;0,0;0,0;244,68;General Shopper
C001893;Cliente 1893;41,0;1117,13;Loja;Mass;4248,4;0,0;2;0,0;0,0;0,0;0,0;0,0;0,0;0,0;0,0;0,0;0,0;0,0;0,0;Sin Consumo
C001894;Cliente 1894;53,0;1805,25;Quito;Affluent;4088,8599999999997;4000,0;2;317,97;0,0;149,11;0,0;114,72;0,0;443,38;0,0;127,5;0,0;0,0;1152,68;General Shopper
C001895;Cliente 1895;33,0;1999,43;Manta;Premium;102477,68000000001;5900,0;2;166,37;384,65999999999997;726,12;47,03;0,0;0,0;209,1;290,36;94,99;93,86;0,0;2012,4899999999998;General Shopper
C001896;Cliente 1896;49,0;1054,59;Manta;Mass;85308,75;2500,0;4;0,0;57,35;146,78;0,0;0,0;0,0;0,0;0,0;73,87;0,0;0,0;278,0;Food Lover
C001897;Cliente 1897;42,0;1372,11;Quito;Affluent;29854,37;3800,0;3;0,0;0,0;0,0;0,0;177,61;0,0;0,0;0,0;429,89;0,0;44,15;651,65;General Shopper
C001898;Cliente 1898;47,0;1417,26;Cuenca;Mass;1382,44;2700,0;1;38,68;27,22;374,18;201,91000000000003;0,0;0,0;97,29;0,0;187,76;0,0;87,67;1014,7099999999999;General Shopper
C001899;Cliente 1899;32,0;945,16;Guayaquil;Mass;22704,01;1800,0;2;0,0;0,0;24,68;0,0;55,37;0,0;0,0;6,12;136,88;175,37;144,37;542,79;General Shopper
C001900;Cliente 1900;30,0;945,68;Guayaquil;Mass;24471,3;1900,0;2;0,0;62,46;163,67;0,0;0,0;0,0;0,0;0,0;0,0;199,23000000000002;39,87;465,23;General Shopper
C001901;Cliente 1901;67,0;4831,38;Cuenca;Premium;603,96;8700,0;1;462,94;261,22;1020,46;0,0;0,0;0,0;1498,59;481,95;1245,98;1054,27;0,0;6025,41;General Shopper
C001902;Cliente 1902;34,0;1895,62;Guayaquil;Affluent;142537,6;1900,0;2;180,03;0,0;142,29000000000002;0,0;125,39;0,0;99,22;0,0;378,24;0,0;0,0;925,1700000000001;General Shopper
C001903;Cliente 1903;30,0;2202,31;Cuenca;Affluent;13410,77;3900,0;3;60,24;0,0;113,38;0,0;0,0;0,0;0,0;169,96;150,79;0,0;0,0;494,37;General Shopper
C001904;Cliente 1904;33,0;722,77;Guayaquil;Mass;23394,94;0,0;2;0,0;0,0;0,0;0,0;0,0;0,0;0,0;0,0;0,0;0,0;0,0;0,0;Sin Consumo
C001905;Cliente 1905;37,0;2954,87;Guayaquil;Affluent;77565,95999999999;6200,0;4;0,0;203,56;1205,1100000000001;224,87;0,0;0,0;112,5;53,73;354,20000000000005;135,48;0,0;2289,4500000000003;Food Lover
C001906;Cliente 1906;22,0;1077,1;Manta;Affluent;7977,91;3000,0;2;0,0;0,0;100,52;73,51;77,66;0,0;122,84;98,6;72,61;141,26;0,0;687,0;General Shopper
C001907;Cliente 1907;32,0;434,63;Manta;Joven;21022,56;500,0;2;71,5;0,0;48,43;0,0;0,0;0,0;29,66;0,0;0,0;0,0;14,18;163,77;General Shopper
C001908;Cliente 1908;50,0;1109,08;Quito;Mass;2658,59;2700,0;2;0,0;62,3;0,0;0,0;69,89;0,0;37,75;0,0;195,52;61,58;0,0;427,04;General Shopper
C001909;Cliente 1909;37,0;2385,58;Guayaquil;Affluent;37387,83;0,0;4;0,0;0,0;0,0;0,0;0,0;0,0;0,0;0,0;0,0;0,0;0,0;0,0;Sin Consumo
C001910;Cliente 1910;61,0;4154,87;Quito;Premium;122653,57999999999;6600,0;4;398,62;0,0;128,37;496,76;0,0;0,0;0,0;0,0;343,95;0,0;324,2;1691,9;General Shopper
C001911;Cliente 1911;38,0;4813,46;Quito;Premium;5287,3;13600,0;1;0,0;161,6;820,67;364,47;492,45;0,0;722,49;0,0;770,23;0,0;0,0;3331,91;General Shopper
C001912;Cliente 1912;35,0;718,03;Quito;Mass;19709,41;0,0;2;0,0;0,0;0,0;0,0;0,0;0,0;0,0;0,0;0,0;0,0;0,0;0,0;Sin Consumo
C001913;Cliente 1913;18,0;528,08;Guayaquil;Joven;37794,950000000004;600,0;3;0,0;0,0;43,949999999999996;102,1;25,56;0,0;0,0;0,0;60,74;0,0;53,010000000000005;285,35999999999996;General Shopper
C001914;Cliente 1914;39,0;922,92;Guayaquil;Mass;542,35;1400,0;1;0,0;0,0;0,0;0,0;18,94;0,0;0,0;27,26;92,02;0,0;15,99;154,21;General Shopper
C001915;Cliente 1915;64,0;4633,9;Quito;Premium;83993,92;5400,0;3;494,87;0,0;191,49;147,16;0,0;0,0;152,19;808,09;595,48;469,97;222,35;3081,6;General Shopper
C001916;Cliente 1916;45,0;756,48;Quito;Joven;2823,71;1100,0;2;0,0;147,84;121,9;73,02000000000001;36,7;0,0;133,9;20,74;0,0;0,0;0,0;534,1;General Shopper
C001917;Cliente 1917;41,0;16177,54;Manta;Premium;43190,24;29300,0;2;0,0;461,91;0,0;0,0;0,0;0,0;0,0;430,18;511,48;4641,87;0,0;6045,4400000000005;Tech Lover
C001918;Cliente 1918;44,0;1318,0;Desconocida;Affluent;18740,96;3000,0;3;23,31;38,87;177,96;48,17;41,26;0,0;0,0;0,0;426,85;236,13;69,28;1061,8300000000002;General Shopper
C001919;Cliente 1919;57,0;3404,62;Cuenca;Pyme;86963,5;9200,0;4;0,0;234,4;944,14;0,0;138,57;0,0;443,31000000000006;223,26;86,38;0,0;71,16;2141,22;General Shopper
C001920;Cliente 1920;39,0;1632,76;Guayaquil;Mass;6085,08;0,0;2;0,0;0,0;0,0;0,0;0,0;0,0;0,0;0,0;0,0;0,0;0,0;0,0;Sin Consumo
C001921;Cliente 1921;23,0;665,21;Guayaquil;Mass;46535,15;1300,0;3;0,0;0,0;124,53;0,0;177,15;0,0;0,0;306,96;0,0;0,0;0,0;608,64;Streaming Lover
C001922;Cliente 1922;51,0;698,89;Guayaquil;Mass;22002,36;0,0;4;0,0;0,0;0,0;0,0;0,0;0,0;0,0;0,0;0,0;0,0;0,0;0,0;Sin Consumo
C001923;Cliente 1923;39,0;1319,34;Cuenca;Joven;81713,70999999999;3000,0;2;0,0;168,29;261,27;0,0;111,9;0,0;0,0;0,0;0,0;0,0;28,39;569,8499999999999;General Shopper
C001924;Cliente 1924;25,0;379,74;Ambato;Joven;17822,88;0,0;1;0,0;0,0;0,0;0,0;0,0;0,0;0,0;0,0;0,0;0,0;0,0;0,0;Sin Consumo
C001925;Cliente 1925;25,0;5764,11;Cuenca;Premium;112481,22;0,0;2;0,0;0,0;0,0;0,0;0,0;0,0;0,0;0,0;0,0;0,0;0,0;0,0;Sin Consumo
C001926;Cliente 1926;36,0;1028,86;Cuenca;Joven;4884,25;2300,0;3;0,0;34,99;30,92;18,23;46,15;0,0;0,0;0,0;451,99;0,0;0,0;582,28;General Shopper
C001927;Cliente 1927;34,0;1414,32;Ambato;Mass;94780,78;4000,0;4;0,0;59,54;0,0;0,0;32,38;0,0;0,0;0,0;83,5;28,8;825,54;1029,76;Travel Lover
C001928;Cliente 1928;41,0;847,45;Cuenca;Mass;86229,35;1500,0;2;221,25000000000003;0,0;89,46000000000001;44,61;0,0;0,0;71,24;0,0;92,9;0,0;49,0;568,46;General Shopper
C001929;Cliente 1929;18,0;427,16;Guayaquil;Joven;0,0;0,0;1;0,0;0,0;0,0;0,0;0,0;0,0;0,0;0,0;0,0;0,0;0,0;0,0;Sin Consumo
C001930;Cliente 1930;53,0;915,69;Guayaquil;Mass;97545,04000000001;2100,0;2;0,0;104,8;426,43;0,0;0,0;0,0;194,16;26,24;110,85;0,0;55,67;918,15;General Shopper
C001931;Cliente 1931;27,0;650,2;Guayaquil;Mass;5876,5199999999995;800,0;3;0,0;0,0;38,59;28,63;0,0;0,0;46,32;38,13;76,39;0,0;52,44;280,5;General Shopper
C001932;Cliente 1932;44,0;6990,24;Quito;Premium;118035,57;17100,0;3;92,8;2224,38;752,71;0,0;0,0;0,0;3021,8;476,53;769,8399999999999;593,59;1204,3200000000002;9135,970000000001;General Shopper
C001933;Cliente 1933;36,0;887,42;Loja;Mass;94572,42000000001;1800,0;2;37,45;0,0;0,0;217,01;51,59;0,0;231,85000000000002;23,87;153,28;229,39;32,51;976,9499999999999;General Shopper
C001934;Cliente 1934;25,0;702,23;Quito;Mass;346,09;1900,0;1;0,0;0,0;23,81;0,0;0,0;0,0;26,5;46,55;15,86;0,0;0,0;112,72;General Shopper
C001935;Cliente 1935;18,0;889,13;Cuenca;Mass;20622,379999999997;0,0;2;0,0;0,0;0,0;0,0;0,0;0,0;0,0;0,0;0,0;0,0;0,0;0,0;Sin Consumo
C001936;Cliente 1936;22,0;3801,2;Quito;Premium;56193,44;7200,0;4;757,84;510,98;54,8;122,55;315,78;0,0;150,06;0,0;0,0;0,0;283,39;2195,4;General Shopper
C001937;Cliente 1937;45,0;678,24;Cuenca;Mass;23972,27;800,0;3;0,0;0,0;0,0;96,97;0,0;0,0;0,0;0,0;103,82;0,0;47,349999999999994;248,14;General Shopper
C001938;Cliente 1938;35,0;616,42;Guayaquil;Mass;2763,42;0,0;2;0,0;0,0;0,0;0,0;0,0;0,0;0,0;0,0;0,0;0,0;0,0;0,0;Sin Consumo
C001939;Cliente 1939;18,0;616,4;Guayaquil;Mass;421,57;1500,0;2;0,0;84,19;53,73;61,92;0,0;0,0;5,26;13,79;160,67;0,0;0,0;379,55999999999995;General Shopper
C001940;Cliente 1940;30,0;526,18;Quito;Mass;4495,21;1400,0;2;41,53;0,0;43,31;0,0;0,0;0,0;0,0;0,0;63,68;0,0;0,0;148,52;General Shopper
C001941;Cliente 1941;42,0;984,08;Guayaquil;Joven;53618,12;1800,0;4;163,43;100,93;6,57;32,25;27,66;0,0;123,74000000000001;0,0;0,0;0,0;0,0;454,58000000000004;General Shopper
C001942;Cliente 1942;61,0;3357,44;Manta;Mass;32175,57;0,0;2;0,0;0,0;0,0;0,0;0,0;0,0;0,0;0,0;0,0;0,0;0,0;0,0;Sin Consumo
C001943;Cliente 1943;33,0;1920,72;Guayaquil;Pyme;94829,87;0,0;2;0,0;0,0;0,0;0,0;0,0;0,0;0,0;0,0;0,0;0,0;0,0;0,0;Sin Consumo
C001944;Cliente 1944;37,0;1281,13;Desconocida;Mass;7976,35;2400,0;3;0,0;0,0;179,57;0,0;191,26000000000002;0,0;0,0;132,44;0,0;117,15;155,59;776,0100000000001;General Shopper
C001945;Cliente 1945;22,0;1244,89;Quito;Mass;4082,63;2800,0;2;24,14;37,22;121,51;0,0;67,94;0,0;188,15;0,0;91,1;0,0;0,0;530,0600000000001;General Shopper
C001946;Cliente 1946;40,0;3059,94;Ambato;Affluent;124821,83;0,0;1;0,0;0,0;0,0;0,0;0,0;0,0;0,0;0,0;0,0;0,0;0,0;0,0;Sin Consumo
C001947;Cliente 1947;30,0;1204,19;Guayaquil;Mass;6209,6;0,0;1;0,0;0,0;0,0;0,0;0,0;0,0;0,0;0,0;0,0;0,0;0,0;0,0;Sin Consumo
C001948;Cliente 1948;43,0;432,69;Quito;Joven;1212,07;1200,0;2;36,64;7,72;0,0;0,0;5,44;0,0;57,05;0,0;74,58;21,66;22,11;225,2;General Shopper
C001949;Cliente 1949;33,0;582,27;Quito;Mass;2722,88;600,0;3;0,0;76,25999999999999;100,55;148,56;0,0;0,0;0,0;0,0;0,0;0,0;323,83;649,2;General Shopper
C001950;Cliente 1950;18,0;1139,09;Quito;Mass;2461,12;0,0;2;0,0;0,0;0,0;0,0;0,0;0,0;0,0;0,0;0,0;0,0;0,0;0,0;Sin Consumo
C001951;Cliente 1951;35,0;1236,78;Guayaquil;Mass;7287,41;1500,0;2;0,0;20,95;0,0;91,77;0,0;0,0;35,24;607,63;0,0;0,0;23,4;778,99;Streaming Lover
C001952;Cliente 1952;44,0;2545,81;Guayaquil;Affluent;13430,69;3300,0;2;0,0;0,0;117,24;0,0;0,0;0,0;480,04;353,09000000000003;0,0;125,95;75,7;1152,0200000000002;General Shopper
C001953;Cliente 1953;29,0;1720,58;Guayaquil;Pyme;10853,63;2600,0;2;0,0;436,66999999999996;196,51;50,1;145,6;0,0;63,57;21,95;424,22;292,22;0,0;1630,84;General Shopper
C001954;Cliente 1954;36,0;485,26;Guayaquil;Mass;78294,77;800,0;4;206,83;67,65;39,09;0,0;38,34;0,0;0,0;0,0;37,19;23,4;0,0;412,5;General Shopper
C001955;Cliente 1955;38,0;777,98;Guayaquil;Joven;103587,41;900,0;2;30,61;0,0;12,94;0,0;0,0;0,0;0,0;5,69;400,05;53,71;85,32;588,3199999999999;General Shopper
C001956;Cliente 1956;30,0;919,6;Cuenca;Mass;24503,37;1700,0;2;86,2;0,0;33,15;0,0;27,62;0,0;0,0;81,78999999999999;38,04;548,6800000000001;16,71;832,19;Tech Lover
C001957;Cliente 1957;45,0;928,1;Guayaquil;Mass;7414,67;2400,0;3;270,5;0,0;66,18;0,0;75,67;0,0;0,0;0,0;0,0;0,0;40,33;452,68;General Shopper
C001958;Cliente 1958;37,0;525,11;Quito;Mass;96778,81;0,0;4;0,0;0,0;0,0;0,0;0,0;0,0;0,0;0,0;0,0;0,0;0,0;0,0;Sin Consumo
C001959;Cliente 1959;48,0;799,09;Guayaquil;Mass;18405,93;1800,0;2;43,29;38,3;0,0;0,0;234,53;0,0;22,76;299,4;162,99;0,0;120,47;921,7400000000001;General Shopper
C001960;Cliente 1960;29,0;2811,97;Guayaquil;Affluent;91694,01999999999;3200,0;4;0,0;1392,9499999999998;688,0;0,0;395,47;0,0;0,0;778,96;0,0;201,4;0,0;3456,78;General Shopper
C001961;Cliente 1961;32,0;8640,44;Ambato;Premium;50804,95;0,0;2;0,0;0,0;0,0;0,0;0,0;0,0;0,0;0,0;0,0;0,0;0,0;0,0;Sin Consumo
C001962;Cliente 1962;29,0;841,15;Guayaquil;Mass;25511,68;2100,0;2;0,0;0,0;0,0;0,0;121,34;0,0;0,0;0,0;64,4;0,0;21,25;206,99;General Shopper
C001963;Cliente 1963;32,0;736,51;Guayaquil;Mass;51431,14;1400,0;2;165,89000000000001;0,0;67,6;0,0;0,0;0,0;0,0;48,79;20,76;85,17;0,0;388,21000000000004;General Shopper
C001964;Cliente 1964;39,0;1577,93;Guayaquil;Mass;6036,5;1800,0;3;522,89;0,0;0,0;79,74;0,0;0,0;0,0;98,51;0,0;0,0;32,71;733,85;General Shopper
C001965;Cliente 1965;44,0;3106,87;Quito;Premium;23247,909999999996;8300,0;3;0,0;89,47;935,03;0,0;301,46;0,0;0,0;0,0;293,33;90,47;0,0;1709,76;Food Lover
C001966;Cliente 1966;34,0;3805,86;Guayaquil;Pyme;7142,21;10300,0;1;0,0;0,0;891,08;0,0;64,77;0,0;0,0;761,55;1168,56;0,0;482,53;3368,49;General Shopper
C001967;Cliente 1967;30,0;947,49;Ambato;Mass;1811,25;1500,0;2;0,0;0,0;0,0;77,07;27,61;0,0;26,55;50,67;38,95;0,0;0,0;220,85;General Shopper
C001968;Cliente 1968;44,0;1315,13;Quito;Mass;79617,43999999999;1800,0;2;22,1;0,0;119,58000000000001;95,19;0,0;0,0;0,0;176,24;484,13;0,0;52,82;950,0600000000001;General Shopper
C001969;Cliente 1969;31,0;2124,88;Guayaquil;Affluent;99308,15000000001;5000,0;2;0,0;0,0;630,64;0,0;0,0;0,0;0,0;285,85;0,0;0,0;0,0;916,49;Food Lover
C001970;Cliente 1970;41,0;525,36;Guayaquil;Mass;277,99;1000,0;1;0,0;74,35;31,27;19,07;9,24;0,0;16,45;0,0;0,0;241,54;94,99;486,90999999999997;General Shopper
C001971;Cliente 1971;18,0;2343,82;Guayaquil;Affluent;91294,57;5100,0;4;0,0;93,07;274,87;0,0;0,0;0,0;0,0;136,49;454,78000000000003;0,0;692,85;1652,06;General Shopper
C001972;Cliente 1972;54,0;3101,76;Quito;Premium;27974,559999999998;8200,0;3;0,0;205,34;113,58;0,0;189,54;0,0;0,0;97,97;679,05;401,13;0,0;1686,6100000000001;General Shopper
C001973;Cliente 1973;45,0;3880,35;Quito;Premium;62190,09;8700,0;3;102,07;0,0;356,43;112,4;206,14;0,0;0,0;112,89;1210,8;0,0;0,0;2100,73;General Shopper
C001974;Cliente 1974;30,0;1232,16;Cuenca;Mass;15693,55;0,0;2;0,0;0,0;0,0;0,0;0,0;0,0;0,0;0,0;0,0;0,0;0,0;0,0;Sin Consumo
C001975;Cliente 1975;32,0;715,81;Guayaquil;Mass;68982,11;1800,0;3;0,0;0,0;562,5699999999999;0,0;0,0;0,0;30,39;68,87;109,86;46,23;19,42;837,3399999999999;Food Lover
C001976;Cliente 1976;28,0;858,11;Quito;Mass;16825,38;1400,0;2;0,0;30,59;8,41;58,39;64,82;0,0;252,45;0,0;111,39;255,06;61,85;842,9599999999999;General Shopper
C001977;Cliente 1977;47,0;2896,7;Loja;Premium;82324,44;0,0;2;0,0;0,0;0,0;0,0;0,0;0,0;0,0;0,0;0,0;0,0;0,0;0,0;Sin Consumo
C001978;Cliente 1978;43,0;943,0;Guayaquil;Mass;1256,2;2700,0;2;0,0;84,84;0,0;0,0;0,0;0,0;0,0;428,09000000000003;207,64999999999998;22,28;0,0;742,86;Streaming Lover
C001979;Cliente 1979;27,0;3566,31;Manta;Premium;6587,28;5500,0;2;0,0;0,0;29,53;87,63;160,53;0,0;0,0;316,63;114,95;1156,48;0,0;1865,75;Tech Lover
C001980;Cliente 1980;38,0;985,92;Desconocida;Mass;689,21;0,0;1;0,0;0,0;0,0;0,0;0,0;0,0;0,0;0,0;0,0;0,0;0,0;0,0;Sin Consumo
C001981;Cliente 1981;36,0;2676,62;Cuenca;Mass;3929,68;3600,0;2;87,06;61,84;270,15999999999997;0,0;0,0;0,0;193,94;0,0;593,6500000000001;0,0;98,23;1304,88;General Shopper
C001982;Cliente 1982;18,0;578,92;Guayaquil;Mass;83391,59999999999;700,0;4;0,0;27,44;23,17;2,62;0,0;0,0;0,0;0,0;0,0;3,61;0,0;56,84;General Shopper
C001983;Cliente 1983;58,0;822,01;Quito;Joven;5054,59;1200,0;3;0,0;98,15;0,0;25,45;23,95;0,0;70,42;0,0;25,04;122,25999999999999;0,0;365,27;General Shopper
C001984;Cliente 1984;50,0;675,09;Ambato;Mass;3323,41;1900,0;2;0,0;39,06;50,45;104,05;0,0;0,0;0,0;0,0;59,29;37,5;0,0;290,35;General Shopper
C001985;Cliente 1985;29,0;1426,59;Quito;Pyme;1318,83;2300,0;2;0,0;83,62;158,27;0,0;43,83;0,0;0,0;0,0;150,57;0,0;230,87;667,16;General Shopper
C001986;Cliente 1986;30,0;3202,45;Quito;Premium;8668,92;4600,0;2;81,0;101,86;1773,62;192,18;0,0;0,0;634,04;0,0;1028,03;0,0;0,0;3810,7299999999996;General Shopper
C001987;Cliente 1987;18,0;903,4;Quito;Pyme;1456,63;2600,0;1;62,349999999999994;0,0;16,83;0,0;21,45;0,0;20,05;0,0;566,28;0,0;0,0;686,9599999999999;General Shopper
C001988;Cliente 1988;32,0;1944,13;Quito;Affluent;20698,25;5000,0;2;0,0;0,0;354,58000000000004;0,0;0,0;0,0;0,0;0,0;0,0;0,0;208,23000000000002;562,8100000000001;Food Lover
C001989;Cliente 1989;39,0;1414,74;Quito;Mass;138265,81;0,0;1;0,0;0,0;0,0;0,0;0,0;0,0;0,0;0,0;0,0;0,0;0,0;0,0;Sin Consumo
C001990;Cliente 1990;30,0;1306,68;Quito;Affluent;17474,42;3000,0;2;0,0;0,0;254,21;0,0;0,0;0,0;235,22;49,02;52,44;0,0;0,0;590,89;General Shopper
C001991;Cliente 1991;50,0;1568,3;Guayaquil;Mass;16904,57;2600,0;2;57,65;0,0;413,14;0,0;0,0;0,0;467,89;0,0;0,0;0,0;145,15;1083,83;General Shopper
C001992;Cliente 1992;37,0;893,31;Guayaquil;Joven;3240,85;0,0;1;0,0;0,0;0,0;0,0;0,0;0,0;0,0;0,0;0,0;0,0;0,0;0,0;Sin Consumo
C001993;Cliente 1993;25,0;1556,54;Quito;Pyme;16686,79;2600,0;3;26,34;94,49;144,24;93,80000000000001;0,0;0,0;0,0;30,26;82,89;31,88;50,45;554,35;General Shopper
C001994;Cliente 1994;24,0;680,06;Quito;Mass;3805,7799999999997;2000,0;3;0,0;36,89;65,64;0,0;0,0;0,0;18,44;32,94;0,0;0,0;0,0;153,91;General Shopper
C001995;Cliente 1995;54,0;749,89;Loja;Mass;406,04;1600,0;1;143,39999999999998;95,69;74,58;0,0;44,69;0,0;32,48;0,0;136,67000000000002;73,67;0,0;601,18;General Shopper
C001996;Cliente 1996;30,0;758,15;Ambato;Mass;1361,2199999999998;0,0;2;0,0;0,0;0,0;0,0;0,0;0,0;0,0;0,0;0,0;0,0;0,0;0,0;Sin Consumo
C001997;Cliente 1997;39,0;1204,94;Manta;Mass;56724,56;3400,0;2;0,0;235,76;132,87;21,47;0,0;0,0;0,0;123,64;35,95;0,0;0,0;549,69;General Shopper
C001998;Cliente 1998;18,0;820,95;Loja;Mass;75463,66;0,0;2;0,0;0,0;0,0;0,0;0,0;0,0;0,0;0,0;0,0;0,0;0,0;0,0;Sin Consumo
C001999;Cliente 1999;46,0;2835,18;Guayaquil;Affluent;30961,59;0,0;2;0,0;0,0;0,0;0,0;0,0;0,0;0,0;0,0;0,0;0,0;0,0;0,0;Sin Consumo
C002000;Cliente 2000;35,0;597,59;Cuenca;Joven;32987,67;1200,0;3;0,0;0,0;99,78;0,0;0,0;0,0;0,0;23,21;21,01;0,0;0,0;144,0;Food Lover
C002001;Cliente 2001;52,0;2435,69;Quito;Affluent;67765,15;6700,0;3;0,0;360,53999999999996;0,0;0,0;0,0;0,0;0,0;0,0;0,0;0,0;1095,88;1456,42;Travel Lover
C002002;Cliente 2002;28,0;6087,11;Ambato;Premium;29455,99;0,0;2;0,0;0,0;0,0;0,0;0,0;0,0;0,0;0,0;0,0;0,0;0,0;0,0;Sin Consumo
C002003;Cliente 2003;26,0;4172,25;Quito;Affluent;77392,62;0,0;2;0,0;0,0;0,0;0,0;0,0;0,0;0,0;0,0;0,0;0,0;0,0;0,0;Sin Consumo
C002004;Cliente 2004;44,0;1222,08;Cuenca;Pyme;15564,74;0,0;2;0,0;0,0;0,0;0,0;0,0;0,0;0,0;0,0;0,0;0,0;0,0;0,0;Sin Consumo
C002005;Cliente 2005;56,0;612,95;Loja;Mass;104705,17;1200,0;3;0,0;28,28;0,0;0,0;20,62;0,0;0,0;21,2;52,37;57,519999999999996;67,67;247,66000000000003;General Shopper
C002006;Cliente 2006;38,0;2317,6;Loja;Affluent;38180,58;3700,0;2;0,0;364,58000000000004;0,0;0,0;33,85;0,0;0,0;992,97;146,52;491,99;359,19;2389,1;General Shopper
C002007;Cliente 2007;56,0;1308,15;Guayaquil;Mass;2499,76;2300,0;2;0,0;0,0;61,58;0,0;0,0;0,0;55,2;63,82;0,0;0,0;348,62;529,22;Travel Lover
C002008;Cliente 2008;23,0;632,52;Guayaquil;Mass;957,21;800,0;2;199,95;70,4;0,0;0,0;0,0;0,0;0,0;0,0;0,0;0,0;11,52;281,87;General Shopper
C002009;Cliente 2009;28,0;706,71;Quito;Joven;1249,94;0,0;1;0,0;0,0;0,0;0,0;0,0;0,0;0,0;0,0;0,0;0,0;0,0;0,0;Sin Consumo
C002010;Cliente 2010;35,0;4058,22;Ambato;Premium;124553,88;10300,0;4;455,18;81,36;53,88;0,0;0,0;0,0;0,0;129,24;291,38;0,0;140,86;1151,9;General Shopper
C002011;Cliente 2011;37,0;1062,1;Guayaquil;Mass;1533,72;1800,0;2;0,0;20,37;121,13;30,29;0,0;0,0;0,0;0,0;0,0;63,5;0,0;235,29;Food Lover
C002012;Cliente 2012;32,0;2705,32;Guayaquil;Pyme;8252,210000000001;7100,0;2;65,15;115,43;0,0;0,0;0,0;0,0;241,3;0,0;0,0;1096,39;262,29999999999995;1780,57;Tech Lover
C002013;Cliente 2013;18,0;1416,0;Quito;Affluent;17922,85;4100,0;3;38,98;0,0;217,97;0,0;0,0;0,0;72,96;482,83;125,93;0,0;0,0;938,6700000000001;Streaming Lover
C002014;Cliente 2014;39,0;1237,4;Guayaquil;Mass;5537,360000000001;3400,0;2;0,0;18,47;104,83;0,0;0,0;0,0;0,0;0,0;0,0;0,0;84,4;207,7;Food Lover
C002015;Cliente 2015;40,0;1303,58;Guayaquil;Mass;799,48;1600,0;1;63,730000000000004;168,49;0,0;0,0;61,6;0,0;133,0;71,71;384,22;164,33;0,0;1047,08;General Shopper
C002016;Cliente 2016;18,0;1704,99;Manta;Mass;11989,77;4600,0;4;0,0;109,63;153,02;0,0;0,0;0,0;0,0;0,0;67,47;0,0;40,84;370,96000000000004;General Shopper
C002017;Cliente 2017;38,0;2028,5;Quito;Premium;0,0;0,0;1;0,0;0,0;0,0;0,0;0,0;0,0;0,0;0,0;0,0;0,0;0,0;0,0;Sin Consumo
C002018;Cliente 2018;40,0;2238,02;Quito;Affluent;6954,24;2400,0;2;0,0;170,2;127,27;0,0;0,0;0,0;165,84;0,0;0,0;1497,03;93,8;2054,14;Tech Lover
C002019;Cliente 2019;33,0;1943,05;Guayaquil;Affluent;38514,659999999996;5400,0;3;371,84000000000003;0,0;465,72;0,0;293,25;0,0;0,0;0,0;0,0;57,38;361,85;1550,04;General Shopper
C002020;Cliente 2020;45,0;466,57;Quito;Joven;20376,43;1000,0;2;25,04;9,06;62,480000000000004;0,0;0,0;0,0;32,72;0,0;405,93;30,72;0,0;565,95;General Shopper
C002021;Cliente 2021;44,0;1653,92;Quito;Pyme;114220,23;4200,0;3;0,0;0,0;130,17;0,0;0,0;0,0;0,0;123,8;0,0;141,23;0,0;395,19999999999993;General Shopper
C002022;Cliente 2022;56,0;4003,36;Loja;Affluent;41327,25;8700,0;4;0,0;0,0;913,76;0,0;0,0;0,0;0,0;94,64;142,73;299,64;0,0;1450,77;Food Lover
C002023;Cliente 2023;56,0;1432,86;Quito;Mass;89993,58;0,0;1;0,0;0,0;0,0;0,0;0,0;0,0;0,0;0,0;0,0;0,0;0,0;0,0;Sin Consumo
C002024;Cliente 2024;18,0;3386,47;Guayaquil;Premium;83613,2;5400,0;2;271,76;87,63;0,0;517,39;0,0;0,0;376,3;0,0;0,0;280,59;277,01;1810,6799999999998;General Shopper
C002025;Cliente 2025;40,0;1181,41;Guayaquil;Mass;125299,58;2800,0;2;33,74;0,0;0,0;134,77;22,32;0,0;0,0;0,0;0,0;44,19;53,04;288,06;General Shopper
C002026;Cliente 2026;39,0;915,32;Ambato;Affluent;63074,62;0,0;2;0,0;0,0;0,0;0,0;0,0;0,0;0,0;0,0;0,0;0,0;0,0;0,0;Sin Consumo
C002027;Cliente 2027;47,0;593,76;Quito;Mass;64505,62;1100,0;2;8,83;0,0;0,0;78,79;0,0;0,0;27,13;13,27;171,81;98,02;0,0;397,85;General Shopper
C002028;Cliente 2028;33,0;2927,9;Manta;Pyme;87498,06;0,0;1;0,0;0,0;0,0;0,0;0,0;0,0;0,0;0,0;0,0;0,0;0,0;0,0;Sin Consumo
C002029;Cliente 2029;39,0;3354,15;Guayaquil;Pyme;55399,82;0,0;2;0,0;0,0;0,0;0,0;0,0;0,0;0,0;0,0;0,0;0,0;0,0;0,0;Sin Consumo
C002030;Cliente 2030;52,0;387,28;Guayaquil;Joven;1646,07;800,0;2;26,87;7,81;13,33;0,0;0,0;0,0;8,68;0,0;0,0;139,69;0,0;196,38;Tech Lover
C002031;Cliente 2031;36,0;379,7;Manta;Joven;974,61;0,0;2;0,0;0,0;0,0;0,0;0,0;0,0;0,0;0,0;0,0;0,0;0,0;0,0;Sin Consumo
C002032;Cliente 2032;33,0;5783,32;Cuenca;Premium;38431,11;7700,0;3;0,0;0,0;415,42;0,0;0,0;0,0;0,0;0,0;199,39;0,0;1171,02;1785,83;Travel Lover
C002033;Cliente 2033;49,0;2126,53;Quito;Affluent;87744,03;0,0;2;0,0;0,0;0,0;0,0;0,0;0,0;0,0;0,0;0,0;0,0;0,0;0,0;Sin Consumo
C002034;Cliente 2034;18,0;1396,32;Guayaquil;Affluent;26652,22;3400,0;3;0,0;178,83;108,43;0,0;0,0;0,0;0,0;0,0;0,0;65,86;0,0;353,12;General Shopper
C002035;Cliente 2035;37,0;1615,87;Cuenca;Mass;2818,5;0,0;1;0,0;0,0;0,0;0,0;0,0;0,0;0,0;0,0;0,0;0,0;0,0;0,0;Sin Consumo
C002036;Cliente 2036;58,0;688,95;Guayaquil;Joven;4470,9400000000005;1200,0;3;50,58;0,0;0,0;0,0;0,0;0,0;23,16;0,0;60,18;0,0;0,0;133,92000000000002;General Shopper
C002037;Cliente 2037;49,0;852,66;Guayaquil;Mass;17772,87;2400,0;2;0,0;158,0;410,0;45,28;42,56;0,0;79,94999999999999;25,88;27,03;36,85;20,69;846,24;General Shopper
C002038;Cliente 2038;20,0;3149,04;Guayaquil;Affluent;15839,78;6600,0;2;0,0;231,87;140,32;0,0;0,0;0,0;0,0;354,29;94,46;128,23;0,0;949,1700000000001;General Shopper
C002039;Cliente 2039;61,0;895,27;Guayaquil;Mass;10027,14;2500,0;3;0,0;0,0;0,0;0,0;0,0;0,0;0,0;71,58;5,34;38,32;15,28;130,52;Streaming Lover
C002040;Cliente 2040;36,0;1609,32;Manta;Pyme;18850,010000000002;4300,0;3;125,94;0,0;98,83;126,33;0,0;0,0;0,0;36,35;0,0;0,0;48,2;435,65000000000003;General Shopper
C002041;Cliente 2041;34,0;4633,0;Quito;Premium;56171,31999999999;12500,0;4;314,24;187,52;603,41;0,0;0,0;0,0;119,5;0,0;0,0;0,0;0,0;1224,67;General Shopper
C002042;Cliente 2042;30,0;1935,52;Guayaquil;Pyme;2212,9;0,0;1;0,0;0,0;0,0;0,0;0,0;0,0;0,0;0,0;0,0;0,0;0,0;0,0;Sin Consumo
C002043;Cliente 2043;54,0;691,95;Loja;Joven;23763,96;0,0;3;0,0;0,0;0,0;0,0;0,0;0,0;0,0;0,0;0,0;0,0;0,0;0,0;Sin Consumo
C002044;Cliente 2044;60,0;853,26;Cuenca;Mass;382,43;1400,0;1;216,85;151,07;0,0;0,0;21,43;0,0;0,0;107,91;0,0;24,56;17,62;539,4399999999999;General Shopper
C002045;Cliente 2045;43,0;1318,1;Quito;Mass;6526,43;1500,0;3;66,06;0,0;207,03;134,23;39,43;0,0;0,0;54,36;87,37;65,47;318,28;972,23;General Shopper
C002046;Cliente 2046;39,0;1958,4;Guayaquil;Affluent;80831,72;0,0;3;0,0;0,0;0,0;0,0;0,0;0,0;0,0;0,0;0,0;0,0;0,0;0,0;Sin Consumo
C002047;Cliente 2047;40,0;4961,24;Guayaquil;Premium;100078,25;13700,0;4;0,0;68,35;330,5;1128,25;488,73;0,0;0,0;0,0;537,57;1190,78;0,0;3744,1800000000003;General Shopper
C002048;Cliente 2048;42,0;4451,47;Desconocida;Premium;34481,6;11100,0;3;375,12;22,0;0,0;243,26;655,8;0,0;0,0;0,0;1053,53;0,0;1010,0;3359,71;General Shopper
C002049;Cliente 2049;28,0;1812,53;Quito;Affluent;98394,43000000001;2800,0;3;0,0;65,46;143,57;0,0;0,0;0,0;0,0;52,519999999999996;0,0;119,02;138,96;519,53;General Shopper
C002050;Cliente 2050;40,0;592,55;Ambato;Mass;19988,93;900,0;3;58,74;43,83;0,0;76,87;0,0;0,0;21,26;19,34;0,0;232,29;0,0;452,33;Tech Lover
C002051;Cliente 2051;22,0;3720,24;Quito;Premium;47366,909999999996;0,0;3;0,0;0,0;0,0;0,0;0,0;0,0;0,0;0,0;0,0;0,0;0,0;0,0;Sin Consumo
C002052;Cliente 2052;55,0;2657,23;Cuenca;Pyme;13499,31;5300,0;2;175,92;267,11;263,55;326,36;57,91;0,0;0,0;66,89;396,62;88,11;0,0;1642,47;General Shopper
C002053;Cliente 2053;46,0;1759,7;Quito;Affluent;108204,84;4500,0;3;0,0;275,4;177,76;0,0;0,0;0,0;686,95;52,92;0,0;251,25;0,0;1444,28;General Shopper
C002054;Cliente 2054;56,0;778,43;Cuenca;Mass;101239,15;900,0;2;0,0;20,56;0,0;19,66;48,89;0,0;0,0;71,8;400,50999999999993;0,0;28,1;589,52;General Shopper
C002055;Cliente 2055;45,0;5689,03;Guayaquil;Premium;86870,06;14600,0;3;0,0;628,76;0,0;188,9;1146,01;0,0;434,63;0,0;0,0;0,0;296,59;2694,89;General Shopper
C002056;Cliente 2056;29,0;1113,41;Guayaquil;Mass;4672,76;2700,0;2;0,0;119,34;33,52;0,0;0,0;0,0;0,0;322,79;0,0;219,53;0,0;695,1800000000001;General Shopper
C002057;Cliente 2057;39,0;1007,56;Loja;Mass;75615,48;0,0;1;0,0;0,0;0,0;0,0;0,0;0,0;0,0;0,0;0,0;0,0;0,0;0,0;Sin Consumo
C002058;Cliente 2058;64,0;4964,99;Loja;Pyme;28551,38;12700,0;2;0,0;491,08;425,84000000000003;0,0;260,55;0,0;775,69;385,95;889,74;0,0;626,23;3855,0800000000004;General Shopper
C002059;Cliente 2059;59,0;514,32;Quito;Mass;14194,54;1500,0;3;0,0;5,96;26,29;0,0;0,0;0,0;0,0;0,0;36,53;63,87;73,83;206,48000000000002;General Shopper
C002060;Cliente 2060;36,0;671,64;Quito;Mass;91319,45999999999;700,0;3;0,0;15,55;34,01;35,49;52,13;0,0;0,0;0,0;0,0;299,69;0,0;436,87;Tech Lover
C002061;Cliente 2061;45,0;1212,68;Quito;Mass;17880,93;2500,0;3;0,0;0,0;290,8;0,0;0,0;0,0;0,0;0,0;136,39000000000001;0,0;22,85;450,0400000000001;Food Lover
C002062;Cliente 2062;49,0;5442,09;Guayaquil;Premium;12984,85;0,0;1;0,0;0,0;0,0;0,0;0,0;0,0;0,0;0,0;0,0;0,0;0,0;0,0;Sin Consumo
C002063;Cliente 2063;31,0;1283,26;Guayaquil;Mass;89529,21;0,0;4;0,0;0,0;0,0;0,0;0,0;0,0;0,0;0,0;0,0;0,0;0,0;0,0;Sin Consumo
C002064;Cliente 2064;54,0;814,5;Manta;Mass;531,62;1500,0;1;27,26;0,0;62,2;0,0;7,49;0,0;33,25;0,0;1146,04;165,49;0,0;1441,73;General Shopper
C002065;Cliente 2065;28,0;1069,4;Quito;Mass;95021,20999999999;2600,0;2;24,28;140,19;243,81;218,38;99,11;0,0;15,09;50,96;177,51;0,0;33,08;1002,41;General Shopper
C002066;Cliente 2066;31,0;465,61;Manta;Mass;106831,09999999999;1300,0;4;0,0;0,0;22,77;0,0;0,0;0,0;0,0;3,85;0,0;298,4;46,4;371,41999999999996;Tech Lover
C002067;Cliente 2067;38,0;1969,3;Ambato;Pyme;10291,11;5900,0;3;0,0;89,21;0,0;263,99;0,0;0,0;0,0;0,0;0,0;431,17;374,35;1158,72;General Shopper
C002068;Cliente 2068;38,0;1288,45;Guayaquil;Affluent;4803,2;2600,0;2;0,0;97,15;153,13;94,86;92,77;0,0;0,0;0,0;81,53;43,97;460,85;1024,2600000000002;General Shopper
C002069;Cliente 2069;40,0;961,79;Manta;Mass;372,49;0,0;1;0,0;0,0;0,0;0,0;0,0;0,0;0,0;0,0;0,0;0,0;0,0;0,0;Sin Consumo
C002070;Cliente 2070;62,0;597,28;Cuenca;Mass;6872,92;1100,0;3;0,0;42,13;62,08;46,52;0,0;0,0;40,33;0,0;22,77;0,0;167,35999999999999;381,18999999999994;General Shopper
C002071;Cliente 2071;39,0;3770,29;Quito;Pyme;12659,37;0,0;1;0,0;0,0;0,0;0,0;0,0;0,0;0,0;0,0;0,0;0,0;0,0;0,0;Sin Consumo
C002072;Cliente 2072;47,0;2994,21;Guayaquil;Premium;1831,89;0,0;1;0,0;0,0;0,0;0,0;0,0;0,0;0,0;0,0;0,0;0,0;0,0;0,0;Sin Consumo
C002073;Cliente 2073;43,0;1307,53;Manta;Mass;3623,74;2100,0;2;0,0;0,0;0,0;0,0;72,39;0,0;0,0;147,38;223,36;22,51;0,0;465,64;General Shopper
C002074;Cliente 2074;40,0;2255,06;Cuenca;Affluent;148243,3;4500,0;4;0,0;0,0;309,55;0,0;55,49;0,0;0,0;0,0;0,0;0,0;60,79;425,83000000000004;Food Lover
C002075;Cliente 2075;34,0;1689,56;Guayaquil;Affluent;24391,15;4800,0;3;0,0;128,87;109,86;157,49;0,0;0,0;0,0;0,0;303,78;0,0;0,0;700,0;General Shopper
C002076;Cliente 2076;58,0;2046,2;Ambato;Affluent;1111,21;2300,0;1;0,0;0,0;489,15;0,0;0,0;0,0;0,0;0,0;203,19;152,39;0,0;844,7299999999999;Food Lover
C002077;Cliente 2077;31,0;710,15;Guayaquil;Mass;86585,88999999998;1600,0;3;0,0;0,0;0,0;43,84;91,26;0,0;0,0;0,0;16,8;41,0;0,0;192,9;General Shopper
C002078;Cliente 2078;37,0;1083,17;Quito;Mass;23880,539999999997;2100,0;3;0,0;84,36;0,0;0,0;0,0;0,0;0,0;80,52;0,0;151,51000000000002;0,0;316,39;General Shopper
C002079;Cliente 2079;37,0;1452,04;Quito;Affluent;103942,26;3300,0;2;0,0;50,14;128,12;60,46;0,0;0,0;0,0;60,97;219,89000000000001;0,0;100,62;620,2;General Shopper
C002080;Cliente 2080;30,0;913,43;Quito;Mass;524,61;1300,0;1;67,43;32,56;0,0;0,0;0,0;0,0;509,72;0,0;70,56;67,31;28,74;776,3199999999999;General Shopper
C002081;Cliente 2081;37,0;2346,3;Guayaquil;Pyme;3735,8199999999997;4600,0;2;748,38;0,0;117,72;0,0;241,05;0,0;64,05;0,0;0,0;1504,03;24,36;2699,59;Tech Lover
C002082;Cliente 2082;36,0;565,91;Loja;Mass;6198,96;1000,0;3;0,0;0,0;0,0;0,0;80,14;0,0;87,82;17,32;0,0;90,73;0,0;276,01;General Shopper
C002083;Cliente 2083;18,0;4060,33;Quito;Pyme;10595,91;11600,0;2;628,35;0,0;0,0;0,0;186,36;0,0;0,0;0,0;769,6700000000001;0,0;84,26;1668,64;General Shopper
C002084;Cliente 2084;25,0;637,12;Loja;Mass;35149,87;1600,0;3;0,0;0,0;0,0;0,0;99,16000000000001;0,0;0,0;62,64;12,83;0,0;27,69;202,32;General Shopper
C002085;Cliente 2085;33,0;2232,71;Guayaquil;Affluent;79467,20999999999;0,0;2;0,0;0,0;0,0;0,0;0,0;0,0;0,0;0,0;0,0;0,0;0,0;0,0;Sin Consumo
C002086;Cliente 2086;42,0;657,01;Ambato;Mass;11525,12;0,0;1;0,0;0,0;0,0;0,0;0,0;0,0;0,0;0,0;0,0;0,0;0,0;0,0;Sin Consumo
C002087;Cliente 2087;43,0;1552,37;Guayaquil;Mass;84128,34000000001;1700,0;2;0,0;122,15;21,73;61,73;0,0;0,0;75,11;704,89;230,92000000000002;0,0;0,0;1216,53;Streaming Lover
C002088;Cliente 2088;62,0;5256,47;Quito;Premium;85148,58;9100,0;2;0,0;0,0;327,79;0,0;1673,04;0,0;0,0;228,91;409,51;626,2199999999999;0,0;3265,47;General Shopper
C002089;Cliente 2089;49,0;1784,84;Cuenca;Affluent;24162,54;0,0;2;0,0;0,0;0,0;0,0;0,0;0,0;0,0;0,0;0,0;0,0;0,0;0,0;Sin Consumo
C002090;Cliente 2090;41,0;612,33;Guayaquil;Mass;3177,4;1800,0;2;0,0;120,29;66,47;91,80000000000001;102,25;0,0;0,0;0,0;61,22;0,0;24,97;467,0;General Shopper
C002091;Cliente 2091;43,0;676,82;Guayaquil;Mass;18588,08;1900,0;2;0,0;0,0;0,0;40,65;0,0;0,0;0,0;59,269999999999996;50,94;0,0;8,43;159,29;General Shopper
C002092;Cliente 2092;23,0;778,29;Manta;Mass;2748,2;1600,0;2;0,0;0,0;43,42;0,0;0,0;0,0;0,0;23,75;26,47;228,76;0,0;322,4;Tech Lover
C002093;Cliente 2093;30,0;1882,98;Quito;Affluent;81335,37000000001;4400,0;3;0,0;0,0;0,0;556,44;239,79999999999998;0,0;68,47;0,0;0,0;358,51;517,13;1740,35;General Shopper
C002094;Cliente 2094;31,0;1238,08;Cuenca;Mass;62816,78;2900,0;3;135,88;111,07;0,0;0,0;0,0;0,0;0,0;234,44;0,0;683,89;0,0;1165,28;Tech Lover
C002095;Cliente 2095;41,0;2281,81;Guayaquil;Premium;47847,92;0,0;2;0,0;0,0;0,0;0,0;0,0;0,0;0,0;0,0;0,0;0,0;0,0;0,0;Sin Consumo
C002096;Cliente 2096;54,0;1265,15;Cuenca;Mass;6203,27;0,0;1;0,0;0,0;0,0;0,0;0,0;0,0;0,0;0,0;0,0;0,0;0,0;0,0;Sin Consumo
C002097;Cliente 2097;52,0;1556,21;Guayaquil;Mass;46994,090000000004;2200,0;3;0,0;141,38;516,8299999999999;0,0;0,0;0,0;505,57000000000005;127,30000000000001;459,87;165,05;59,04;1975,0400000000002;General Shopper
C002098;Cliente 2098;40,0;1622,23;Cuenca;Mass;102782,33;2400,0;2;0,0;25,59;266,28;0,0;0,0;0,0;0,0;328,90000000000003;197,23;255,5;0,0;1073,5;General Shopper
C002099;Cliente 2099;26,0;2147,6;Quito;Affluent;8402,22;0,0;1;0,0;0,0;0,0;0,0;0,0;0,0;0,0;0,0;0,0;0,0;0,0;0,0;Sin Consumo
C002100;Cliente 2100;57,0;1282,6;Quito;Mass;509,71;2200,0;1;90,89;0,0;0,0;0,0;107,92;0,0;0,0;0,0;55,56;30,51;110,34;395,22;General Shopper
C002101;Cliente 2101;30,0;944,02;Guayaquil;Mass;95424,67;2000,0;3;25,59;0,0;168,44;105,63;24,75;0,0;172,99;195,17;118,91;0,0;33,58;845,0600000000001;General Shopper
C002102;Cliente 2102;55,0;797,92;Guayaquil;Mass;51742,32;0,0;1;0,0;0,0;0,0;0,0;0,0;0,0;0,0;0,0;0,0;0,0;0,0;0,0;Sin Consumo
C002103;Cliente 2103;37,0;2223,2;Cuenca;Affluent;3205,55;0,0;1;0,0;0,0;0,0;0,0;0,0;0,0;0,0;0,0;0,0;0,0;0,0;0,0;Sin Consumo
C002104;Cliente 2104;38,0;3614,19;Manta;Affluent;84499,0;6400,0;4;283,56;146,41;667,51;0,0;0,0;0,0;1586,49;0,0;100,66;990,23;79,01;3853,8700000000003;General Shopper
C002105;Cliente 2105;26,0;3953,28;Quito;Premium;92051,5;5500,0;4;110,57;0,0;434,58;0,0;0,0;0,0;277,13;78,45;493,89;288,31;264,64;1947,5699999999997;General Shopper
C002106;Cliente 2106;41,0;3169,37;Loja;Pyme;28929,59;9200,0;3;0,0;92,1;95,69;0,0;0,0;0,0;600,3;0,0;291,05;0,0;0,0;1079,1399999999999;General Shopper
C002107;Cliente 2107;41,0;803,69;Guayaquil;Mass;11784,9;1600,0;2;0,0;92,51;0,0;0,0;0,0;0,0;0,0;155,83;0,0;0,0;0,0;248,34000000000003;Streaming Lover
C002108;Cliente 2108;30,0;662,41;Loja;Mass;50819,83;0,0;2;0,0;0,0;0,0;0,0;0,0;0,0;0,0;0,0;0,0;0,0;0,0;0,0;Sin Consumo
C002109;Cliente 2109;35,0;1193,12;Guayaquil;Mass;57646,09;0,0;2;0,0;0,0;0,0;0,0;0,0;0,0;0,0;0,0;0,0;0,0;0,0;0,0;Sin Consumo
C002110;Cliente 2110;26,0;1730,0;Loja;Affluent;24898,63;0,0;1;0,0;0,0;0,0;0,0;0,0;0,0;0,0;0,0;0,0;0,0;0,0;0,0;Sin Consumo
C002111;Cliente 2111;42,0;3325,71;Guayaquil;Premium;1006,41;5000,0;1;0,0;0,0;187,72;244,8;0,0;0,0;244,88;269,68;383,1;0,0;0,0;1330,1799999999998;General Shopper
C002112;Cliente 2112;43,0;945,21;Quito;Mass;16951,09;2700,0;2;0,0;46,16;0,0;0,0;0,0;0,0;17,49;212,17;0,0;127,84;0,0;403,65999999999997;Streaming Lover
C002113;Cliente 2113;42,0;2592,0;Guayaquil;Pyme;73505,6;7600,0;3;61,24;0,0;0,0;375,05;403,75;0,0;0,0;0,0;1722,65;149,74;0,0;2712,4300000000003;General Shopper
C002114;Cliente 2114;28,0;588,17;Guayaquil;Mass;0,0;1500,0;1;0,0;69,96;52,16;0,0;21,2;0,0;14,88;155,0;169,52;104,58;0,0;587,3;General Shopper
C002115;Cliente 2115;18,0;703,16;Guayaquil;Joven;5395,22;1000,0;4;0,0;0,0;16,12;0,0;101,84;0,0;0,0;0,0;265,1;77,52;69,44;530,02;General Shopper
C002116;Cliente 2116;30,0;4839,2;Guayaquil;Pyme;79454,77;9700,0;2;48,12;342,28999999999996;334,46000000000004;1092,8400000000001;103,2;0,0;0,0;0,0;0,0;0,0;0,0;1920,91;General Shopper
C002117;Cliente 2117;18,0;3367,17;Cuenca;Pyme;35586,31;0,0;2;0,0;0,0;0,0;0,0;0,0;0,0;0,0;0,0;0,0;0,0;0,0;0,0;Sin Consumo
C002118;Cliente 2118;30,0;666,41;Cuenca;Mass;7341,54;1600,0;3;0,0;356,51;0,0;0,0;34,35;0,0;49,33;0,0;0,0;0,0;0,0;440,19;General Shopper
C002119;Cliente 2119;55,0;895,5;Ambato;Mass;115965,83;2600,0;4;0,0;151,73;44,12;0,0;0,0;0,0;144,55;242,06;0,0;192,04;0,0;774,5;General Shopper
C002120;Cliente 2120;66,0;1093,13;Manta;Mass;8583,38;2100,0;3;0,0;0,0;707,46;32,97;0,0;0,0;0,0;62,52;132,54000000000002;0,0;337,21000000000004;1272,7000000000003;Food Lover
C002121;Cliente 2121;54,0;1593,0;Quito;Mass;5280,16;4300,0;2;0,0;0,0;0,0;0,0;46,89;0,0;0,0;91,12;0,0;59,37;28,55;225,93;General Shopper
C002122;Cliente 2122;18,0;1380,06;Ambato;Affluent;19182,51;2000,0;2;41,92;0,0;147,13;0,0;225,84;0,0;0,0;96,17;97,07;0,0;88,49;696,6200000000001;General Shopper
C002123;Cliente 2123;35,0;714,52;Quito;Mass;22443,91;0,0;2;0,0;0,0;0,0;0,0;0,0;0,0;0,0;0,0;0,0;0,0;0,0;0,0;Sin Consumo
C002124;Cliente 2124;29,0;703,08;Guayaquil;Joven;33813,280000000006;1000,0;2;102,69;0,0;0,0;0,0;0,0;0,0;0,0;118,66;0,0;40,21;142,02;403,58000000000004;General Shopper
C002125;Cliente 2125;40,0;2420,55;Manta;Pyme;94370,14;0,0;3;0,0;0,0;0,0;0,0;0,0;0,0;0,0;0,0;0,0;0,0;0,0;0,0;Sin Consumo
C002126;Cliente 2126;31,0;2710,74;Guayaquil;Affluent;102003,12;7800,0;4;0,0;160,59;0,0;0,0;0,0;0,0;528,78;0,0;0,0;0,0;0,0;689,37;General Shopper
C002127;Cliente 2127;51,0;2537,48;Ambato;Affluent;9664,01;5500,0;2;24,52;0,0;0,0;0,0;116,52;0,0;0,0;19,78;0,0;858,35;0,0;1019,1700000000001;Tech Lover
C002128;Cliente 2128;39,0;2603,11;Guayaquil;Affluent;27425,35;0,0;2;0,0;0,0;0,0;0,0;0,0;0,0;0,0;0,0;0,0;0,0;0,0;0,0;Sin Consumo
C002129;Cliente 2129;18,0;1380,28;Quito;Mass;5138,84;0,0;1;0,0;0,0;0,0;0,0;0,0;0,0;0,0;0,0;0,0;0,0;0,0;0,0;Sin Consumo
C002130;Cliente 2130;44,0;2515,12;Quito;Affluent;15853,72;0,0;1;0,0;0,0;0,0;0,0;0,0;0,0;0,0;0,0;0,0;0,0;0,0;0,0;Sin Consumo
C002131;Cliente 2131;34,0;4362,12;Manta;Premium;28405,84;7000,0;3;0,0;968,39;131,45;370,23;0,0;0,0;183,09;0,0;718,6700000000001;266,27;0,0;2638,1;General Shopper
C002132;Cliente 2132;25,0;2473,72;Quito;Mass;7156,2;6700,0;3;41,54;0,0;147,82;0,0;0,0;0,0;0,0;0,0;399,83;953,3700000000001;989,8;2532,3599999999997;General Shopper
C002133;Cliente 2133;37,0;1578,64;Guayaquil;Affluent;65892,86;2700,0;3;0,0;0,0;0,0;0,0;72,62;0,0;0,0;0,0;385,05;88,85;181,03;727,55;General Shopper
C002134;Cliente 2134;44,0;2000,48;Guayaquil;Mass;5206,82;3100,0;2;102,75;0,0;0,0;0,0;0,0;0,0;0,0;0,0;160,79000000000002;0,0;49,54;313,08000000000004;General Shopper
C002135;Cliente 2135;56,0;1645,61;Quito;Affluent;25440,68;2100,0;4;0,0;144,93;410,16999999999996;325,77;54,89;0,0;83,01;0,0;183,64;0,0;76,96;1279,37;General Shopper
C002136;Cliente 2136;44,0;891,02;Quito;Mass;77243,71;1100,0;2;171,54;0,0;101,29;47,36;0,0;0,0;59,46;124,2;87,65;0,0;0,0;591,5;General Shopper
C002137;Cliente 2137;49,0;2666,75;Quito;Affluent;111651,91;7000,0;3;0,0;0,0;396,47;0,0;921,63;0,0;188,42;0,0;958,77;0,0;63,66;2528,95;General Shopper
C002138;Cliente 2138;25,0;1093,98;Quito;Mass;6297,73;2200,0;2;0,0;121,44;438,02;58,15;0,0;0,0;592,45;0,0;185,60000000000002;0,0;98,97;1494,6299999999999;General Shopper
C002139;Cliente 2139;52,0;547,66;Quito;Mass;73285,6;1400,0;3;0,0;34,57;13,23;0,0;0,0;0,0;20,84;48,9;0,0;50,75;0,0;168,29;General Shopper
C002140;Cliente 2140;36,0;3289,15;Guayaquil;Affluent;13970,32;0,0;1;0,0;0,0;0,0;0,0;0,0;0,0;0,0;0,0;0,0;0,0;0,0;0,0;Sin Consumo
C002141;Cliente 2141;43,0;7267,33;Ambato;Premium;82799,0;17900,0;4;0,0;0,0;1640,52;0,0;0,0;0,0;0,0;0,0;576,04;213,15;0,0;2429,71;Food Lover
C002142;Cliente 2142;33,0;740,74;Quito;Mass;5774,04;1400,0;2;0,0;0,0;61,91;0,0;0,0;0,0;146,38;0,0;33,57;0,0;13,04;254,89999999999998;General Shopper
C002143;Cliente 2143;48,0;1081,95;Quito;Mass;0,0;0,0;1;0,0;0,0;0,0;0,0;0,0;0,0;0,0;0,0;0,0;0,0;0,0;0,0;Sin Consumo
C002144;Cliente 2144;55,0;1257,71;Cuenca;Mass;6916,7699999999995;3700,0;3;0,0;60,69;236,58;147,47;125,9;0,0;19,75;0,0;71,2;184,98;0,0;846,57;General Shopper
C002145;Cliente 2145;28,0;4751,29;Quito;Affluent;23429,03;13200,0;3;332,46000000000004;0,0;0,0;0,0;0,0;0,0;0,0;0,0;1482,71;334,67;0,0;2149,84;General Shopper
C002146;Cliente 2146;50,0;845,49;Quito;Mass;552,32;1500,0;2;149,41;30,78;79,84;0,0;109,22;0,0;0,0;0,0;91,28999999999999;50,91;279,65;791,0999999999999;General Shopper
C002147;Cliente 2147;25,0;704,22;Quito;Mass;82989,28;0,0;3;0,0;0,0;0,0;0,0;0,0;0,0;0,0;0,0;0,0;0,0;0,0;0,0;Sin Consumo
C002148;Cliente 2148;35,0;1708,97;Cuenca;Mass;61207,58;2500,0;2;34,35;0,0;90,08;0,0;0,0;0,0;42,72;0,0;132,19;0,0;144,07;443,41;General Shopper
C002149;Cliente 2149;27,0;485,21;Guayaquil;Joven;2142,71;0,0;2;0,0;0,0;0,0;0,0;0,0;0,0;0,0;0,0;0,0;0,0;0,0;0,0;Sin Consumo
C002150;Cliente 2150;34,0;1421,96;Quito;Mass;111728,37999999999;2800,0;2;0,0;0,0;90,94;0,0;0,0;0,0;391,52;0,0;26,76;170,92;76,72;756,86;General Shopper
C002151;Cliente 2151;68,0;3976,36;Cuenca;Premium;9434,07;11600,0;2;0,0;0,0;177,48;351,72;0,0;0,0;199,84;1324,68;910,78;576,83;414,04;3955,37;General Shopper
C002152;Cliente 2152;24,0;898,97;Quito;Mass;40068,99;0,0;3;0,0;0,0;0,0;0,0;0,0;0,0;0,0;0,0;0,0;0,0;0,0;0,0;Sin Consumo
C002153;Cliente 2153;32,0;1371,74;Quito;Pyme;42090,200000000004;4000,0;3;486,59;148,44;0,0;0,0;463,36;0,0;32,02;0,0;0,0;251,06;0,0;1381,4699999999998;General Shopper
C002154;Cliente 2154;29,0;3785,79;Guayaquil;Affluent;67851,73999999999;7200,0;4;0,0;104,72;647,54;287,05;0,0;0,0;1483,2;0,0;644,4300000000001;0,0;407,85;3574,79;General Shopper
C002155;Cliente 2155;35,0;2157,22;Quito;Affluent;11106,83;0,0;1;0,0;0,0;0,0;0,0;0,0;0,0;0,0;0,0;0,0;0,0;0,0;0,0;Sin Consumo
C002156;Cliente 2156;60,0;1156,19;Guayaquil;Mass;30849,28;0,0;2;0,0;0,0;0,0;0,0;0,0;0,0;0,0;0,0;0,0;0,0;0,0;0,0;Sin Consumo
C002157;Cliente 2157;22,0;2194,82;Quito;Affluent;14293,7;5800,0;2;0,0;137,69;0,0;615,8;0,0;0,0;0,0;100,96;830,24;45,86;0,0;1730,55;General Shopper
C002158;Cliente 2158;18,0;505,7;Manta;Mass;21084,45;1300,0;2;46,51;0,0;0,0;29,89;45,73;0,0;0,0;0,0;38,47;0,0;7,45;168,04999999999998;General Shopper
C002159;Cliente 2159;37,0;960,42;Cuenca;Mass;7315,41;2800,0;2;0,0;303,01;0,0;0,0;0,0;0,0;271,85;215,14;312,44;0,0;0,0;1102,44;General Shopper
C002160;Cliente 2160;18,0;3836,13;Guayaquil;Affluent;12067,29;11100,0;2;0,0;503,89;335,42;134,61;303,39;0,0;0,0;366,46;274,17;28,83;0,0;1946,77;General Shopper
C002161;Cliente 2161;39,0;712,66;Guayaquil;Mass;1709,96;900,0;2;47,13;38,82;37,22;128,56;0,0;0,0;0,0;174,84;132,74;96,42;8,4;664,13;General Shopper
C002162;Cliente 2162;55,0;3623,87;Guayaquil;Premium;6487,51;4900,0;2;0,0;224,08999999999997;0,0;0,0;0,0;0,0;167,92;0,0;121,01;168,21;0,0;681,23;General Shopper
C002163;Cliente 2163;38,0;3717,22;Quito;Premium;34577,270000000004;4900,0;3;0,0;431,17;264,91999999999996;0,0;0,0;0,0;0,0;0,0;0,0;783,21;732,48;2211,7799999999997;General Shopper
C002164;Cliente 2164;27,0;7229,81;Guayaquil;Pyme;6309,49;12900,0;2;297,9;0,0;0,0;0,0;302,17;0,0;0,0;0,0;0,0;221,82999999999998;0,0;821,8999999999999;General Shopper
C002165;Cliente 2165;40,0;3598,71;Quito;Pyme;50916,83;10600,0;3;0,0;1480,01;110,97;0,0;157,95;0,0;0,0;1055,69;0,0;55,25;0,0;2859,87;General Shopper
C002166;Cliente 2166;51,0;1061,75;Quito;Mass;18052,629999999997;3100,0;2;56,7;0,0;0,0;0,0;34,07;0,0;0,0;0,0;28,03;82,21;0,0;201,01;General Shopper
C002167;Cliente 2167;41,0;1171,49;Guayaquil;Mass;1726,44;2100,0;2;271,33;34,66;225,83;48,8;0,0;0,0;136,73;54,62;109,41;94,59;8,6;984,57;General Shopper
C002168;Cliente 2168;47,0;3244,8;Quito;Pyme;28242,55;7100,0;2;380,92;0,0;0,0;1093,88;58,97;0,0;0,0;0,0;1824,49;0,0;0,0;3358,26;General Shopper
C002169;Cliente 2169;57,0;878,34;Guayaquil;Mass;6618,74;2600,0;3;0,0;0,0;220,54;0,0;0,0;0,0;0,0;10,49;0,0;39,910000000000004;120,55;391,49;Food Lover
C002170;Cliente 2170;32,0;783,86;Guayaquil;Joven;4999,76;1700,0;3;132,88;15,14;0,0;256,90999999999997;80,13;0,0;106,09;253,17;192,09;28,36;0,0;1064,7699999999998;General Shopper
C002171;Cliente 2171;23,0;1159,3;Guayaquil;Mass;5791,39;2500,0;2;0,0;180,69;0,0;0,0;0,0;0,0;0,0;0,0;0,0;19,7;316,71000000000004;517,1;Travel Lover
C002172;Cliente 2172;18,0;1832,64;Ambato;Mass;29813,079999999998;2500,0;4;0,0;0,0;44,81;0,0;33,85;0,0;0,0;0,0;0,0;71,43;784,23;934,32;Travel Lover
C002173;Cliente 2173;33,0;1134,65;Quito;Mass;5140,84;2700,0;2;177,35;0,0;43,02;48,07;0,0;0,0;83,44;0,0;82,59;0,0;49,11;483,58000000000004;General Shopper
C002174;Cliente 2174;26,0;380,86;Guayaquil;Mass;6919,1;1000,0;3;0,0;0,0;0,0;0,0;0,0;0,0;42,02;0,0;84,47;37,11;63,61;227,21000000000004;General Shopper
C002175;Cliente 2175;33,0;1147,02;Manta;Mass;23116,84;2700,0;3;0,0;0,0;606,89;241,15;0,0;0,0;21,04;58,339999999999996;133,24;136,05;147,93;1344,6399999999999;General Shopper
C002176;Cliente 2176;36,0;506,4;Loja;Mass;36933,91;1300,0;2;62,17;0,0;0,0;0,0;0,0;0,0;40,83;0,0;0,0;56,29;24,56;183,85;General Shopper
C002177;Cliente 2177;34,0;952,78;Quito;Mass;26420,93;1700,0;3;0,0;107,41;0,0;0,0;0,0;0,0;26,77;43,14;0,0;57,18;0,0;234,5;General Shopper
C002178;Cliente 2178;27,0;960,95;Guayaquil;Mass;88218,67;1700,0;2;0,0;81,29;64,08;33,18;0,0;0,0;45,91;0,0;36,92;158,04;59,59;479,01;General Shopper
C002179;Cliente 2179;52,0;1010,75;Cuenca;Pyme;103627,04000000001;1700,0;3;0,0;208,45;148,73;0,0;34,879999999999995;0,0;0,0;0,0;32,39;0,0;155,53;579,9799999999999;General Shopper
C002180;Cliente 2180;44,0;405,37;Guayaquil;Mass;234,57;700,0;1;37,31;25,57;80,91;0,0;11,39;0,0;0,0;0,0;77,74000000000001;0,0;46,7;279,62;General Shopper
C002181;Cliente 2181;38,0;722,97;Quito;Mass;2466,85;2100,0;2;2,26;91,14;95,22;0,0;33,63;0,0;41,48;62,28;310,12;0,0;0,0;636,13;General Shopper
C002182;Cliente 2182;27,0;3440,92;Guayaquil;Affluent;29379,190000000002;9000,0;4;276,92;162,01;310,84;0,0;0,0;0,0;121,23;159,98000000000002;0,0;172,89;185,32999999999998;1389,1999999999998;General Shopper
C002183;Cliente 2183;29,0;3712,98;Manta;Premium;18065,620000000003;0,0;2;0,0;0,0;0,0;0,0;0,0;0,0;0,0;0,0;0,0;0,0;0,0;0,0;Sin Consumo
C002184;Cliente 2184;33,0;942,79;Loja;Mass;5840,74;0,0;1;0,0;0,0;0,0;0,0;0,0;0,0;0,0;0,0;0,0;0,0;0,0;0,0;Sin Consumo
C002185;Cliente 2185;47,0;3532,66;Quito;Premium;21562,920000000002;7700,0;3;85,14;0,0;674,3199999999999;0,0;252,37;0,0;0,0;526,8199999999999;311,52;0,0;720,13;2570,3;General Shopper
C002186;Cliente 2186;18,0;489,3;Guayaquil;Mass;2140,77;900,0;3;66,12;88,92999999999999;27,369999999999997;0,0;0,0;0,0;27,42;72,13;21,2;79,82;0,0;382,99;General Shopper
C002187;Cliente 2187;27,0;1058,88;Quito;Mass;77231,01000000001;2400,0;3;22,66;25,82;24,28;0,0;73,68;0,0;48,0;463,19;63,3;0,0;65,5;786,4300000000001;Streaming Lover
C002188;Cliente 2188;60,0;1919,32;Loja;Affluent;6749,89;2400,0;2;49,0;0,0;343,8;0,0;62,52;0,0;440,28;56,94;0,0;0,0;0,0;952,54;General Shopper
C002189;Cliente 2189;45,0;2494,8;Quito;Affluent;3614,07;6000,0;1;0,0;0,0;0,0;30,12;0,0;0,0;366,22;0,0;209,22;1282,67;0,0;1888,23;Tech Lover
C002190;Cliente 2190;38,0;1141,09;Quito;Mass;9767,29;2800,0;3;0,0;0,0;0,0;0,0;0,0;0,0;0,0;126,87;80,54;16,21;0,0;223,62000000000003;Streaming Lover
C002191;Cliente 2191;39,0;1997,48;Loja;Affluent;11493,61;4500,0;3;25,64;40,86;0,0;0,0;0,0;0,0;0,0;318,70000000000005;41,56;307,14;57,39;791,2900000000001;General Shopper
C002192;Cliente 2192;37,0;3727,98;Quito;Pyme;59314,38;8000,0;4;0,0;535,1899999999999;575,07;0,0;262,98;0,0;0,0;0,0;476,45;234,89999999999998;0,0;2084,59;General Shopper
C002193;Cliente 2193;46,0;2171,46;Quito;Affluent;3383,84;4700,0;2;145,19;0,0;67,87;0,0;265,32;0,0;286,82;0,0;330,15;334,23;0,0;1429,58;General Shopper
C002194;Cliente 2194;45,0;1102,46;Quito;Mass;4504,12;3000,0;2;26,89;0,0;152,23;48,53;0,0;0,0;150,15;17,3;0,0;0,0;0,0;395,1;General Shopper
C002195;Cliente 2195;58,0;695,15;Guayaquil;Mass;67998,85;2000,0;3;0,0;0,0;0,0;0,0;10,65;0,0;0,0;143,51;33,55;200,29;31,03;419,03;General Shopper
C002196;Cliente 2196;29,0;647,18;Ambato;Mass;1336,1;800,0;2;0,0;22,12;63,45;0,0;50,099999999999994;0,0;0,0;31,56;19,21;374,27;273,7;834,4100000000001;General Shopper
C002197;Cliente 2197;33,0;1383,72;Manta;Affluent;8680,02;0,0;1;0,0;0,0;0,0;0,0;0,0;0,0;0,0;0,0;0,0;0,0;0,0;0,0;Sin Consumo
C002198;Cliente 2198;31,0;1010,8;Quito;Mass;5771,54;1700,0;2;0,0;12,94;192,9;0,0;0,0;0,0;47,44;8,62;0,0;22,28;129,01;413,18999999999994;General Shopper
C002199;Cliente 2199;31,0;812,96;Quito;Joven;86491,88;1000,0;2;0,0;0,0;48,019999999999996;85,19;0,0;0,0;8,03;63,43;37,06;0,0;0,0;241,73;General Shopper
C002200;Cliente 2200;32,0;4968,54;Ambato;Premium;73113,34;9900,0;2;103,3;582,49;745,95;0,0;0,0;0,0;365,95;106,28;140,56;0,0;0,0;2044,53;General Shopper
